user_id,target_id,view_count,click_count,bookmark_flag,join_flag,submit_flag,last_interaction_at
U-0001,INV-350691,0,0,0,0,0,2026-03-24 05:54:53.744+00
U-0001,T-018,0,1,0,1,0,2026-03-24 09:07:36.823+00
U-0001,hack-9-1,3,13,1,1,1,2026-03-28 05:06:10.689+00
U-0001,fallback-team_create,0,0,0,0,0,2026-03-03 06:57:04.784+00
U-0001,T-026,0,4,0,1,0,2026-03-28 05:31:39.689+00
U-0001,/camp,0,0,0,0,0,2026-03-29 13:27:52.068128+00
U-0001,Team-U-0001-579,0,0,0,0,0,2026-03-28 03:13:20.789+00
U-0001,/team/T-006/manage,0,0,0,0,0,2026-03-28 12:41:53.367+00
U-0001,T-020,0,0,0,0,0,2026-02-27 21:44:24+00
U-0001,fallback-team_request_create,0,0,0,0,0,2026-03-17 14:36:58.87+00
U-0001,/team/T-001/manage,0,0,0,0,0,2026-03-28 05:08:19.685+00
U-0001,Disaster,0,0,0,0,0,2026-03-29 13:27:28.759973+00
U-0001,true,0,0,0,0,0,2026-03-24 04:26:30.872+00
U-0001,Cloud,0,0,0,0,0,2026-02-28 13:57:43.869+00
U-0001,chatbot,0,0,0,0,0,2026-03-29 13:26:00.932385+00
U-0001,hack-3,8,9,1,1,0,2026-03-25 14:46:40.542+00
U-0001,fallback-recommendation_impression,0,0,0,0,0,2026-03-28 11:04:07.388+00
U-0001,T-010,0,3,0,1,0,2026-03-22 10:56:05.378+00
U-0001,/submit/hack-7-1,0,0,0,0,0,2026-03-09 10:36:14.78+00
U-0001,user,0,0,0,0,0,2026-03-28 13:20:28.508+00
U-0001,chatbot_room,0,0,0,0,0,2026-03-28 08:10:30.406+00
U-0001,open,0,0,0,0,0,2026-03-25 12:24:45.209+00
U-0001,team,0,0,0,0,0,2026-03-24 09:06:51.823+00
U-0001,notification_panel,0,0,0,0,0,2026-03-18 14:08:40.331+00
U-0001,T-002,0,1,0,1,0,2026-03-28 13:01:08.423+00
U-0001,Team-U-0001-571,0,0,0,0,0,2026-03-28 13:02:58.423+00
U-0001,T-8022,0,0,0,0,0,2026-03-22 10:58:03.378+00
U-0001,T-7346,0,0,0,0,0,2026-03-10 09:59:53.351+00
U-0001,Data,0,0,0,0,0,2026-03-24 01:53:43.203+00
U-0001,fallback-card_click,0,0,0,0,0,2026-02-28 14:20:12.869+00
U-0001,/submit/hack-2-2,0,0,0,0,0,2026-03-07 09:19:34.795+00
U-0001,T-1425,0,0,0,0,0,2026-03-28 13:04:40.423+00
U-0001,T-007,0,0,0,1,0,2026-03-28 07:10:18.107+00
U-0001,T-011,0,1,0,0,0,2026-03-03 14:14:22.192+00
U-0001,T-005,0,3,0,1,0,2026-03-25 12:29:20.209+00
U-0001,INV-794524,0,0,0,0,0,2026-03-25 08:50:17.263+00
U-0001,hack-7,0,1,0,0,0,2026-03-18 13:09:41.348+00
U-0001,/team/T-026/manage,0,0,0,0,0,2026-03-24 10:45:26.049+00
U-0001,INV-705744,0,0,0,0,0,2026-03-19 11:32:12.831+00
U-0001,INV-834671,0,0,0,0,0,2026-03-08 03:44:01.283+00
U-0001,hack-5-2,3,4,1,0,0,2026-03-28 20:20:02.539+00
U-0001,hack-2,6,8,1,1,0,2026-03-26 03:43:28.773+00
U-0001,/team/T-016/manage,0,0,0,0,0,2026-03-23 13:54:11.08+00
U-0001,hack-2-1,1,1,0,0,0,2026-03-25 01:30:18.335+00
U-0001,INV-403984,0,0,0,0,0,2026-03-25 13:22:41.122+00
U-0001,/hackathons,0,0,0,0,0,2026-03-29 13:27:29.400677+00
U-0001,Team-U-0001-270,0,0,0,0,0,2026-03-22 10:57:25.378+00
U-0001,T-006,0,0,0,0,0,2026-03-28 12:43:46.367+00
U-0001,INV-201511,0,0,0,0,0,2026-03-09 01:33:38.667+00
U-0001,INV-911142,0,0,0,0,0,2026-03-09 09:58:58.662+00
U-0001,T-016,0,1,0,1,0,2026-03-23 13:58:47.08+00
U-0001,fallback-hackathon_view,0,0,0,0,0,2026-03-24 04:18:29.282+00
U-0001,hack-11,1,0,0,0,0,2026-03-28 13:21:00.508+00
U-0001,T-004,0,5,0,0,0,2026-03-22 10:39:42.378+00
U-0001,Team-U-0001-322,0,0,0,0,0,2026-03-17 02:26:49.295+00
U-0001,hack-6,8,9,1,1,0,2026-03-25 07:18:18.348+00
U-0001,hack-6-1,0,1,0,0,0,2026-03-28 11:02:54.388+00
U-0001,INV-473405,0,0,0,0,0,2026-03-26 12:15:03.334+00
U-0001,AI,0,0,0,0,0,2026-03-25 02:59:07.036+00
U-0001,hack-4,10,9,1,1,0,2026-03-25 01:24:13.335+00
U-0001,T-027,0,5,0,0,0,2026-03-09 02:25:29.586+00
U-0001,/submit/hack-5,0,0,0,0,0,2026-03-21 14:12:05.357+00
U-0001,T-013,0,2,0,0,0,2026-03-28 05:21:58.689+00
U-0001,INV-283148,0,0,0,0,0,2026-03-28 07:07:54.107+00
U-0001,INV-761924,0,0,0,0,0,2026-03-24 09:33:55.114+00
U-0001,T-030,0,1,0,1,0,2026-03-25 12:50:19.209+00
U-0001,hack-4-2,4,4,0,0,1,2026-03-28 03:01:14.789+00
U-0001,INV-372547,0,0,0,0,0,2026-03-17 08:37:40.112+00
U-0001,INV-109785,0,0,0,0,0,2026-03-07 10:16:26.368+00
U-0001,hack-5,5,8,0,0,1,2026-03-25 14:42:10.542+00
U-0001,T-019,0,2,0,1,0,2026-03-27 13:16:03.694+00
U-0001,T-6814,0,0,0,0,0,2026-03-17 02:27:06.295+00
U-0001,T-009,0,2,0,1,0,2026-03-27 05:20:34.485+00
U-0001,INV-719653,0,0,0,0,0,2026-03-18 14:08:22.331+00
U-0001,Team-U-0001-299,0,0,0,0,0,2026-03-10 09:59:48.351+00
U-0001,T-014,0,1,0,0,0,2026-03-19 06:42:40.063+00
U-0001,T-9770,0,0,0,0,0,2026-03-28 03:13:52.789+00
U-0001,hack-2-2,4,6,1,1,1,2026-03-27 12:54:29.694+00
U-0001,INV-673566,0,0,0,0,0,2026-03-19 06:28:03.403+00
U-0001,T-017,0,1,0,1,0,2026-03-24 09:07:14.823+00
U-0001,T-001,0,1,0,0,0,2026-03-28 05:11:41.685+00
U-0001,T-029,0,6,0,0,0,2026-03-27 12:59:18.694+00
U-0001,false,0,0,0,0,0,2026-03-28 11:01:11.388+00
U-0001,hack-12,0,1,0,0,0,2026-03-23 02:23:30.43+00
U-0001,hack-14,1,2,0,0,0,2026-03-28 11:03:41.388+00
U-0001,hack-13,2,2,1,0,0,2026-03-28 20:21:27.539+00
U-0001,/chat,0,0,0,0,0,2026-03-28 08:08:45.406+00
U-0001,hack-3-1,0,0,0,0,0,2026-03-28 13:21:49.508+00
U-0001,INV-221537,0,0,0,0,0,2026-03-18 12:43:55.805+00
U-0001,/matcher,0,0,0,0,0,2026-03-28 13:19:44.508+00
U-0001,hack-5-1,1,1,0,0,0,2026-03-22 10:48:32.83+00
U-0001,all,0,0,0,0,0,2026-03-29 13:27:52.074465+00
U-0001,hack-3-2,6,9,1,0,0,2026-03-28 12:50:56.423+00
U-0001,Team-U-0001-410,0,0,0,0,0,2026-03-20 10:54:17.855+00
U-0001,hackathons_list,0,0,0,0,0,2026-03-29 13:27:29.411921+00
U-0001,hack-7-1,3,6,1,0,0,2026-03-25 14:54:08.542+00
U-0001,T-028,0,2,0,0,0,2026-03-28 03:08:42.789+00
U-0001,hack-6-2,4,8,0,0,0,2026-03-26 03:51:39.773+00
U-0001,ongoing,0,0,0,0,0,2026-03-28 20:14:50.539+00
U-0001,ended,0,0,0,0,0,2026-03-23 08:06:53.714+00
U-0001,INV-469559,0,0,0,0,0,2026-03-04 11:15:51.892+00
U-0001,/profile/notifications,0,0,0,0,0,2026-03-28 07:06:07.107+00
U-0001,closed,0,0,0,0,0,2026-03-27 12:56:05.694+00
U-0001,T-003,0,2,0,1,0,2026-03-25 08:50:40.263+00
U-0001,T-012,0,3,0,1,0,2026-03-28 12:58:49.423+00
U-0001,T-015,0,1,0,1,0,2026-03-22 10:45:37.378+00
U-0001,hack-10-1,4,7,1,1,0,2026-03-28 10:59:44.388+00
U-0001,hack-15,3,3,0,0,0,2026-03-28 11:02:19.388+00
U-0001,hack-9,0,0,0,0,0,2026-03-28 13:21:42.508+00
U-0001,T-2748,0,0,0,0,0,2026-03-20 10:55:09.855+00
U-0001,INV-778813,0,0,0,0,0,2026-03-03 13:25:50.815+00
U-0001,T-008,0,0,0,0,0,2026-03-09 01:35:39.667+00
U-0001,hack-10,2,2,0,0,0,2026-03-16 21:52:15.717+00
U-0001,hack-8,2,2,0,0,0,2026-03-24 02:01:49.203+00
U-0001,hack-8-1,6,12,1,0,0,2026-03-26 12:42:40.272+00
U-0001,Web,0,0,0,0,0,2026-03-25 14:36:03.542+00
U-0002,/submit/hack-6-2,0,0,0,0,0,2026-03-17 14:56:13.02+00
U-0002,hack-2-2,2,2,0,0,0,2026-03-28 06:56:50.472+00
U-0002,T-016,0,1,0,0,0,2026-03-13 13:42:05.644+00
U-0002,false,0,0,0,0,0,2026-03-28 00:07:19.268+00
U-0002,chatbot_room,0,0,0,0,0,2026-03-26 12:53:56.706+00
U-0002,/matcher,0,0,0,0,0,2026-03-28 00:04:04.268+00
U-0002,T-010,0,0,0,0,0,2026-03-28 00:08:59.268+00
U-0002,Cloud,0,0,0,0,0,2026-03-22 18:06:56.492+00
U-0002,hack-8-1,6,6,0,0,1,2026-03-28 11:36:18.172+00
U-0002,hackathons_list,0,0,0,0,0,2026-03-29 09:38:48.199098+00
U-0002,T-019,0,0,0,0,0,2026-03-11 13:07:01.572+00
U-0002,user,0,0,0,0,0,2026-03-13 12:01:22.219+00
U-0002,T-008706,0,0,0,0,0,2026-03-29 09:53:29.334067+00
U-0002,/team/T-002/manage,0,0,0,0,0,2026-03-20 00:47:11.575+00
U-0002,Data,0,0,0,0,0,2026-03-16 05:53:33.414+00
U-0002,/camp,0,0,0,0,0,2026-03-29 09:55:53.785088+00
U-0002,hack-7-1,2,1,0,1,0,2026-03-16 06:09:31.414+00
U-0002,/team/T-007/manage,0,0,0,0,0,2026-03-29 09:53:06.267628+00
U-0002,hack-3-2,2,2,1,0,0,2026-03-26 01:51:57.801+00
U-0002,hack-5-2,5,5,1,1,0,2026-03-27 22:58:02.768+00
U-0002,all,0,0,0,0,0,2026-03-29 09:55:53.782753+00
U-0002,hack-9-1,3,3,1,0,0,2026-03-04 13:15:45.035+00
U-0002,hack-4-2,2,3,1,0,0,2026-03-28 07:08:02.472+00
U-0002,hack-2-1,0,1,0,0,0,2026-03-22 18:14:41.492+00
U-0002,hack-3,1,3,1,1,0,2026-03-26 14:57:27.777+00
U-0002,/chat,0,0,0,0,0,2026-03-26 12:52:54.706+00
U-0002,T-027,0,1,0,0,0,2026-03-26 14:59:59.999+00
U-0002,hack-15,1,1,0,0,0,2026-03-11 03:49:17.365+00
U-0002,hack-4,2,5,0,0,0,2026-03-26 11:08:15.411+00
U-0002,INV-572142,0,0,0,0,0,2026-03-02 10:58:20.147+00
U-0002,/profile/notifications,0,0,0,0,0,2026-03-20 09:49:17.516+00
U-0002,T-028,0,2,0,0,0,2026-03-26 11:21:54.411+00
U-0002,/camp/new,0,0,0,0,0,2026-03-29 09:53:26.023505+00
U-0002,T-011,0,1,0,1,0,2026-03-16 13:09:12.342+00
U-0002,T-026,0,0,0,0,0,2026-03-02 11:00:12.147+00
U-0002,hack-10-1,3,3,1,0,0,2026-03-26 09:47:15.413+00
U-0002,/team/T-027/manage,0,0,0,0,0,2026-03-29 09:53:08.31253+00
U-0002,T-007,0,1,0,0,0,2026-03-23 12:32:03.705+00
U-0002,hack-6-2,4,6,1,1,1,2026-03-28 06:53:13.472+00
U-0002,open,0,0,0,0,0,2026-03-27 22:57:22.768+00
U-0002,/team/T-017/manage,0,0,0,0,0,2026-03-29 10:00:12.229201+00
U-0002,AI,0,0,0,0,0,2026-03-22 22:57:46.898+00
U-0002,/submit/hack-8-1,0,0,0,0,0,2026-03-28 11:35:42.172+00
U-0002,ongoing,0,0,0,0,0,2026-03-28 10:07:40.84+00
U-0002,T-014,0,1,0,0,0,2026-03-28 04:53:51.128+00
U-0002,/hackathons,0,0,0,0,0,2026-03-29 09:38:48.234495+00
U-0002,Blockchain,0,0,0,0,0,2026-03-11 13:14:26.04+00
U-0002,T-030,0,1,0,0,0,2026-03-27 23:04:18.768+00
U-0002,hack-6,0,3,0,0,0,2026-03-28 07:01:33.472+00
U-0002,closed,0,0,0,0,0,2026-03-16 13:01:04.342+00
U-0002,ㄹㄹ,0,0,0,0,0,2026-03-29 09:53:28.728272+00
U-0002,T-029,0,8,0,1,0,2026-03-27 23:11:34.768+00
U-0002,T-001,0,1,0,0,0,2026-03-28 05:01:00.128+00
U-0002,hack-8,1,1,1,0,0,2026-03-11 13:27:25.04+00
U-0002,T-017,0,1,0,0,0,2026-03-27 23:18:18.768+00
U-0002,T-004,0,0,0,1,0,2026-03-02 10:59:30.147+00
U-0002,hack-5,1,1,0,0,0,2026-03-28 00:05:26.268+00
U-0002,T-006,0,1,0,1,0,2026-03-28 00:08:29.268+00
U-0002,ended,0,0,0,0,0,2026-03-11 13:13:41.04+00
U-0002,hack-2,3,3,0,0,0,2026-03-28 10:11:45.84+00
U-0002,team,0,0,0,0,0,2026-03-28 00:04:50.268+00
U-0002,T-020,0,2,0,0,0,2026-03-17 13:31:54.634+00
U-0003,/submit/hack-8-1,0,0,0,0,0,2026-03-13 23:36:43.774+00
U-0003,hack-9,1,3,0,0,0,2026-03-19 18:57:36.648+00
U-0003,hack-10,0,1,0,0,0,2026-03-17 10:32:39.727+00
U-0003,T-019,0,4,0,0,0,2026-03-23 07:09:44.876+00
U-0003,T-026,0,3,0,1,0,2026-03-27 08:46:35.733+00
U-0003,Cloud,0,0,0,0,0,2026-03-26 07:18:25.598+00
U-0003,hackathons_list,0,0,0,0,0,2026-03-27 10:21:23.754+00
U-0003,/team/T-028/manage,0,0,0,0,0,2026-03-28 10:55:51.194+00
U-0003,INV-315359,0,0,0,0,0,2026-03-12 03:59:12.309+00
U-0003,T-6358,0,0,0,0,0,2026-03-17 08:42:53.47+00
U-0003,hack-2,5,5,0,1,0,2026-03-27 08:12:39.733+00
U-0003,T-7368,0,0,0,0,0,2026-03-11 12:11:17.718+00
U-0003,Team-U-0003-355,0,0,0,0,0,2026-03-09 11:33:32.712+00
U-0003,T-029,0,0,0,0,0,2026-03-23 05:49:35.551+00
U-0003,fallback-card_click,0,0,0,0,0,2026-03-12 02:25:04.339+00
U-0003,/submit/hack-3,0,0,0,0,0,2026-03-18 11:10:38.352+00
U-0003,/team/T-008/manage,0,0,0,0,0,2026-03-23 07:25:51.767+00
U-0003,hack-4-1,1,3,1,0,0,2026-03-24 05:36:32.872+00
U-0003,fallback-chatbot_query,0,0,0,0,0,2026-03-09 12:19:55.782+00
U-0003,/hackathons,0,0,0,0,0,2026-03-27 10:20:24.754+00
U-0003,hack-15,0,1,0,0,0,2026-03-24 21:17:25.066+00
U-0003,T-1533,0,0,0,0,0,2026-03-27 09:16:52.165+00
U-0003,fallback-hackathon_view,0,0,0,0,0,2026-03-20 14:38:10.207+00
U-0003,/team/T-003/manage,0,0,0,0,0,2026-03-24 12:34:10.344+00
U-0003,ongoing,0,0,0,0,0,2026-03-27 10:20:34.754+00
U-0003,T-015,0,3,0,0,0,2026-03-27 09:14:04.165+00
U-0003,INV-348537,0,0,0,0,0,2026-03-26 13:17:01.018+00
U-0003,hack-13,1,1,0,0,0,2026-03-22 11:46:23.773+00
U-0003,hack-12,0,0,0,0,0,2026-03-26 09:01:59.292+00
U-0003,hack-5-1,1,2,0,0,0,2026-03-26 09:06:41.292+00
U-0003,hack-2-2,6,8,1,1,0,2026-03-26 11:08:06.78+00
U-0003,T-018,0,1,0,0,0,2026-03-25 17:52:07.717+00
U-0003,T-001,0,1,0,0,0,2026-03-23 05:47:57.551+00
U-0003,/submit/hack-11,0,0,0,0,0,2026-03-12 09:16:31.235+00
U-0003,hack-9-1,6,8,1,1,0,2026-03-26 03:47:57.593+00
U-0003,T-012,0,1,0,0,0,2026-03-23 07:20:32.876+00
U-0003,hack-11,0,0,0,0,1,2026-03-12 09:21:01.235+00
U-0003,INV-489408,0,0,0,0,0,2026-03-01 08:38:42.039+00
U-0003,hack-8,1,1,1,0,0,2026-03-16 02:14:57.411+00
U-0003,hack-6-2,6,9,1,0,0,2026-03-28 13:13:40.113+00
U-0003,T-009,0,1,0,0,0,2026-03-23 05:49:24.551+00
U-0003,hack-2-1,1,1,0,0,0,2026-03-17 14:32:33.282+00
U-0003,INV-859215,0,0,0,0,0,2026-03-25 07:06:39.088+00
U-0003,T-010,0,4,0,0,0,2026-03-26 16:35:51.303+00
U-0003,false,0,0,0,0,0,2026-03-09 14:10:05.879+00
U-0003,all,0,0,0,0,0,2026-03-28 13:14:29.113+00
U-0003,INV-440165,0,0,0,0,0,2026-03-28 14:32:43.507+00
U-0003,T-003,0,1,0,0,0,2026-03-26 16:23:23.303+00
U-0003,T-008,0,2,0,0,0,2026-03-28 13:34:15.113+00
U-0003,hack-3-2,8,12,0,1,0,2026-03-27 10:41:27.754+00
U-0003,user,0,0,0,0,0,2026-03-24 21:16:05.066+00
U-0003,/submit/hack-3-2,0,0,0,0,0,2026-03-17 10:56:28.319+00
U-0003,hack-10-1,6,11,1,0,0,2026-03-27 07:43:57.759+00
U-0003,Team-U-0003-563,0,0,0,0,0,2026-03-11 12:09:51.718+00
U-0003,T-004,0,0,0,0,0,2026-03-17 11:43:27.843+00
U-0003,Team-U-0003-627,0,0,0,0,0,2026-03-17 08:42:20.47+00
U-0003,T-028,0,8,0,0,0,2026-03-28 10:58:52.194+00
U-0003,INV-346017,0,0,0,0,0,2026-03-25 13:17:47.2+00
U-0003,T-011,0,2,0,0,0,2026-03-26 16:29:46.303+00
U-0003,/profile/notifications,0,0,0,0,0,2026-03-28 14:31:05.507+00
U-0003,hack-4,1,6,0,1,0,2026-03-26 09:12:11.292+00
U-0003,T-027,0,9,0,0,0,2026-03-26 11:47:11.78+00
U-0003,/team/T-018/manage,0,0,0,0,0,2026-03-24 13:11:29.888+00
U-0003,T-020,0,0,0,1,0,2026-03-16 07:19:16.595+00
U-0003,hack-3,7,10,0,1,0,2026-03-27 10:25:22.754+00
U-0003,hack-3-1,0,0,0,0,0,2026-03-27 09:00:39.165+00
U-0003,T-006,0,1,0,0,0,2026-03-23 07:06:00.876+00
U-0003,INV-502249,0,0,0,0,0,2026-03-12 04:19:13.39+00
U-0003,T-014,0,3,0,0,0,2026-03-23 08:51:19.687+00
U-0003,hack-7-1,7,10,0,1,1,2026-03-20 09:47:35.868+00
U-0003,/chat,0,0,0,0,0,2026-03-27 09:21:06.208+00
U-0003,/matcher,0,0,0,0,0,2026-03-26 10:09:24.603+00
U-0003,closed,0,0,0,0,0,2026-03-27 09:00:01.165+00
U-0003,Blockchain,0,0,0,0,0,2026-03-19 18:55:02.648+00
U-0003,hack-8-1,5,8,1,1,1,2026-03-26 07:29:38.598+00
U-0003,AI,0,0,0,0,0,2026-03-24 00:24:28.868+00
U-0003,/camp,0,0,0,0,0,2026-03-28 13:11:57.113+00
U-0003,T-013,0,1,0,0,0,2026-03-26 16:45:45.303+00
U-0003,T-030,0,3,0,0,0,2026-03-24 09:37:24.57+00
U-0003,T-9123,0,0,0,0,0,2026-03-09 11:35:26.712+00
U-0003,team,0,0,0,0,0,2026-03-26 10:10:00.603+00
U-0003,chatbot_room,0,0,0,0,0,2026-03-27 09:25:41.208+00
U-0003,hack-5-2,7,11,1,0,0,2026-03-27 10:32:04.754+00
U-0003,open,0,0,0,0,0,2026-03-18 05:24:04.374+00
U-0003,/submit/hack-7-1,0,0,0,0,0,2026-03-16 12:40:59.365+00
U-0003,hack-6,4,7,0,0,0,2026-03-27 07:51:25.759+00
U-0003,hack-6-1,1,1,0,0,0,2026-03-20 08:49:17.242+00
U-0003,hack-5,4,7,0,0,0,2026-03-27 10:35:00.754+00
U-0003,fallback-team_recruit_toggle,0,0,0,0,0,2026-03-18 03:52:19.47+00
U-0003,hack-4-2,5,8,1,1,0,2026-03-23 22:54:41.107+00
U-0003,T-005,0,1,0,1,0,2026-03-28 13:22:24.113+00
U-0003,Web,0,0,0,0,0,2026-03-27 07:39:03.759+00
U-0003,T-016,0,1,0,0,0,2026-03-26 11:18:56.78+00
U-0003,Data,0,0,0,0,0,2026-03-23 22:37:35.107+00
U-0003,INV-172273,0,0,0,0,0,2026-03-12 02:24:55.339+00
U-0003,ended,0,0,0,0,0,2026-03-26 07:18:09.598+00
U-0004,hack-5,6,9,0,1,1,2026-03-26 09:07:20.548+00
U-0004,hack-12,0,1,0,0,0,2026-03-27 13:09:32.488+00
U-0004,T-028,0,1,0,0,0,2026-03-28 04:36:24.163+00
U-0004,all,0,0,0,0,0,2026-03-29 10:26:07.723914+00
U-0004,hack-3-2,5,5,1,1,1,2026-03-28 16:12:41.156+00
U-0004,INV-403182,0,0,0,0,0,2026-03-15 14:50:25.123+00
U-0004,Web,0,0,0,0,0,2026-03-20 04:18:48.815+00
U-0004,hack-5-2,3,8,0,1,0,2026-03-27 13:12:02.488+00
U-0004,/profile/notifications,0,0,0,0,0,2026-03-28 17:12:02.541+00
U-0004,hack-9,0,0,0,0,1,2026-03-24 18:52:59.877+00
U-0004,T-003,0,3,0,0,0,2026-03-25 12:24:10.307+00
U-0004,hack-2-2,1,2,0,1,1,2026-03-28 19:34:57.856+00
U-0004,Blockchain,0,0,0,0,0,2026-03-12 16:11:25.752+00
U-0004,T-012,0,0,0,0,0,2026-03-20 22:38:16.569+00
U-0004,hack-10-1,3,7,1,0,0,2026-03-28 16:08:34.156+00
U-0004,/submit/hack-3-2,0,0,0,0,0,2026-03-25 13:07:37.849+00
U-0004,T-009,0,1,0,1,0,2026-03-28 13:07:15.258+00
U-0004,T-002,0,4,0,0,0,2026-03-18 09:58:48.042+00
U-0004,hack-3,9,10,1,1,0,2026-03-29 10:38:45.539796+00
U-0004,/submit/hack-8-1,0,0,0,0,0,2026-03-17 05:12:12.466+00
U-0004,/matcher,0,0,0,0,0,2026-03-28 19:34:25.856+00
U-0004,closed,0,0,0,0,0,2026-03-28 13:56:06.881+00
U-0004,user,0,0,0,0,0,2026-03-29 11:12:17.860902+00
U-0004,hack-3-1,2,2,0,0,0,2026-03-23 04:43:23.299+00
U-0004,T-008,0,1,0,1,0,2026-03-28 17:13:58.541+00
U-0004,fallback-team_member_kick,0,0,0,0,0,2026-03-05 08:24:53.781+00
U-0004,open,0,0,0,0,0,2026-03-25 09:17:11.346+00
U-0004,hack-4-2,4,5,0,0,0,2026-03-28 16:06:47.156+00
U-0004,hack-9-1,5,6,1,0,0,2026-03-28 04:27:02.163+00
U-0004,/submit/hack-7-1,0,0,0,0,0,2026-03-22 03:18:00.863+00
U-0004,hack-4,2,6,1,1,1,2026-03-29 10:29:23.617844+00
U-0004,hack-8-1,8,12,0,1,0,2026-03-27 13:10:36.488+00
U-0004,T-014,0,2,0,0,0,2026-03-28 14:08:41.881+00
U-0004,INV-650083,0,0,0,0,0,2026-03-21 13:46:08.776+00
U-0004,/submit/hack-4,0,0,0,0,0,2026-03-23 11:34:19.117+00
U-0004,hackathons_list,0,0,0,0,0,2026-03-29 12:57:55.469713+00
U-0004,fallback-recommendation_impression,0,0,0,0,0,2026-03-22 10:03:41.822+00
U-0004,T-019,0,1,0,0,0,2026-03-28 14:01:42.881+00
U-0004,chatbot,0,0,0,0,0,2026-03-29 13:20:20.329767+00
U-0004,T-526580,0,1,0,0,0,2026-03-29 11:11:20.536868+00
U-0004,hack-15,3,3,1,0,0,2026-03-26 14:38:46.513+00
U-0004,/team/T-009/manage,0,0,0,0,0,2026-03-28 11:00:26.281+00
U-0004,T-017,0,1,0,0,0,2026-03-19 14:58:14.583+00
U-0004,/hackathons,0,0,0,0,0,2026-03-29 12:57:55.505197+00
U-0004,T-010,0,3,0,0,0,2026-03-28 12:56:28.258+00
U-0004,T-020,0,2,0,0,0,2026-03-22 10:03:36.822+00
U-0004,chatbot_room,0,0,0,0,0,2026-03-27 12:04:37.351+00
U-0004,AI,0,0,0,0,0,2026-03-19 22:02:10.7+00
U-0004,T-8836,0,0,0,0,0,2026-03-07 04:52:29.601+00
U-0004,hack-6,3,6,1,0,1,2026-03-29 10:36:46.9088+00
U-0004,T-011,0,3,0,0,0,2026-03-27 14:59:59.999+00
U-0004,Team-U-0004-141,0,0,0,0,0,2026-03-18 13:18:36.407+00
U-0004,INV-973522,0,0,0,0,0,2026-03-28 06:57:55.184+00
U-0004,leader,0,0,0,0,0,2026-03-29 10:11:10.754916+00
U-0004,hack-10,0,1,1,0,0,2026-03-26 10:12:38.855+00
U-0004,T-016,0,1,0,1,0,2026-03-13 09:32:17.355+00
U-0004,fallback-tab_view,0,0,0,0,0,2026-03-23 13:53:27.737+00
U-0004,team,0,0,0,0,0,2026-03-28 13:38:17.118+00
U-0004,hack-2,10,5,0,1,0,2026-03-29 10:40:41.978898+00
U-0004,T-7041,0,0,0,0,0,2026-03-18 13:18:54.407+00
U-0004,/camp,0,0,0,0,0,2026-03-29 10:26:07.566521+00
U-0004,hack-14,0,0,0,0,0,2026-03-28 19:35:15.856+00
U-0004,INV-392300,0,0,0,0,0,2026-03-08 11:17:53.134+00
U-0004,false,0,0,0,0,0,2026-03-22 22:48:50.867+00
U-0004,T-005,0,3,0,0,0,2026-03-18 10:13:47.042+00
U-0004,fallback-recommendation_click,0,0,0,0,0,2026-03-18 10:04:19.513+00
U-0004,INV-113704,0,0,0,0,0,2026-03-28 17:13:46.541+00
U-0004,Cloud,0,0,0,0,0,2026-03-27 13:03:50.488+00
U-0004,fallback-page_view,0,0,0,0,0,2026-03-08 09:49:38.533+00
U-0004,/team/T-017/manage,0,0,0,0,0,2026-03-29 10:00:26.630063+00
U-0004,T-015,0,3,0,0,0,2026-03-28 13:10:21.258+00
U-0004,INV-837618,0,0,0,0,0,2026-03-27 11:52:18.348+00
U-0004,/submit/hack-6,0,0,0,0,0,2026-03-15 01:22:19.119+00
U-0004,T-027,0,8,0,0,0,2026-03-26 06:44:14.335+00
U-0004,T-004,0,1,0,1,0,2026-03-27 14:59:59.999+00
U-0004,U-0004,0,0,0,0,0,2026-03-29 11:12:17.859979+00
U-0004,/team/T-526580/manage,0,0,0,0,0,2026-03-29 10:03:57.402669+00
U-0004,/submit/hack-7,0,0,0,0,0,2026-03-16 14:43:40.63+00
U-0004,T-077,0,1,0,0,0,2026-03-29 10:05:29.476672+00
U-0004,INV-422837,0,0,0,0,0,2026-03-13 09:32:11.355+00
U-0004,/team/T-029/manage,0,0,0,0,0,2026-03-29 10:00:38.157491+00
U-0004,T-030,0,5,0,0,0,2026-03-25 09:27:42.346+00
U-0004,T-026,0,6,0,1,0,2026-03-25 10:23:41.055+00
U-0004,ended,0,0,0,0,0,2026-03-26 10:01:05.855+00
U-0004,/submit/hack-2-2,0,0,0,0,0,2026-03-28 11:22:43.272+00
U-0004,hack-5-1,0,1,0,0,0,2026-03-12 16:22:36.752+00
U-0004,INV-156205,0,0,0,0,0,2026-03-25 14:10:52.204+00
U-0004,/team/T-004/manage,0,0,0,0,0,2026-03-21 18:43:19.75+00
U-0004,T-018,0,1,0,0,0,2026-03-15 12:33:10.365+00
U-0004,hack-7,0,1,0,0,1,2026-03-20 04:22:53.815+00
U-0004,Team-U-0004-122,0,0,0,0,0,2026-03-07 04:52:03.601+00
U-0004,T-013,0,2,0,0,0,2026-03-25 08:25:23.408+00
U-0004,T-001,0,0,0,0,0,2026-03-07 08:34:49.168+00
U-0004,T-006,0,2,0,0,0,2026-03-25 12:14:04.307+00
U-0004,/chat,0,0,0,0,0,2026-03-27 12:01:58.351+00
U-0004,hack-8,0,0,0,0,0,2026-03-24 18:50:37.877+00
U-0004,ongoing,0,0,0,0,0,2026-03-27 13:03:35.488+00
U-0004,/submit/hack-5,0,0,0,0,0,2026-03-22 02:57:21.108+00
U-0004,T-491682,0,1,0,0,0,2026-03-29 09:11:08.899865+00
U-0004,hack-7-1,3,3,0,0,1,2026-03-28 12:50:00.258+00
U-0004,T-029,0,9,0,1,0,2026-03-28 12:17:34.715+00
U-0004,hack-6-2,3,3,1,1,0,2026-03-25 12:08:04.307+00
U-0004,hack-4-1,2,2,0,0,0,2026-03-21 12:18:01.114+00
U-0004,true,0,0,0,0,0,2026-03-07 08:34:36.168+00
U-0004,hack-13,0,1,0,0,0,2026-03-20 10:01:01.426+00
U-0005,/team/T-005/manage,0,0,0,0,0,2026-03-27 14:59:59.999+00
U-0005,T-012,0,0,0,0,0,2026-03-14 13:53:13.68+00
U-0005,hack-6-2,7,6,0,1,1,2026-03-26 14:54:45.82+00
U-0005,user,0,0,0,0,0,2026-03-24 10:49:08.484+00
U-0005,T-008,0,1,0,0,0,2026-03-28 04:17:26.704+00
U-0005,hack-5,4,6,1,1,1,2026-03-27 05:24:52.459+00
U-0005,T-020,0,1,0,1,0,2026-03-28 01:28:33.103+00
U-0005,Data,0,0,0,0,0,2026-03-25 11:18:17.288+00
U-0005,T-015,0,2,0,0,0,2026-03-26 04:36:21.197+00
U-0005,closed,0,0,0,0,0,2026-03-27 09:14:39.42+00
U-0005,Web,0,0,0,0,0,2026-03-17 10:45:03.876+00
U-0005,fallback-tab_view,0,0,0,0,0,2026-03-23 14:19:48.036+00
U-0005,T-014,0,0,0,0,0,2026-03-23 07:58:12.28+00
U-0005,hack-10-1,2,2,1,0,0,2026-03-28 00:26:41.854+00
U-0005,hack-14,1,1,0,0,0,2026-03-24 10:53:04.484+00
U-0005,T-026,0,10,0,0,0,2026-03-27 14:35:44.646+00
U-0005,T-009,0,1,0,1,0,2026-03-22 10:35:32.111+00
U-0005,hack-7-1,4,10,0,0,0,2026-03-28 17:04:36.661+00
U-0005,T-027,0,5,0,0,0,2026-03-26 14:59:59.999+00
U-0005,hack-15,0,2,0,0,0,2026-03-18 07:38:49.253+00
U-0005,Team-U-0005-179,0,0,0,0,0,2026-03-23 08:11:08.28+00
U-0005,Blockchain,0,0,0,0,0,2026-03-19 14:44:10.713+00
U-0005,hack-13,1,2,0,0,0,2026-03-14 14:10:06.381+00
U-0005,hack-6-1,0,1,0,0,0,2026-03-22 05:52:05.045+00
U-0005,T-011,0,0,0,1,0,2026-03-24 22:40:47.388+00
U-0005,hack-2-2,7,11,1,1,1,2026-03-27 09:16:29.42+00
U-0005,open,0,0,0,0,0,2026-03-27 05:24:31.459+00
U-0005,/camp,0,0,0,0,0,2026-03-28 08:18:17.316+00
U-0005,/submit/hack-5-2,0,0,0,0,0,2026-03-18 03:10:41.788+00
U-0005,/submit/hack-5,0,0,0,0,0,2026-03-24 02:09:01.575+00
U-0005,T-017,0,1,0,0,0,2026-03-10 07:23:30.677+00
U-0005,hack-5-2,5,10,0,1,1,2026-03-28 09:38:48.781+00
U-0005,hack-8-1,10,11,1,0,0,2026-03-26 08:32:34.099+00
U-0005,T-004,0,2,0,0,0,2026-03-28 17:17:25.661+00
U-0005,Team-U-0005-640,0,0,0,0,0,2026-03-01 12:07:42.861+00
U-0005,T-2811,0,0,0,0,0,2026-03-28 08:29:37.316+00
U-0005,ended,0,0,0,0,0,2026-03-26 08:28:07.099+00
U-0005,hack-2-1,0,1,0,0,0,2026-03-26 14:51:44.82+00
U-0005,hack-9-1,3,4,0,0,0,2026-03-28 10:29:59.825+00
U-0005,all,0,0,0,0,0,2026-03-25 11:17:31.288+00
U-0005,INV-440238,0,0,0,0,0,2026-03-19 04:52:14.164+00
U-0005,notification_panel,0,0,0,0,0,2026-03-27 11:58:55.455+00
U-0005,T-002,0,1,0,0,0,2026-03-26 01:37:20.69+00
U-0005,hack-4,2,3,0,0,0,2026-03-22 02:22:48.2+00
U-0005,T-003,0,0,0,0,0,2026-03-28 17:20:46.661+00
U-0005,hack-5-1,1,1,0,0,0,2026-03-07 12:21:06.069+00
U-0005,T-8387,0,0,0,0,0,2026-03-01 12:09:09.861+00
U-0005,T-030,0,4,0,0,0,2026-03-26 11:39:12.011+00
U-0005,T-018,0,0,0,0,0,2026-03-26 04:20:45.197+00
U-0005,true,0,0,0,0,0,2026-03-14 14:07:46.381+00
U-0005,INV-121816,0,0,0,0,0,2026-03-15 15:07:20.883+00
U-0005,T-7975,0,0,0,0,0,2026-03-28 17:28:52.661+00
U-0005,hackathons_list,0,0,0,0,0,2026-03-28 09:27:02.781+00
U-0005,hack-7,0,0,0,0,0,2026-03-10 12:05:14.722+00
U-0005,hack-8,1,2,0,0,0,2026-03-23 10:50:27.823+00
U-0005,T-028,0,2,0,0,0,2026-03-10 09:52:49.42+00
U-0005,INV-440154,0,0,0,0,0,2026-03-01 01:39:42.556+00
U-0005,T-016,0,1,0,0,0,2026-03-23 08:09:36.28+00
U-0005,/hackathons,0,0,0,0,0,2026-03-28 09:24:13.781+00
U-0005,team,0,0,0,0,0,2026-03-28 04:15:45.704+00
U-0005,T-005,0,4,0,0,0,2026-03-27 14:59:59.999+00
U-0005,T-006,0,1,0,1,0,2026-03-27 14:59:59.999+00
U-0005,chatbot_room,0,0,0,0,0,2026-03-28 22:21:13.825+00
U-0005,false,0,0,0,0,0,2026-03-28 00:28:18.854+00
U-0005,hack-10,0,0,0,0,0,2026-03-27 05:23:26.499+00
U-0005,/submit/hack-9,0,0,0,0,0,2026-03-28 12:34:55.899+00
U-0005,T-010,0,1,0,0,0,2026-03-27 09:26:48.42+00
U-0005,/team/T-030/manage,0,0,0,0,0,2026-03-12 11:35:11.792+00
U-0005,fallback-team_detail_open,0,0,0,0,0,2026-03-28 04:17:31.704+00
U-0005,INV-101043,0,0,0,0,0,2026-03-26 03:35:11.767+00
U-0005,INV-842842,0,0,0,0,0,2026-03-16 06:56:27.548+00
U-0005,hack-3-2,11,12,0,0,0,2026-03-27 14:55:40.409+00
U-0005,T-029,0,3,0,0,0,2026-03-27 05:51:12.459+00
U-0005,hack-4-2,2,4,0,1,0,2026-03-25 11:23:06.288+00
U-0005,/submit/hack-2-2,0,0,0,0,0,2026-03-13 12:09:39.383+00
U-0005,hack-3-1,0,0,0,0,0,2026-03-22 01:37:05.815+00
U-0005,ongoing,0,0,0,0,0,2026-03-28 09:25:21.781+00
U-0005,hack-12,1,1,0,0,0,2026-03-25 10:30:21.515+00
U-0005,Cloud,0,0,0,0,0,2026-03-07 12:13:04.069+00
U-0005,/profile/notifications,0,0,0,0,0,2026-03-24 22:38:44.388+00
U-0005,/team/T-010/manage,0,0,0,0,0,2026-03-24 22:39:26.485+00
U-0005,hack-4-1,0,0,0,0,0,2026-03-22 01:32:25.815+00
U-0005,/submit/hack-3,0,0,0,0,0,2026-03-17 02:56:43.559+00
U-0005,hack-2,7,6,0,1,0,2026-03-27 13:58:58.646+00
U-0005,hack-3,7,11,1,0,1,2026-03-26 14:44:44.834+00
U-0005,INV-449786,0,0,0,0,0,2026-03-07 13:51:05.475+00
U-0005,INV-900427,0,0,0,0,0,2026-03-25 23:23:48.519+00
U-0005,T-007,0,0,0,1,0,2026-03-26 01:41:29.69+00
U-0005,hack-6,6,8,0,0,0,2026-03-28 09:31:16.781+00
U-0005,INV-669201,0,0,0,0,0,2026-03-24 22:39:34.388+00
U-0005,hack-9,1,2,0,0,1,2026-03-28 12:35:30.899+00
U-0005,/matcher,0,0,0,0,0,2026-03-28 10:28:43.825+00
U-0005,/team/T-020/manage,0,0,0,0,0,2026-03-06 10:58:27.811+00
U-0005,Team-U-0005-287,0,0,0,0,0,2026-03-28 08:29:03.316+00
U-0005,/chat,0,0,0,0,0,2026-03-28 22:16:31.825+00
U-0005,T-001,0,0,0,0,0,2026-03-23 02:27:55.638+00
U-0005,AI,0,0,0,0,0,2026-03-26 10:46:52.369+00
U-0005,hack-11,0,0,0,0,0,2026-03-22 01:33:49.815+00
U-0005,T-013,0,4,0,1,0,2026-03-27 14:59:59.999+00
U-0006,hack-9,1,1,0,0,0,2026-03-28 14:43:34.42+00
U-0006,closed,0,0,0,0,0,2026-03-27 07:36:14.14+00
U-0006,hack-8,0,0,0,0,0,2026-03-12 07:09:55.569+00
U-0006,hack-6,3,6,0,1,1,2026-03-26 07:34:19.064+00
U-0006,T-012,0,3,0,0,0,2026-03-28 13:11:01.183+00
U-0006,Team-U-0006-816,0,0,0,0,0,2026-03-13 00:10:21.9+00
U-0006,hack-12,0,0,0,0,0,2026-03-12 07:12:47.569+00
U-0006,T-7231,0,0,0,0,0,2026-03-13 00:11:35.9+00
U-0006,chatbot_room,0,0,0,0,0,2026-03-26 12:13:17.373+00
U-0006,/submit/hack-7,0,0,0,0,0,2026-03-12 11:31:47.28+00
U-0006,/hackathons,0,0,0,0,0,2026-03-28 10:52:00.084+00
U-0006,hack-9-1,4,6,1,0,0,2026-03-27 08:11:33.64+00
U-0006,hack-15,2,1,0,0,0,2026-03-19 14:40:00.305+00
U-0006,false,0,0,0,0,0,2026-03-19 06:41:02.295+00
U-0006,T-026,0,8,0,0,0,2026-03-26 13:15:55.465+00
U-0006,hack-10-1,4,9,0,0,0,2026-03-28 09:31:53.465+00
U-0006,/profile/notifications,0,0,0,0,0,2026-03-27 02:18:50.463+00
U-0006,/submit/hack-5-2,0,0,0,0,0,2026-03-26 01:34:40.733+00
U-0006,hack-5-1,0,2,0,0,0,2026-03-28 11:03:11.084+00
U-0006,/matcher,0,0,0,0,0,2026-03-19 14:25:47.715+00
U-0006,T-020,0,1,0,0,0,2026-03-10 07:32:24.739+00
U-0006,hack-2-2,8,9,0,0,0,2026-03-28 13:02:57.183+00
U-0006,/submit/hack-4-2,0,0,0,0,0,2026-03-10 09:23:03.872+00
U-0006,/submit/hack-6,0,0,0,0,0,2026-03-23 11:51:13.071+00
U-0006,T-028,0,2,0,1,0,2026-03-28 09:36:02.465+00
U-0006,T-030,0,6,0,0,0,2026-03-28 08:10:02.873+00
U-0006,Team-U-0006-124,0,0,0,0,0,2026-03-28 08:29:37.873+00
U-0006,true,0,0,0,0,0,2026-03-19 14:28:03.715+00
U-0006,hack-2-1,2,2,0,0,0,2026-03-24 13:12:55.426+00
U-0006,/team/T-011/manage,0,0,0,0,0,2026-03-24 18:48:10.206+00
U-0006,hack-5-2,3,4,0,0,0,2026-03-27 13:26:02.384+00
U-0006,fallback-submit_project,0,0,0,0,0,2026-03-26 03:31:55.8+00
U-0006,T-027,0,5,0,1,0,2026-03-28 09:44:32.465+00
U-0006,/chat,0,0,0,0,0,2026-03-26 12:06:57.373+00
U-0006,hack-6-1,1,1,0,0,0,2026-03-25 01:18:25.281+00
U-0006,open,0,0,0,0,0,2026-03-25 14:58:11.293+00
U-0006,ongoing,0,0,0,0,0,2026-03-27 13:22:16.384+00
U-0006,hack-2,10,10,1,1,0,2026-03-28 11:12:19.084+00
U-0006,T-011,0,2,0,1,0,2026-03-28 14:21:04.312+00
U-0006,T-007,0,2,0,0,0,2026-03-27 07:43:38.14+00
U-0006,hack-4,6,8,0,0,0,2026-03-23 21:58:45.353+00
U-0006,hack-3,2,10,0,0,0,2026-03-28 14:27:45.42+00
U-0006,Data,0,0,0,0,0,2026-03-26 08:09:03.693+00
U-0006,hack-5,3,5,0,0,0,2026-03-26 08:22:32.693+00
U-0006,T-017,0,3,0,0,0,2026-03-24 05:19:40.726+00
U-0006,T-009,0,1,0,0,0,2026-03-24 05:16:16.726+00
U-0006,ended,0,0,0,0,0,2026-03-28 10:52:08.084+00
U-0006,T-008,0,0,0,0,0,2026-03-19 14:29:53.715+00
U-0006,T-003,0,2,0,0,0,2026-03-28 08:20:25.873+00
U-0006,INV-435625,0,0,0,0,0,2026-03-09 10:50:48.736+00
U-0006,hack-4-2,4,10,0,1,0,2026-03-28 14:35:28.42+00
U-0006,/submit/hack-10,0,0,0,0,0,2026-03-14 15:26:28.375+00
U-0006,all,0,0,0,0,0,2026-03-28 13:00:59.183+00
U-0006,INV-363015,0,0,0,0,0,2026-03-27 12:26:38.044+00
U-0006,AI,0,0,0,0,0,2026-03-27 13:22:45.384+00
U-0006,Cloud,0,0,0,0,0,2026-03-28 10:53:54.084+00
U-0006,T-016,0,0,0,0,0,2026-03-12 04:12:27.253+00
U-0006,INV-343150,0,0,0,0,0,2026-03-12 05:47:10.856+00
U-0006,/camp,0,0,0,0,0,2026-03-28 12:59:37.183+00
U-0006,hack-3-1,1,1,0,0,0,2026-03-23 10:42:04.588+00
U-0006,T-001,0,0,0,0,0,2026-03-25 13:57:24.443+00
U-0006,INV-448482,0,0,0,0,0,2026-03-25 13:56:02.443+00
U-0006,T-019,0,2,0,0,0,2026-03-15 09:33:14.189+00
U-0006,hack-3-2,3,2,0,1,0,2026-03-28 08:03:04.873+00
U-0006,T-014,0,2,0,0,0,2026-03-28 13:24:07.183+00
U-0006,Team-U-0006-708,0,0,0,0,0,2026-03-27 07:52:28.14+00
U-0006,hack-8-1,5,5,0,0,0,2026-03-26 08:25:02.693+00
U-0006,T-2670,0,0,0,0,0,2026-03-28 08:31:04.873+00
U-0006,hack-10,0,1,0,0,1,2026-03-26 14:46:34.473+00
U-0006,hackathons_list,0,0,0,0,0,2026-03-28 10:54:45.084+00
U-0006,INV-639790,0,0,0,0,0,2026-03-25 01:46:00.713+00
U-0006,team,0,0,0,0,0,2026-03-19 14:27:42.715+00
U-0006,T-004,0,1,0,0,0,2026-03-28 13:19:45.183+00
U-0006,T-013,0,0,0,1,0,2026-03-12 05:47:49.856+00
U-0006,T-006,0,1,0,1,0,2026-03-28 13:32:36.183+00
U-0006,T-029,0,0,0,0,0,2026-03-13 14:21:33.382+00
U-0006,hack-7,0,0,0,0,1,2026-03-12 11:33:58.28+00
U-0006,INV-883632,0,0,0,0,0,2026-03-23 11:57:28.227+00
U-0006,T-010,0,0,0,0,0,2026-03-27 07:48:12.14+00
U-0006,hack-7-1,3,6,1,1,0,2026-03-28 11:17:01.084+00
U-0006,hack-4-1,3,3,0,0,0,2026-03-26 00:49:25.645+00
U-0006,notification_panel,0,0,0,0,0,2026-03-25 13:57:43.443+00
U-0006,hack-6-2,4,9,0,0,0,2026-03-28 14:40:11.42+00
U-0006,INV-624389,0,0,0,0,0,2026-03-13 05:58:11.637+00
U-0006,INV-747176,0,0,0,0,0,2026-03-09 10:19:48.062+00
U-0006,T-002,0,1,0,0,0,2026-03-04 13:49:21.423+00
U-0006,Web,0,0,0,0,0,2026-03-25 22:16:59.105+00
U-0006,Blockchain,0,0,0,0,0,2026-03-25 15:30:27.661+00
U-0006,user,0,0,0,0,0,2026-03-26 14:43:23.473+00
U-0006,fallback-team_request_cancel,0,0,0,0,0,2026-03-19 14:25:00.668+00
U-0007,hack-3-2,2,3,0,0,0,2026-03-23 13:37:42.231+00
U-0007,/submit/hack-3,0,0,0,0,0,2026-03-22 05:19:46.583+00
U-0007,T-027,0,3,0,0,0,2026-03-13 10:39:20.471+00
U-0007,closed,0,0,0,0,0,2026-03-13 04:32:36.871+00
U-0007,T-017,0,0,0,0,0,2026-02-28 07:27:31+00
U-0007,T-016,0,1,0,0,0,2026-03-23 05:22:54.491+00
U-0007,hack-2,3,6,0,0,0,2026-03-28 06:43:15.037+00
U-0007,Blockchain,0,0,0,0,0,2026-03-05 12:34:54.793+00
U-0007,T-009,0,0,0,0,0,2026-02-28 11:12:00+00
U-0007,AI,0,0,0,0,0,2026-03-28 05:11:44.318+00
U-0007,/hackathons,0,0,0,0,0,2026-03-28 05:10:20.318+00
U-0007,T-014,0,1,0,0,0,2026-03-23 13:44:53.231+00
U-0007,notification_panel,0,0,0,0,0,2026-03-28 12:16:42.306+00
U-0007,T-018,0,0,0,0,0,2026-02-28 12:04:56+00
U-0007,hack-7,0,0,0,0,0,2026-03-06 23:55:00.619+00
U-0007,T-026,0,2,0,0,0,2026-03-28 06:53:58.037+00
U-0007,hack-4-2,1,2,0,1,0,2026-03-21 12:06:12.068+00
U-0007,hack-8-1,2,3,0,0,1,2026-03-27 10:54:42.818+00
U-0007,chatbot_room,0,0,0,0,0,2026-03-27 11:06:46.486+00
U-0007,T-011,0,2,0,0,0,2026-03-23 05:13:22.491+00
U-0007,hack-7-1,1,1,0,0,0,2026-03-06 23:52:43.619+00
U-0007,T-007,0,1,0,0,0,2026-03-02 04:01:43.182+00
U-0007,/camp,0,0,0,0,0,2026-03-28 06:39:54.037+00
U-0007,/profile/notifications,0,0,0,0,0,2026-03-28 12:16:25.306+00
U-0007,hack-6,2,2,1,0,0,2026-03-22 10:52:57.14+00
U-0007,T-015,0,2,0,0,0,2026-03-21 11:05:56.31+00
U-0007,hack-9-1,3,3,0,1,0,2026-03-28 05:15:40.318+00
U-0007,INV-618109,0,0,0,0,0,2026-03-10 22:53:34.429+00
U-0007,hack-13,1,1,0,0,0,2026-03-21 12:03:15.068+00
U-0007,all,0,0,0,0,0,2026-03-25 12:16:35.606+00
U-0007,hack-9,0,1,0,0,0,2026-03-28 05:21:12.318+00
U-0007,T-020,0,0,0,0,0,2026-02-28 10:12:14+00
U-0007,INV-537136,0,0,0,0,0,2026-03-07 10:22:27.885+00
U-0007,T-006,0,0,0,1,0,2026-03-07 10:23:00.885+00
U-0007,user,0,0,0,0,0,2026-03-25 10:50:57.013+00
U-0007,/chat,0,0,0,0,0,2026-03-27 11:05:50.486+00
U-0007,T-003,0,2,0,0,0,2026-03-21 10:55:33.31+00
U-0007,T-008,0,0,0,0,0,2026-03-21 08:53:04.864+00
U-0007,hack-4-1,0,0,0,0,0,2026-03-25 10:52:59.013+00
U-0007,team,0,0,0,0,0,2026-03-21 08:49:11.864+00
U-0007,T-010,0,1,0,0,0,2026-03-15 03:53:26.431+00
U-0007,hack-14,1,1,0,0,0,2026-03-24 04:18:48.367+00
U-0007,Cloud,0,0,0,0,0,2026-03-08 02:35:06.481+00
U-0007,hack-2-2,0,0,0,0,0,2026-03-23 05:04:07.491+00
U-0007,T-002,0,1,0,0,0,2026-03-13 04:56:03.871+00
U-0007,ended,0,0,0,0,0,2026-03-25 12:16:12.606+00
U-0007,T-028,0,1,0,0,0,2026-03-27 14:10:01.154+00
U-0007,hack-6-2,2,3,1,0,0,2026-03-25 12:29:06.606+00
U-0007,hack-10-1,3,4,1,1,0,2026-03-28 05:25:25.318+00
U-0007,hack-3,1,2,0,0,1,2026-03-28 05:18:54.318+00
U-0007,Web,0,0,0,0,0,2026-03-13 11:43:02.852+00
U-0007,/matcher,0,0,0,0,0,2026-03-25 10:50:31.013+00
U-0007,hack-4,2,4,0,0,0,2026-03-27 13:55:30.154+00
U-0007,T-004,0,0,0,1,0,2026-03-10 22:54:22.429+00
U-0007,ongoing,0,0,0,0,0,2026-03-24 04:15:35.367+00
U-0007,hack-5,4,4,1,0,0,2026-03-22 10:48:58.14+00
U-0007,T-012,0,0,0,0,0,2026-03-23 10:13:54.154+00
U-0007,fallback-page_view,0,0,0,0,0,2026-03-24 08:57:24.349+00
U-0007,/team/T-012/manage,0,0,0,0,0,2026-03-23 10:10:52.154+00
U-0007,hackathons_list,0,0,0,0,0,2026-03-28 05:12:11.318+00
U-0007,hack-5-2,1,1,1,0,0,2026-03-13 04:34:18.871+00
U-0007,T-029,0,0,0,0,0,2026-02-27 23:50:48+00
U-0007,true,0,0,0,0,0,2026-03-24 14:02:19.709+00
U-0007,open,0,0,0,0,0,2026-03-27 13:55:00.154+00
U-0007,/submit/hack-8-1,0,0,0,0,0,2026-03-27 10:50:31.818+00
U-0007,T-019,0,1,0,0,0,2026-03-21 11:12:17.31+00
U-0007,hack-3-1,0,0,0,0,0,2026-03-21 10:50:18.31+00
U-0008,hack-13,0,0,0,0,0,2026-03-21 17:34:25.313+00
U-0008,hack-5-2,3,4,1,0,0,2026-03-28 12:51:43.128+00
U-0008,hack-2-2,2,4,0,0,0,2026-03-28 11:58:57.559+00
U-0008,true,0,0,0,0,0,2026-03-23 10:05:59.394+00
U-0008,hack-6-2,3,5,0,0,0,2026-03-27 03:29:49.698+00
U-0008,T-015,0,0,0,0,0,2026-03-28 13:02:23.38+00
U-0008,Web,0,0,0,0,0,2026-03-27 03:22:16.698+00
U-0008,/submit/hack-4-2,0,0,0,0,0,2026-03-27 07:29:16.835+00
U-0008,hack-11,0,0,0,0,0,2026-03-22 23:21:03.307+00
U-0008,INV-395926,0,0,0,0,0,2026-03-19 02:19:41.647+00
U-0008,AI,0,0,0,0,0,2026-03-26 01:45:21.695+00
U-0008,hack-10-1,4,8,1,0,0,2026-03-27 13:00:46.53+00
U-0008,T-026,0,5,0,0,0,2026-03-25 04:35:24.584+00
U-0008,hackathons_list,0,0,0,0,0,2026-03-28 12:43:41.128+00
U-0008,T-006,0,0,0,0,0,2026-03-24 08:21:57.458+00
U-0008,T-003,0,0,0,0,0,2026-03-10 13:45:47.415+00
U-0008,hack-3,7,8,1,1,0,2026-03-25 06:22:02.88+00
U-0008,/submit/hack-4,0,0,0,0,0,2026-03-16 09:57:59.599+00
U-0008,hack-9,0,1,0,0,0,2026-03-20 15:39:52.146+00
U-0008,T-016,0,2,0,0,0,2026-03-28 07:53:08.742+00
U-0008,hack-8-1,4,8,0,1,0,2026-03-26 09:40:50.888+00
U-0008,/submit/hack-2-2,0,0,0,0,0,2026-03-12 10:46:04.615+00
U-0008,ongoing,0,0,0,0,0,2026-03-28 08:15:09.318+00
U-0008,hack-6,6,8,1,1,0,2026-03-28 12:49:50.128+00
U-0008,hack-6-1,1,1,0,0,0,2026-03-27 14:33:11.041+00
U-0008,T-9434,0,0,0,0,0,2026-03-28 07:54:59.742+00
U-0008,T-010,0,0,0,0,0,2026-03-23 18:50:00.024+00
U-0008,fallback-chatbot_response,0,0,0,0,0,2026-03-23 11:41:43.193+00
U-0008,/chat,0,0,0,0,0,2026-03-27 13:48:02.501+00
U-0008,T-018,0,1,0,0,0,2026-03-28 13:12:49.38+00
U-0008,INV-433986,0,0,0,0,0,2026-03-22 11:54:41.844+00
U-0008,chatbot_room,0,0,0,0,0,2026-03-27 13:51:56.501+00
U-0008,fallback-invite_cancel,0,0,0,0,0,2026-03-12 04:06:42.682+00
U-0008,T-3321,0,0,0,0,0,2026-03-19 09:47:41.352+00
U-0008,hack-3-1,0,0,0,0,0,2026-03-24 08:17:18.458+00
U-0008,T-008,0,1,0,1,0,2026-03-24 11:38:20.213+00
U-0008,T-8890,0,0,0,0,0,2026-03-19 13:17:31.151+00
U-0008,all,0,0,0,0,0,2026-03-28 11:53:43.559+00
U-0008,INV-645685,0,0,0,0,0,2026-03-16 13:31:00.315+00
U-0008,false,0,0,0,0,0,2026-03-27 13:54:16.524+00
U-0008,T-002,0,1,0,0,0,2026-03-24 05:45:53.096+00
U-0008,/matcher,0,0,0,0,0,2026-03-28 12:13:47.503+00
U-0008,INV-108444,0,0,0,0,0,2026-03-22 18:20:41.013+00
U-0008,Team-U-0008-221,0,0,0,0,0,2026-03-19 09:47:20.352+00
U-0008,T-014,0,0,0,1,0,2026-03-22 11:55:17.844+00
U-0008,T-027,0,1,0,0,0,2026-03-28 13:23:49.38+00
U-0008,hack-14,2,0,0,0,0,2026-03-26 08:37:00.651+00
U-0008,hack-3-2,5,7,1,1,0,2026-03-28 05:13:09.265+00
U-0008,INV-555891,0,0,0,0,0,2026-03-28 12:52:19.115+00
U-0008,T-009,0,1,0,0,0,2026-03-20 17:00:43.658+00
U-0008,hack-7,2,4,0,0,0,2026-03-28 08:23:14.318+00
U-0008,T-013,0,2,0,1,0,2026-03-28 12:52:36.115+00
U-0008,hack-7-1,3,5,0,0,1,2026-03-28 11:58:00.559+00
U-0008,/submit/hack-7-1,0,0,0,0,0,2026-02-28 11:11:55.121+00
U-0008,hack-9-1,2,2,0,1,0,2026-03-28 12:18:15.503+00
U-0008,hack-5-1,0,1,0,0,0,2026-03-19 11:05:29.683+00
U-0008,T-007,0,3,0,1,0,2026-03-28 12:53:47.115+00
U-0008,fallback-team_request_result,0,0,0,0,0,2026-03-20 10:55:20.531+00
U-0008,hack-8,1,0,0,0,0,2026-03-28 12:53:54.38+00
U-0008,hack-15,1,1,1,0,0,2026-03-24 13:16:05.627+00
U-0008,user,0,0,0,0,0,2026-03-28 12:15:14.503+00
U-0008,/camp,0,0,0,0,0,2026-03-28 07:39:34.742+00
U-0008,hack-12,0,2,0,0,0,2026-03-27 13:00:05.53+00
U-0008,closed,0,0,0,0,0,2026-03-19 06:26:41.688+00
U-0008,/hackathons,0,0,0,0,0,2026-03-28 12:42:48.128+00
U-0008,T-012,0,2,0,0,0,2026-03-25 10:40:41.476+00
U-0008,T-017,0,2,0,0,0,2026-03-04 09:30:00.223+00
U-0008,hack-10,1,1,0,0,0,2026-03-26 09:40:10.888+00
U-0008,INV-627765,0,0,0,0,0,2026-03-20 13:27:44.885+00
U-0008,hack-2-1,2,2,0,0,0,2026-03-28 12:15:37.503+00
U-0008,fallback-team_create,0,0,0,0,0,2026-03-16 10:00:00.599+00
U-0008,/submit/hack-5,0,0,0,0,0,2026-03-25 11:47:05.3+00
U-0008,T-020,0,1,0,0,0,2026-03-28 05:22:13.265+00
U-0008,T-028,0,1,0,0,0,2026-03-24 13:29:54.625+00
U-0008,T-029,0,9,0,0,0,2026-03-25 10:50:59.476+00
U-0008,T-030,0,0,0,0,0,2026-03-19 13:34:16.465+00
U-0008,hack-2,3,6,1,0,0,2026-03-28 12:46:58.128+00
U-0008,hack-4-2,4,4,0,1,0,2026-03-28 08:25:43.318+00
U-0008,hack-4-1,2,2,1,0,0,2026-03-10 13:01:17.126+00
U-0008,T-005,0,2,0,0,0,2026-03-25 10:30:11.476+00
U-0008,Data,0,0,0,0,0,2026-03-28 08:16:20.318+00
U-0008,/profile/notifications,0,0,0,0,0,2026-03-28 12:51:15.115+00
U-0008,team,0,0,0,0,0,2026-03-27 13:50:45.524+00
U-0008,/team/T-013/manage,0,0,0,0,0,2026-03-28 09:55:34.887+00
U-0008,ended,0,0,0,0,0,2026-03-28 11:52:28.559+00
U-0008,hack-4,2,7,1,0,1,2026-03-27 03:00:56.798+00
U-0008,T-004,0,1,0,0,0,2026-03-24 05:30:56.096+00
U-0008,Blockchain,0,0,0,0,0,2026-03-20 15:32:31.146+00
U-0008,Team-U-0008-659,0,0,0,0,0,2026-03-28 07:54:46.742+00
U-0008,hack-5,4,7,0,0,1,2026-03-25 11:48:05.3+00
U-0008,T-011,0,0,0,0,0,2026-03-24 08:20:31.458+00
U-0008,open,0,0,0,0,0,2026-03-25 04:15:01.584+00
U-0009,/chat,0,0,0,0,0,2026-03-26 09:13:11.838+00
U-0009,hack-12,0,0,0,0,1,2026-03-28 13:58:00.297+00
U-0009,/submit/hack-12,0,0,0,0,0,2026-03-28 13:57:59.297+00
U-0009,T-019,0,2,0,0,0,2026-03-26 12:04:58.811+00
U-0009,hack-5,5,10,1,0,0,2026-03-27 14:22:44.618+00
U-0009,team,0,0,0,0,0,2026-03-26 12:02:06.811+00
U-0009,T-029,0,6,0,0,0,2026-03-26 12:04:02.811+00
U-0009,true,0,0,0,0,0,2026-03-02 14:37:42.611+00
U-0009,T-5223,0,0,0,0,0,2026-03-27 18:07:19.162+00
U-0009,T-015,0,2,0,0,0,2026-03-14 14:59:59.999+00
U-0009,hack-6,3,6,0,0,0,2026-03-21 22:31:56.562+00
U-0009,T-014,0,5,0,0,0,2026-03-28 11:41:03.788+00
U-0009,hack-9-1,2,9,1,0,0,2026-03-26 09:43:32.233+00
U-0009,hack-14,2,3,1,0,0,2026-03-17 13:05:24.346+00
U-0009,T-008,0,1,0,0,0,2026-03-26 14:14:00.626+00
U-0009,T-017,0,2,0,0,0,2026-03-25 06:59:23.859+00
U-0009,T-012,0,2,0,0,0,2026-03-21 03:39:17.468+00
U-0009,hack-5-2,4,9,0,1,0,2026-03-25 11:36:47.633+00
U-0009,hack-8-1,11,9,0,1,0,2026-03-26 10:15:48.305+00
U-0009,/submit/hack-6-2,0,0,0,0,0,2026-03-13 14:46:38.292+00
U-0009,T-007,0,1,0,0,0,2026-03-20 13:43:04.589+00
U-0009,fallback-invite_send,0,0,0,0,0,2026-03-07 05:58:56.593+00
U-0009,Data,0,0,0,0,0,2026-03-27 14:12:39.618+00
U-0009,T-011,0,5,0,1,0,2026-03-26 14:21:49.626+00
U-0009,T-028,0,5,0,0,0,2026-03-14 14:59:59.999+00
U-0009,Cloud,0,0,0,0,0,2026-03-25 14:23:15.704+00
U-0009,hack-10,0,0,0,0,0,2026-03-20 14:43:08.698+00
U-0009,/submit/hack-3-2,0,0,0,0,0,2026-03-23 12:27:24.409+00
U-0009,T-020,0,3,0,0,0,2026-03-27 17:57:30.162+00
U-0009,T-013,0,3,0,1,0,2026-03-26 14:03:12.626+00
U-0009,fallback-hackathon_view,0,0,0,0,0,2026-03-14 07:54:11.38+00
U-0009,open,0,0,0,0,0,2026-03-22 10:42:54.049+00
U-0009,T-009,0,1,0,0,0,2026-03-27 17:38:09.162+00
U-0009,T-027,0,8,0,0,0,2026-03-17 03:31:01.374+00
U-0009,hack-6-2,9,10,1,1,1,2026-03-27 12:48:03.791+00
U-0009,/submit/hack-8-1,0,0,0,0,0,2026-03-10 13:38:21.421+00
U-0009,INV-227251,0,0,0,0,0,2026-03-21 23:59:50.745+00
U-0009,hack-3,5,7,1,1,0,2026-03-25 14:29:16.704+00
U-0009,ended,0,0,0,0,0,2026-03-26 14:18:42.468+00
U-0009,/profile/notifications,0,0,0,0,0,2026-03-28 10:54:19.639+00
U-0009,T-010,0,2,0,0,0,2026-03-17 09:23:31.61+00
U-0009,Blockchain,0,0,0,0,0,2026-03-02 08:25:50.062+00
U-0009,T-001,0,1,0,1,0,2026-03-27 14:26:40.224+00
U-0009,T-016,0,1,0,0,0,2026-03-27 17:50:08.162+00
U-0009,closed,0,0,0,0,0,2026-03-12 11:45:21.536+00
U-0009,hack-3-2,12,10,1,1,0,2026-03-27 14:16:22.618+00
U-0009,T-018,0,1,0,1,0,2026-03-22 00:00:41.745+00
U-0009,T-030,0,3,0,0,0,2026-03-14 09:25:28.291+00
U-0009,hack-2-1,0,0,0,0,0,2026-03-27 17:29:02.162+00
U-0009,fallback-recommendation_click,0,0,0,0,0,2026-03-17 12:40:33.863+00
U-0009,hack-5-1,1,1,0,0,0,2026-03-13 10:09:44.56+00
U-0009,Team-U-0009-697,0,0,0,0,0,2026-03-12 10:26:25.523+00
U-0009,T-004,0,0,0,0,0,2026-02-27 16:06:45+00
U-0009,hack-2,5,4,0,0,0,2026-03-26 14:25:34.468+00
U-0009,T-026,0,2,0,0,0,2026-03-28 10:56:19.639+00
U-0009,hack-8,2,1,1,0,0,2026-03-24 14:41:07.784+00
U-0009,INV-712584,0,0,0,0,0,2026-03-20 13:41:33.589+00
U-0009,hack-9,2,2,0,0,0,2026-03-27 12:47:34.791+00
U-0009,INV-480319,0,0,0,0,0,2026-03-28 10:54:33.639+00
U-0009,Team-U-0009-777,0,0,0,0,0,2026-03-12 12:14:45.536+00
U-0009,T-005,0,2,0,1,0,2026-03-26 14:17:56.626+00
U-0009,INV-802962,0,0,0,0,0,2026-03-28 02:20:36.268+00
U-0009,/camp,0,0,0,0,0,2026-03-27 17:27:58.162+00
U-0009,/submit/hack-4-2,0,0,0,0,0,2026-03-28 01:16:13.807+00
U-0009,Web,0,0,0,0,0,2026-03-21 11:37:37.631+00
U-0009,/submit/hack-9-1,0,0,0,0,0,2026-03-23 02:47:08.425+00
U-0009,hack-7,1,1,1,0,0,2026-03-26 14:01:02.626+00
U-0009,/team/T-014/manage,0,0,0,0,0,2026-03-28 11:40:47.788+00
U-0009,hack-10-1,8,11,1,1,0,2026-03-27 14:09:36.817+00
U-0009,hackathons_list,0,0,0,0,0,2026-03-27 07:16:10.736+00
U-0009,AI,0,0,0,0,0,2026-03-14 07:45:02.38+00
U-0009,fallback-team_notice_send,0,0,0,0,0,2026-03-11 04:53:02.528+00
U-0009,all,0,0,0,0,0,2026-03-27 03:14:35.151+00
U-0009,/hackathons,0,0,0,0,0,2026-03-27 14:09:13.618+00
U-0009,chatbot_room,0,0,0,0,0,2026-03-26 09:16:10.838+00
U-0009,hack-2-2,6,7,0,1,0,2026-03-26 14:23:26.468+00
U-0009,INV-244836,0,0,0,0,0,2026-03-07 10:26:05.306+00
U-0009,Team-U-0009-263,0,0,0,0,0,2026-03-02 20:55:21.315+00
U-0009,T-006,0,1,0,0,0,2026-03-26 10:20:01.305+00
U-0009,hack-3-1,2,1,0,0,0,2026-03-18 07:55:57.123+00
U-0009,hack-4-2,9,10,0,1,1,2026-03-28 01:18:07.807+00
U-0009,T-8414,0,0,0,0,0,2026-03-12 12:16:28.536+00
U-0009,hack-11,2,1,1,0,0,2026-03-27 07:19:52.736+00
U-0009,INV-724869,0,0,0,0,0,2026-03-16 09:37:35.634+00
U-0009,user,0,0,0,0,0,2026-03-20 03:56:19.845+00
U-0009,T-002,0,0,0,0,0,2026-03-17 14:13:36.611+00
U-0009,hack-6-1,1,1,0,0,0,2026-03-13 03:41:53.58+00
U-0009,/submit/hack-2,0,0,0,0,0,2026-03-18 09:47:30.275+00
U-0009,ongoing,0,0,0,0,0,2026-03-27 12:39:17.791+00
U-0009,Team-U-0009-397,0,0,0,0,0,2026-03-04 09:58:56.656+00
U-0009,INV-843707,0,0,0,0,0,2026-03-10 11:07:23.884+00
U-0009,hack-4,4,4,0,1,0,2026-03-26 14:29:29.468+00
U-0009,/matcher,0,0,0,0,0,2026-03-26 12:01:32.811+00
U-0009,hack-7-1,7,11,0,0,0,2026-03-27 14:29:12.618+00
U-0009,T-003,0,2,0,0,0,2026-03-27 18:05:11.162+00
U-0010,/submit/hack-3,0,0,0,0,0,2026-03-05 02:40:44.52+00
U-0010,chatbot_room,0,0,0,0,0,2026-03-24 23:34:30.868+00
U-0010,T-012,0,2,0,1,0,2026-03-27 11:46:11.774+00
U-0010,T-008,0,1,0,0,0,2026-03-27 09:36:15.287+00
U-0010,/matcher,0,0,0,0,0,2026-03-28 05:57:19.864+00
U-0010,T-017,0,2,0,1,0,2026-03-25 19:37:55.041+00
U-0010,hack-3-2,5,5,1,1,0,2026-03-27 11:05:37.525+00
U-0010,closed,0,0,0,0,0,2026-03-25 19:12:15.041+00
U-0010,Team-U-0010-895,0,0,0,0,0,2026-03-24 11:49:13.312+00
U-0010,Team-U-0010-774,0,0,0,0,0,2026-03-26 09:46:07.347+00
U-0010,hack-8,1,0,0,0,0,2026-03-20 02:05:08.29+00
U-0010,hack-10,0,0,0,0,0,2026-03-27 14:16:34.773+00
U-0010,fallback-card_click,0,0,0,0,0,2026-03-27 14:08:23.241+00
U-0010,/submit/hack-5,0,0,0,0,0,2026-03-21 03:05:14.039+00
U-0010,T-016,0,2,0,1,0,2026-03-24 13:00:22.64+00
U-0010,T-011,0,1,0,0,0,2026-03-21 09:38:35.274+00
U-0010,INV-221082,0,0,0,0,0,2026-03-13 11:00:11.796+00
U-0010,T-3290,0,0,0,0,0,2026-03-25 19:53:23.041+00
U-0010,hack-6,3,4,0,0,0,2026-03-25 10:08:03.056+00
U-0010,Team-U-0010-166,0,0,0,0,0,2026-03-23 10:53:09.698+00
U-0010,/submit/hack-8-1,0,0,0,0,0,2026-03-15 13:02:25.876+00
U-0010,user,0,0,0,0,0,2026-03-27 14:11:40.773+00
U-0010,INV-205609,0,0,0,0,0,2026-03-24 12:58:50.64+00
U-0010,T-1696,0,0,0,0,0,2026-03-17 14:59:59.999+00
U-0010,hack-3-1,0,0,0,0,0,2026-03-28 12:02:15.625+00
U-0010,T-004,0,0,0,0,0,2026-03-13 11:01:42.796+00
U-0010,T-029,0,14,0,1,0,2026-03-28 06:00:34.864+00
U-0010,T-027,0,8,0,0,0,2026-03-27 14:07:50.241+00
U-0010,hack-5-2,1,7,1,0,0,2026-03-27 15:13:41.197+00
U-0010,T-8539,0,0,0,0,0,2026-03-19 11:07:33.553+00
U-0010,T-002,0,1,0,0,0,2026-03-22 18:14:26.834+00
U-0010,hack-9,0,0,0,0,0,2026-03-26 12:33:15.594+00
U-0010,ongoing,0,0,0,0,0,2026-03-27 10:55:54.525+00
U-0010,INV-221562,0,0,0,0,0,2026-03-19 07:36:59.308+00
U-0010,hack-2-1,0,0,0,0,0,2026-03-21 09:36:16.274+00
U-0010,fallback-hackathon_filter,0,0,0,0,0,2026-03-21 03:08:29.039+00
U-0010,open,0,0,0,0,0,2026-03-26 09:49:04.718+00
U-0010,T-026,0,11,0,1,0,2026-03-24 19:15:58.293+00
U-0010,Team-U-0010-781,0,0,0,0,0,2026-03-24 03:57:43.063+00
U-0010,T-019,0,0,0,0,0,2026-03-27 11:46:44.774+00
U-0010,hack-10-1,5,5,0,0,0,2026-03-25 19:13:39.041+00
U-0010,T-2031,0,0,0,0,0,2026-03-10 09:30:13.669+00
U-0010,T-010,0,3,0,0,0,2026-03-21 14:15:30.56+00
U-0010,/submit/hack-2-2,0,0,0,0,0,2026-03-27 09:36:00.24+00
U-0010,AI,0,0,0,0,0,2026-03-25 16:02:16.475+00
U-0010,T-028,0,20,0,0,0,2026-03-26 09:45:20.347+00
U-0010,/team/T-015/manage,0,0,0,0,0,2026-03-27 13:33:51.412+00
U-0010,hack-7,0,0,0,0,0,2026-03-09 02:35:09.277+00
U-0010,team,0,0,0,0,0,2026-03-27 09:29:56.287+00
U-0010,/camp,0,0,0,0,0,2026-03-26 09:46:31.718+00
U-0010,/submit/hack-9-1,0,0,0,0,0,2026-03-27 08:09:41.052+00
U-0010,ended,0,0,0,0,0,2026-03-20 20:50:40.349+00
U-0010,true,0,0,0,0,0,2026-03-28 05:58:46.864+00
U-0010,INV-856086,0,0,0,0,0,2026-03-17 07:47:52.81+00
U-0010,hack-5-1,0,2,0,0,0,2026-03-28 12:28:38.577+00
U-0010,T-5087,0,0,0,0,0,2026-03-25 14:59:59.999+00
U-0010,Blockchain,0,0,0,0,0,2026-03-28 10:54:22.648+00
U-0010,INV-392682,0,0,0,0,0,2026-03-16 18:04:20.438+00
U-0010,T-014,0,0,0,1,0,2026-03-22 11:54:01.534+00
U-0010,Team-U-0010-370,0,0,0,0,0,2026-03-16 04:04:08.299+00
U-0010,T-005,0,2,0,0,0,2026-03-17 14:59:59.999+00
U-0010,T-020,0,4,0,1,0,2026-03-27 09:33:10.287+00
U-0010,INV-250471,0,0,0,0,0,2026-03-19 11:03:46.415+00
U-0010,hack-11,1,2,1,0,0,2026-03-25 07:11:32.654+00
U-0010,hack-2-2,5,6,0,0,1,2026-03-28 12:38:58.577+00
U-0010,T-003,0,3,0,0,0,2026-03-25 19:27:07.041+00
U-0010,fallback-team_detail_close,0,0,0,0,0,2026-03-22 11:54:49.534+00
U-0010,hack-2,4,7,1,1,1,2026-03-28 10:57:12.648+00
U-0010,/hackathons,0,0,0,0,0,2026-03-28 10:53:42.648+00
U-0010,T-5809,0,0,0,0,0,2026-03-24 11:49:59.312+00
U-0010,/submit/hack-6-2,0,0,0,0,0,2026-03-01 05:17:29.514+00
U-0010,hack-9-1,3,7,0,0,1,2026-03-28 12:33:50.577+00
U-0010,fallback-hackathon_interest_toggle,0,0,0,0,0,2026-03-25 09:49:26.432+00
U-0010,T-001,0,2,0,0,0,2026-03-25 19:50:38.041+00
U-0010,/submit/hack-3-2,0,0,0,0,0,2026-03-24 17:47:42.024+00
U-0010,all,0,0,0,0,0,2026-03-28 12:18:38.577+00
U-0010,hack-4,7,9,1,1,0,2026-03-28 10:57:46.648+00
U-0010,T-009,0,3,0,1,0,2026-03-24 03:48:22.063+00
U-0010,Team-U-0010-452,0,0,0,0,0,2026-03-19 11:06:16.553+00
U-0010,T-007,0,1,0,0,0,2026-03-22 21:07:59.504+00
U-0010,T-5020,0,0,0,0,0,2026-03-24 03:57:54.063+00
U-0010,hack-5,8,12,1,1,1,2026-03-28 03:55:38.314+00
U-0010,hack-6-2,6,6,0,1,1,2026-03-26 02:14:44.327+00
U-0010,T-030,0,5,0,0,0,2026-03-25 10:23:42.056+00
U-0010,hack-7-1,2,4,0,0,0,2026-03-27 15:07:50.197+00
U-0010,INV-183498,0,0,0,0,0,2026-03-26 12:53:37.018+00
U-0010,hack-4-1,0,0,0,0,0,2026-03-10 10:06:54.426+00
U-0010,INV-966740,0,0,0,0,0,2026-03-21 14:10:55.606+00
U-0010,INV-461254,0,0,0,0,0,2026-03-19 11:09:02.872+00
U-0010,/submit/hack-3-1,0,0,0,0,0,2026-03-28 12:01:58.625+00
U-0010,T-006,0,1,0,0,0,2026-03-22 11:54:41.534+00
U-0010,hack-3,5,7,1,1,0,2026-03-27 15:17:12.197+00
U-0010,T-015,0,1,0,0,0,2026-03-27 13:38:39.412+00
U-0010,Web,0,0,0,0,0,2026-03-18 13:25:10.307+00
U-0010,hackathons_list,0,0,0,0,0,2026-03-28 12:20:37.577+00
U-0010,hack-12,0,0,0,0,0,2026-03-13 07:01:01.723+00
U-0010,fallback-hackathon_view,0,0,0,0,0,2026-03-28 12:02:43.625+00
U-0010,hack-6-1,1,1,0,0,1,2026-03-23 14:37:37.81+00
U-0010,Team-U-0010-727,0,0,0,0,0,2026-03-10 09:30:05.669+00
U-0010,/profile/notifications,0,0,0,0,0,2026-03-26 12:53:23.018+00
U-0010,hack-15,2,1,0,0,0,2026-03-28 12:25:42.577+00
U-0010,notification_panel,0,0,0,0,0,2026-03-24 13:02:12.64+00
U-0010,hack-8-1,3,5,1,0,1,2026-03-27 04:02:31.128+00
U-0010,T-018,0,3,0,0,0,2026-03-26 09:53:29.718+00
U-0010,/submit/hack-2,0,0,0,0,0,2026-03-26 10:56:57.105+00
U-0010,Team-U-0010-703,0,0,0,0,0,2026-03-17 14:59:59.999+00
U-0010,/chat,0,0,0,0,0,2026-03-24 23:29:16.868+00
U-0010,T-4755,0,0,0,0,0,2026-03-23 10:53:54.698+00
U-0010,hack-4-2,5,8,0,0,0,2026-03-27 13:23:35.54+00
U-0010,Team-U-0010-504,0,0,0,0,0,2026-03-25 14:59:59.999+00
U-0010,T-013,0,2,0,0,0,2026-03-28 06:00:49.864+00
U-0010,hack-14,0,0,0,0,0,2026-03-12 01:42:43.128+00
U-0010,fallback-matcher_profile_select,0,0,0,0,0,2026-03-12 13:03:23.854+00
U-0010,/submit/hack-6-1,0,0,0,0,0,2026-03-16 12:22:49.666+00
U-0011,AI,0,0,0,0,0,2026-03-25 07:45:06.314+00
U-0011,/team/T-029/manage,0,0,0,0,0,2026-03-14 19:54:43.342+00
U-0011,fallback-team_join,0,0,0,0,0,2026-03-23 13:58:55.86+00
U-0011,/matcher,0,0,0,0,0,2026-03-28 12:08:27.535+00
U-0011,/profile/notifications,0,0,0,0,0,2026-03-28 07:37:45.11+00
U-0011,T-029,0,5,0,0,0,2026-03-27 22:38:52.17+00
U-0011,/submit/hack-4,0,0,0,0,0,2026-03-20 12:35:08.034+00
U-0011,hack-3,4,4,0,1,0,2026-03-27 13:00:10.619+00
U-0011,hack-9,2,1,0,0,0,2026-03-27 10:20:50.275+00
U-0011,ended,0,0,0,0,0,2026-03-27 03:15:30.858+00
U-0011,T-010,0,2,0,0,0,2026-03-22 22:51:01.117+00
U-0011,T-027,0,5,0,0,0,2026-03-27 13:26:35.619+00
U-0011,fallback-submit_project,0,0,0,0,0,2026-03-18 12:13:28.169+00
U-0011,T-018,0,4,0,0,0,2026-03-25 09:38:51.401+00
U-0011,T-015,0,1,0,0,0,2026-03-25 09:18:34.28+00
U-0011,/submit/hack-3-2,0,0,0,0,0,2026-03-28 01:44:10.565+00
U-0011,team,0,0,0,0,0,2026-03-28 12:09:00.535+00
U-0011,all,0,0,0,0,0,2026-03-27 12:59:52.619+00
U-0011,hack-10,0,2,1,0,0,2026-03-27 10:18:41.275+00
U-0011,T-007,0,3,0,0,0,2026-03-28 02:59:54.611+00
U-0011,true,0,0,0,0,0,2026-03-25 13:57:31.395+00
U-0011,Data,0,0,0,0,0,2026-03-27 14:39:34.644+00
U-0011,T-016,0,2,0,0,0,2026-03-26 04:08:04.808+00
U-0011,closed,0,0,0,0,0,2026-03-22 22:07:10.117+00
U-0011,/team/T-002/manage,0,0,0,0,0,2026-03-12 06:19:11.382+00
U-0011,hack-12,0,0,0,0,0,2026-03-13 04:59:47.768+00
U-0011,/team/T-026/manage,0,0,0,0,0,2026-03-21 17:58:07.855+00
U-0011,chatbot_room,0,0,0,0,0,2026-03-28 03:35:00.828+00
U-0011,/team/T-017/manage,0,0,0,0,0,2026-03-28 04:57:03.791+00
U-0011,Blockchain,0,0,0,0,0,2026-03-22 05:51:56.335+00
U-0011,hack-9-1,3,6,0,0,0,2026-03-27 14:46:11.644+00
U-0011,/team/T-007/manage,0,0,0,0,0,2026-03-28 02:58:08.611+00
U-0011,fallback-invite_response,0,0,0,0,0,2026-03-12 02:18:53.409+00
U-0011,fallback-invite_send,0,0,0,0,0,2026-03-21 13:57:46.334+00
U-0011,Team-U-0011-700,0,0,0,0,0,2026-03-12 08:45:48.02+00
U-0011,T-030,0,7,0,0,0,2026-03-23 12:31:01.222+00
U-0011,T-1386,0,0,0,0,0,2026-03-12 08:46:29.02+00
U-0011,/submit/hack-2-2,0,0,0,0,0,2026-03-15 13:33:50.711+00
U-0011,hack-5-2,6,9,0,0,1,2026-03-28 02:05:48.536+00
U-0011,user,0,0,0,0,0,2026-03-25 13:54:53.395+00
U-0011,T-019,0,4,0,0,0,2026-03-25 02:10:35.481+00
U-0011,T-014,0,4,0,1,0,2026-03-27 11:31:52.591+00
U-0011,/submit/hack-6,0,0,0,0,0,2026-03-09 08:57:00.087+00
U-0011,Team-U-0011-999,0,0,0,0,0,2026-03-21 14:19:17.094+00
U-0011,T-006,0,1,0,0,0,2026-03-26 13:40:08.603+00
U-0011,T-026,0,8,0,0,0,2026-03-22 12:28:08.01+00
U-0011,T-9368,0,0,0,0,0,2026-03-21 14:21:08.094+00
U-0011,T-005,0,5,0,0,0,2026-03-27 11:20:37.591+00
U-0011,fallback-team_notice_send,0,0,0,0,0,2026-03-27 11:41:31.591+00
U-0011,hack-3-2,6,5,1,0,1,2026-03-28 01:48:40.565+00
U-0011,T-028,0,4,0,1,0,2026-03-28 07:44:17.772+00
U-0011,/team/T-006/manage,0,0,0,0,0,2026-03-26 04:24:15.336+00
U-0011,T-001,0,0,0,0,0,2026-03-02 04:51:05.637+00
U-0011,hack-8,1,1,1,0,0,2026-03-19 01:20:57.086+00
U-0011,hack-4-2,1,4,1,0,0,2026-03-27 14:41:53.644+00
U-0011,hack-7,0,0,0,0,0,2026-03-24 09:06:41.369+00
U-0011,hack-6-2,7,7,1,1,0,2026-03-28 02:14:36.536+00
U-0011,fallback-hackathon_filter,0,0,0,0,0,2026-03-10 16:50:39.773+00
U-0011,hack-10-1,3,4,0,1,0,2026-03-28 09:41:08.019+00
U-0011,hack-3-1,0,0,0,0,0,2026-03-25 13:58:22.395+00
U-0011,T-003,0,0,0,0,0,2026-03-27 14:57:06.071+00
U-0011,hack-2,5,5,1,0,0,2026-03-24 09:39:13.86+00
U-0011,false,0,0,0,0,0,2026-03-17 13:05:53.523+00
U-0011,hack-5,8,11,0,0,1,2026-03-27 22:29:52.17+00
U-0011,hack-2-1,0,0,0,0,0,2026-03-17 07:57:49.245+00
U-0011,/team/T-018/manage,0,0,0,0,0,2026-03-12 17:21:21.056+00
U-0011,/submit/hack-5,0,0,0,0,0,2026-03-21 09:06:24.732+00
U-0011,hack-13,0,0,0,0,0,2026-03-24 09:42:10.86+00
U-0011,ongoing,0,0,0,0,0,2026-03-27 01:11:41.535+00
U-0011,hack-4,10,11,1,1,0,2026-03-28 07:17:51.772+00
U-0011,hackathons_list,0,0,0,0,0,2026-03-27 03:16:44.858+00
U-0011,T-020,0,3,0,0,0,2026-03-27 11:41:25.591+00
U-0011,Web,0,0,0,0,0,2026-03-15 06:54:59.169+00
U-0011,T-008,0,0,0,0,0,2026-03-12 02:17:15.409+00
U-0011,hack-6,4,6,0,1,0,2026-03-23 13:54:38.86+00
U-0011,/team/T-001/manage,0,0,0,0,0,2026-03-02 04:48:45.637+00
U-0011,/team/T-009/manage,0,0,0,0,0,2026-03-20 09:15:42.36+00
U-0011,hack-4-1,0,1,0,0,0,2026-03-06 20:55:26.71+00
U-0011,INV-433135,0,0,0,0,0,2026-03-06 06:19:33.771+00
U-0011,/hackathons,0,0,0,0,0,2026-03-28 01:59:00.536+00
U-0011,Cloud,0,0,0,0,0,2026-03-23 13:48:32.806+00
U-0011,Team-U-0011-180,0,0,0,0,0,2026-03-27 22:39:49.17+00
U-0011,INV-365387,0,0,0,0,0,2026-03-12 14:24:23.752+00
U-0011,hack-2-2,2,6,0,1,1,2026-03-27 10:19:30.275+00
U-0011,T-017,0,1,0,0,0,2026-03-28 04:59:06.791+00
U-0011,hack-8-1,6,6,1,1,0,2026-03-27 03:17:37.858+00
U-0011,T-011,0,2,0,0,0,2026-03-28 12:11:22.535+00
U-0011,open,0,0,0,0,0,2026-03-25 09:08:52.401+00
U-0011,hack-15,0,0,0,0,0,2026-03-25 08:44:54.28+00
U-0011,hack-7-1,4,6,1,0,0,2026-03-24 10:14:02.541+00
U-0011,T-1895,0,0,0,0,0,2026-03-27 22:41:38.17+00
U-0011,/submit/hack-5-2,0,0,0,0,0,2026-03-08 18:19:10.685+00
U-0011,T-002,0,1,0,1,0,2026-03-20 09:31:33.737+00
U-0011,Team-U-0011-244,0,0,0,0,0,2026-03-15 07:28:39.214+00
U-0011,INV-482439,0,0,0,0,0,2026-03-21 13:57:29.334+00
U-0011,T-013,0,5,0,0,0,2026-03-25 01:59:52.481+00
U-0011,T-012,0,1,0,1,0,2026-03-28 12:13:15.535+00
U-0011,fallback-team_create_attempt,0,0,0,0,0,2026-03-09 12:59:40.118+00
U-0011,hack-6-1,0,0,0,0,0,2026-03-27 10:17:41.275+00
U-0011,/submit/hack-7-1,0,0,0,0,0,2026-03-24 09:04:34.057+00
U-0011,/chat,0,0,0,0,0,2026-03-28 03:31:57.828+00
U-0011,/camp,0,0,0,0,0,2026-03-28 09:38:45.019+00
U-0011,T-009,0,3,0,0,0,2026-03-28 09:44:01.019+00
U-0011,hack-11,0,0,0,0,0,2026-03-27 14:45:10.071+00
U-0012,INV-457823,0,0,0,0,0,2026-03-08 06:07:27.156+00
U-0012,Web,0,0,0,0,0,2026-03-21 09:03:19.066+00
U-0012,T-018,0,0,0,0,0,2026-02-28 04:59:31+00
U-0012,hack-14,3,3,0,0,0,2026-03-26 13:44:43.551+00
U-0012,team,0,0,0,0,0,2026-03-26 08:44:50.509+00
U-0012,hack-4-2,4,5,1,0,0,2026-03-25 14:48:36.746+00
U-0012,/chat,0,0,0,0,0,2026-03-25 11:36:13.722+00
U-0012,T-028,0,4,0,1,0,2026-03-27 05:53:52.074+00
U-0012,hack-7-1,3,2,1,0,0,2026-03-28 13:40:37.389+00
U-0012,fallback-page_view,0,0,0,0,0,2026-03-06 14:39:55.531+00
U-0012,/team/T-015/manage,0,0,0,0,0,2026-03-26 12:25:59.773+00
U-0012,INV-136346,0,0,0,0,0,2026-03-18 04:43:10.455+00
U-0012,/submit/hack-5,0,0,0,0,0,2026-03-19 11:37:32.242+00
U-0012,T-007,0,1,0,1,0,2026-03-26 07:05:42.549+00
U-0012,/team/T-009/manage,0,0,0,0,0,2026-03-25 14:25:40.74+00
U-0012,T-006,0,0,0,0,0,2026-03-22 04:41:39.29+00
U-0012,/team/T-001/manage,0,0,0,0,0,2026-03-28 09:46:27.885+00
U-0012,T-004,0,1,0,0,0,2026-03-26 05:52:09.197+00
U-0012,hack-6-2,1,6,0,0,0,2026-03-28 13:30:18.389+00
U-0012,/profile/notifications,0,0,0,0,0,2026-03-25 13:06:30.435+00
U-0012,T-015,0,0,0,1,0,2026-03-15 08:53:59.643+00
U-0012,Cloud,0,0,0,0,0,2026-03-21 06:30:09.101+00
U-0012,T-005,0,0,0,0,0,2026-02-28 11:48:36+00
U-0012,T-013,0,0,0,1,0,2026-03-26 08:49:35.509+00
U-0012,true,0,0,0,0,0,2026-03-27 12:10:14.336+00
U-0012,hack-3-1,1,1,0,0,0,2026-03-09 07:03:37.844+00
U-0012,T-014,0,0,0,0,0,2026-03-18 14:59:59.999+00
U-0012,T-030,0,3,0,0,0,2026-03-27 04:03:53.605+00
U-0012,hack-10-1,1,1,0,0,0,2026-03-26 14:34:02.228+00
U-0012,false,0,0,0,0,0,2026-03-27 13:38:13.779+00
U-0012,hackathons_list,0,0,0,0,0,2026-03-28 13:28:46.389+00
U-0012,T-027,0,0,0,0,0,2026-03-09 03:10:48.686+00
U-0012,INV-117398,0,0,0,0,0,2026-02-28 04:21:43.092+00
U-0012,T-012,0,1,0,0,0,2026-03-08 01:36:51.107+00
U-0012,T-002,0,0,0,0,0,2026-03-27 15:37:28.724+00
U-0012,user,0,0,0,0,0,2026-03-27 13:35:57.779+00
U-0012,hack-8-1,1,1,0,0,0,2026-03-26 13:05:16.087+00
U-0012,/team/T-003/manage,0,0,0,0,0,2026-03-22 13:04:06.859+00
U-0012,notification_panel,0,0,0,0,0,2026-03-08 06:07:48.156+00
U-0012,chatbot_room,0,0,0,0,0,2026-03-28 14:59:59.999+00
U-0012,T-7382,0,0,0,0,0,2026-03-26 07:08:30.549+00
U-0012,fallback-team_detail_open,0,0,0,0,0,2026-03-26 13:05:48.087+00
U-0012,T-011,0,0,0,0,0,2026-03-26 08:47:43.509+00
U-0012,/hackathons,0,0,0,0,0,2026-03-28 13:26:19.389+00
U-0012,T-019,0,0,0,0,0,2026-03-18 14:59:59.999+00
U-0012,hack-5,2,3,1,0,0,2026-03-28 01:34:09.136+00
U-0012,T-026,0,2,0,0,0,2026-03-15 04:18:16.587+00
U-0012,hack-3-2,1,2,0,0,0,2026-03-27 15:29:58.724+00
U-0012,hack-2,1,1,0,0,0,2026-03-28 13:35:13.389+00
U-0012,ended,0,0,0,0,0,2026-03-09 14:46:33.63+00
U-0012,hack-2-1,0,0,0,0,0,2026-03-27 13:39:23.779+00
U-0012,/camp,0,0,0,0,0,2026-03-28 01:30:12.136+00
U-0012,hack-9-1,2,2,0,0,0,2026-03-27 14:27:35.741+00
U-0012,INV-734877,0,0,0,0,0,2026-03-25 13:07:46.435+00
U-0012,T-003,0,0,0,0,0,2026-03-26 06:58:48.549+00
U-0012,INV-445276,0,0,0,0,0,2026-03-15 08:53:29.643+00
U-0012,/matcher,0,0,0,0,0,2026-03-26 19:58:58.464+00
U-0012,all,0,0,0,0,0,2026-03-21 09:01:50.066+00
U-0012,ongoing,0,0,0,0,0,2026-03-26 12:49:54.087+00
U-0012,hack-6,1,1,0,0,0,2026-03-27 03:51:29.605+00
U-0012,closed,0,0,0,0,0,2026-03-27 15:31:14.724+00
U-0012,T-016,0,0,0,0,0,2026-03-25 07:50:23.695+00
U-0012,T-020,0,1,0,1,0,2026-03-27 21:02:39.323+00
U-0012,INV-376812,0,0,0,0,0,2026-03-26 09:08:53.416+00
U-0012,INV-800098,0,0,0,0,0,2026-03-15 11:44:53.273+00
U-0012,hack-5-2,1,2,0,0,0,2026-03-27 01:24:54.816+00
U-0012,Blockchain,0,0,0,0,0,2026-03-15 08:55:33.161+00
U-0012,T-009,0,0,0,1,0,2026-03-25 14:27:27.74+00
U-0012,T-029,0,6,0,0,0,2026-03-28 01:49:25.136+00
U-0012,open,0,0,0,0,0,2026-03-28 01:32:56.136+00
U-0012,Team-U-0012-363,0,0,0,0,0,2026-03-26 07:06:30.549+00
U-0012,/team/T-016/manage,0,0,0,0,0,2026-03-25 07:46:01.695+00
U-0012,hack-3,5,4,0,1,0,2026-03-26 13:01:50.087+00
U-0012,hack-6-1,0,1,0,0,0,2026-03-27 01:14:33.816+00
U-0012,T-001,0,0,0,1,0,2026-03-26 20:01:21.464+00
U-0012,hack-4,0,0,0,0,0,2026-03-26 08:45:34.509+00
U-0013,hack-6-2,6,9,1,1,0,2026-03-28 00:09:18.072+00
U-0013,hack-10,1,1,0,0,0,2026-03-25 10:02:06.642+00
U-0013,ended,0,0,0,0,0,2026-03-23 02:22:22.58+00
U-0013,T-007,0,1,0,1,0,2026-03-20 13:40:19.728+00
U-0013,hack-6,2,7,1,0,0,2026-03-28 08:00:39.565+00
U-0013,Team-U-0013-359,0,0,0,0,0,2026-03-20 10:57:48.838+00
U-0013,/team/T-007/manage,0,0,0,0,0,2026-03-16 10:46:31.28+00
U-0013,/chat,0,0,0,0,0,2026-03-28 13:23:42.479+00
U-0013,team,0,0,0,0,0,2026-03-28 13:09:04.357+00
U-0013,AI,0,0,0,0,0,2026-03-23 05:34:00.092+00
U-0013,T-018,0,2,0,0,0,2026-03-28 13:57:31.596+00
U-0013,hack-9,0,1,0,0,0,2026-03-16 10:28:53.53+00
U-0013,T-015,0,1,0,0,0,2026-03-26 09:05:58.401+00
U-0013,chatbot_room,0,0,0,0,0,2026-03-28 13:30:04.479+00
U-0013,INV-165304,0,0,0,0,0,2026-03-23 12:55:30.39+00
U-0013,T-005,0,1,0,0,0,2026-03-28 23:17:29.154+00
U-0013,Team-U-0013-688,0,0,0,0,0,2026-03-28 23:36:37.154+00
U-0013,hack-14,1,2,0,0,0,2026-03-28 08:08:08.565+00
U-0013,INV-384748,0,0,0,0,0,2026-03-04 12:20:00.878+00
U-0013,/team/T-017/manage,0,0,0,0,0,2026-03-19 03:46:52.545+00
U-0013,T-020,0,6,0,0,0,2026-03-28 18:19:30.654+00
U-0013,hack-9-1,3,6,0,0,1,2026-03-27 21:13:27.19+00
U-0013,INV-783462,0,0,0,0,0,2026-03-11 15:32:31.366+00
U-0013,fallback-team_request_result,0,0,0,0,0,2026-03-18 11:27:46.704+00
U-0013,T-014,0,0,0,0,0,2026-03-28 03:41:46.309+00
U-0013,/hackathons,0,0,0,0,0,2026-03-28 18:00:23.351+00
U-0013,T-008,0,0,0,0,0,2026-03-27 02:03:00.345+00
U-0013,Blockchain,0,0,0,0,0,2026-03-18 09:27:08.601+00
U-0013,hack-3-1,0,0,0,0,0,2026-03-22 04:21:37.138+00
U-0013,/submit/hack-6-2,0,0,0,0,0,2026-03-25 09:45:31.192+00
U-0013,T-026,0,13,0,0,0,2026-03-27 14:55:52.845+00
U-0013,/team/T-005/manage,0,0,0,0,0,2026-03-22 01:14:23.314+00
U-0013,T-4502,0,0,0,0,0,2026-03-17 14:59:59.999+00
U-0013,Team-U-0013-403,0,0,0,0,0,2026-03-17 14:59:59.999+00
U-0013,T-028,0,14,0,0,0,2026-03-28 01:31:48.305+00
U-0013,T-017,0,1,0,0,0,2026-03-28 14:19:46.596+00
U-0013,open,0,0,0,0,0,2026-03-28 18:08:27.654+00
U-0013,Data,0,0,0,0,0,2026-03-25 09:11:21.465+00
U-0013,T-002,0,1,0,1,0,2026-03-22 02:43:57.243+00
U-0013,hackathons_list,0,0,0,0,0,2026-03-28 18:03:26.351+00
U-0013,/submit/hack-4-1,0,0,0,0,0,2026-03-17 21:16:59.67+00
U-0013,hack-6-1,0,0,0,0,0,2026-03-25 04:11:29.634+00
U-0013,true,0,0,0,0,0,2026-03-28 03:40:03.309+00
U-0013,Team-U-0013-715,0,0,0,0,0,2026-03-05 22:10:50.717+00
U-0013,hack-5-1,1,1,0,0,0,2026-03-26 12:13:53.114+00
U-0013,T-006,0,2,0,0,0,2026-03-22 02:35:09.243+00
U-0013,/submit/hack-9-1,0,0,0,0,0,2026-03-26 09:58:40.878+00
U-0013,INV-805517,0,0,0,0,0,2026-03-27 07:20:57.079+00
U-0013,Team-U-0013-121,0,0,0,0,0,2026-03-22 02:44:23.243+00
U-0013,Cloud,0,0,0,0,0,2026-03-28 02:12:37.621+00
U-0013,fallback-team_detail_close,0,0,0,0,0,2026-03-22 04:45:08.138+00
U-0013,ongoing,0,0,0,0,0,2026-03-28 18:00:43.351+00
U-0013,all,0,0,0,0,0,2026-03-28 13:43:49.596+00
U-0013,fallback-team_member_kick,0,0,0,0,0,2026-03-24 09:44:58.741+00
U-0013,INV-716097,0,0,0,0,0,2026-03-17 19:45:35.266+00
U-0013,/team/T-013/manage,0,0,0,0,0,2026-03-23 19:36:46.293+00
U-0013,hack-4,7,8,0,0,0,2026-03-28 03:38:18.309+00
U-0013,hack-4-1,0,0,0,0,1,2026-03-19 09:03:54.65+00
U-0013,hack-7,1,2,0,0,0,2026-03-16 10:28:44.53+00
U-0013,hack-15,0,1,0,0,0,2026-03-20 08:49:19.141+00
U-0013,hack-3,4,5,1,0,1,2026-03-26 01:16:20.578+00
U-0013,INV-447818,0,0,0,0,0,2026-03-23 05:23:57.38+00
U-0013,closed,0,0,0,0,0,2026-03-26 08:54:46.401+00
U-0013,/team/T-001/manage,0,0,0,0,0,2026-03-19 07:13:25.435+00
U-0013,hack-5-2,7,14,1,1,0,2026-03-28 18:14:20.351+00
U-0013,/team/T-008/manage,0,0,0,0,0,2026-03-24 05:31:30.542+00
U-0013,hack-8-1,3,5,0,0,0,2026-03-28 02:16:31.621+00
U-0013,T-004,0,1,0,1,0,2026-03-18 01:52:02.47+00
U-0013,/submit/hack-3-2,0,0,0,0,0,2026-03-19 12:21:26.635+00
U-0013,hack-7-1,8,10,1,1,0,2026-03-26 12:14:48.114+00
U-0013,hack-2,10,9,1,1,0,2026-03-28 02:27:17.621+00
U-0013,hack-5,2,8,1,1,0,2026-03-27 20:04:58.585+00
U-0013,fallback-card_click,0,0,0,0,0,2026-03-26 14:52:19.162+00
U-0013,/team/T-011/manage,0,0,0,0,0,2026-03-23 13:23:51.274+00
U-0013,fallback-team_detail_open,0,0,0,0,0,2026-03-28 08:08:38.565+00
U-0013,T-010,0,2,0,0,0,2026-03-25 05:07:03.104+00
U-0013,fallback-invite_response,0,0,0,0,0,2026-03-18 01:52:07.47+00
U-0013,INV-875206,0,0,0,0,0,2026-03-25 11:51:57.592+00
U-0013,/camp,0,0,0,0,0,2026-03-28 23:04:31.154+00
U-0013,T-6477,0,0,0,0,0,2026-03-26 06:31:25.142+00
U-0013,hack-2-2,7,7,0,0,0,2026-03-28 18:09:07.654+00
U-0013,INV-166965,0,0,0,0,0,2026-03-25 13:48:08.433+00
U-0013,hack-11,0,1,0,0,0,2026-03-26 01:21:57.578+00
U-0013,T-003,0,1,0,0,0,2026-03-28 23:35:14.154+00
U-0013,T-030,0,2,0,0,0,2026-03-28 18:29:32.654+00
U-0013,/submit/hack-4-2,0,0,0,0,0,2026-02-27 16:55:57.227+00
U-0013,T-011,0,4,0,1,0,2026-03-27 02:14:01.345+00
U-0013,/matcher,0,0,0,0,0,2026-03-28 13:08:46.357+00
U-0013,T-029,0,6,0,1,0,2026-03-24 12:40:01.525+00
U-0013,fallback-hackathon_view,0,0,0,0,0,2026-03-20 08:49:44.141+00
U-0013,INV-879651,0,0,0,0,0,2026-03-06 12:07:00.527+00
U-0013,T-013,0,3,0,0,0,2026-03-25 04:57:41.104+00
U-0013,T-019,0,2,0,0,0,2026-03-23 02:47:33.214+00
U-0013,T-027,0,2,0,0,0,2026-03-27 21:16:11.19+00
U-0013,INV-282774,0,0,0,0,0,2026-03-20 13:35:54.728+00
U-0013,false,0,0,0,0,0,2026-03-27 21:14:50.19+00
U-0013,INV-180731,0,0,0,0,0,2026-03-01 10:03:36.602+00
U-0013,T-1117,0,0,0,0,0,2026-03-05 22:11:02.717+00
U-0013,T-012,0,1,0,0,0,2026-03-28 23:27:12.154+00
U-0013,hack-10-1,4,7,0,1,0,2026-03-27 01:51:35.345+00
U-0013,T-001,0,2,0,0,0,2026-03-28 13:52:50.596+00
U-0013,INV-302684,0,0,0,0,0,2026-03-12 12:22:23.476+00
U-0013,hack-4-2,3,7,0,0,1,2026-03-28 18:08:23.351+00
U-0013,/profile/notifications,0,0,0,0,0,2026-03-27 07:19:53.079+00
U-0013,T-009,0,2,0,0,0,2026-03-24 12:38:44.525+00
U-0013,hack-8,2,2,0,0,0,2026-03-17 02:29:00.818+00
U-0013,T-016,0,2,0,0,0,2026-03-17 14:59:59.999+00
U-0013,Web,0,0,0,0,0,2026-03-28 18:02:00.351+00
U-0013,hack-3-2,3,4,1,0,1,2026-03-28 23:07:31.154+00
U-0013,user,0,0,0,0,0,2026-03-26 12:11:13.114+00
U-0013,/submit/hack-3,0,0,0,0,0,2026-03-21 21:16:03.543+00
U-0014,/team/T-015/manage,0,0,0,0,0,2026-03-22 14:44:22.511+00
U-0014,T-026,0,3,0,0,0,2026-03-26 05:55:06.691+00
U-0014,T-030,0,9,0,0,0,2026-03-25 00:28:27.649+00
U-0014,hack-2-1,1,1,0,0,0,2026-03-24 13:34:18.697+00
U-0014,T-4489,0,0,0,0,0,2026-03-23 06:27:21.285+00
U-0014,T-004,0,5,0,0,0,2026-03-17 06:02:50.241+00
U-0014,fallback-chatbot_response,0,0,0,0,0,2026-03-02 03:22:35.545+00
U-0014,T-011,0,0,0,0,0,2026-03-17 09:41:05.271+00
U-0014,/team/T-014/manage,0,0,0,0,0,2026-03-17 13:13:06.791+00
U-0014,Cloud,0,0,0,0,0,2026-03-28 14:06:28.665+00
U-0014,T-028,0,3,0,0,0,2026-03-23 11:30:47.509+00
U-0014,hackathons_list,0,0,0,0,0,2026-03-28 14:06:35.665+00
U-0014,/team/T-012/manage,0,0,0,0,0,2026-03-28 08:16:02.742+00
U-0014,hack-8-1,4,4,0,0,0,2026-03-28 13:54:22.521+00
U-0014,hack-5-1,1,1,1,0,0,2026-03-12 12:07:55.775+00
U-0014,T-005,0,4,0,0,0,2026-03-25 10:40:39.655+00
U-0014,T-012,0,3,0,0,0,2026-03-28 08:16:36.742+00
U-0014,T-006,0,2,0,0,0,2026-03-21 15:14:49.122+00
U-0014,hack-7,1,1,0,0,0,2026-03-27 12:20:38.484+00
U-0014,closed,0,0,0,0,0,2026-03-27 03:33:00.022+00
U-0014,hack-9-1,4,8,1,1,1,2026-03-28 13:46:43.521+00
U-0014,all,0,0,0,0,0,2026-03-28 03:54:15.371+00
U-0014,hack-2,4,6,0,1,0,2026-03-28 13:49:02.521+00
U-0014,T-2860,0,0,0,0,0,2026-03-14 08:40:38.405+00
U-0014,T-009,0,1,0,0,0,2026-03-14 08:38:43.405+00
U-0014,T-7060,0,0,0,0,0,2026-03-24 03:08:08.556+00
U-0014,/team/T-017/manage,0,0,0,0,0,2026-03-26 04:16:18.087+00
U-0014,hack-4,1,2,0,0,1,2026-03-28 04:16:12.371+00
U-0014,/profile/notifications,0,0,0,0,0,2026-03-28 06:46:42.672+00
U-0014,/team/T-018/manage,0,0,0,0,0,2026-03-23 13:34:57.091+00
U-0014,/camp,0,0,0,0,0,2026-03-27 02:35:45.135+00
U-0014,ended,0,0,0,0,0,2026-03-22 14:16:30.41+00
U-0014,T-020,0,2,0,0,0,2026-03-25 10:35:01.655+00
U-0014,T-002,0,4,0,0,0,2026-03-25 10:25:47.655+00
U-0014,T-001,0,5,0,1,0,2026-03-27 08:38:58.04+00
U-0014,Team-U-0014-718,0,0,0,0,0,2026-03-14 08:39:55.405+00
U-0014,hack-7-1,0,3,0,0,0,2026-03-28 13:48:15.521+00
U-0014,INV-658123,0,0,0,0,0,2026-03-28 06:47:51.672+00
U-0014,Data,0,0,0,0,0,2026-03-28 03:55:59.371+00
U-0014,/submit/hack-14,0,0,0,0,0,2026-03-23 06:51:44.229+00
U-0014,hack-4-2,2,3,0,1,0,2026-03-20 11:34:36.406+00
U-0014,hack-9,1,0,0,0,0,2026-03-12 11:37:18.216+00
U-0014,INV-612396,0,0,0,0,0,2026-03-22 21:15:52.084+00
U-0014,hack-10-1,6,7,0,1,0,2026-03-28 13:51:42.521+00
U-0014,hack-5-2,2,2,1,1,0,2026-03-25 03:16:23.137+00
U-0014,hack-13,2,2,1,0,0,2026-03-27 02:43:57.869+00
U-0014,/team/T-002/manage,0,0,0,0,0,2026-03-14 14:23:29.233+00
U-0014,INV-225621,0,0,0,0,0,2026-03-27 06:25:11.413+00
U-0014,ongoing,0,0,0,0,0,2026-03-28 14:04:42.665+00
U-0014,INV-730249,0,0,0,0,0,2026-03-12 12:51:58.381+00
U-0014,Web,0,0,0,0,0,2026-03-28 13:39:15.521+00
U-0014,user,0,0,0,0,0,2026-03-27 12:19:01.484+00
U-0014,fallback-team_recruit_toggle,0,0,0,0,0,2026-03-28 08:17:06.742+00
U-0014,fallback-chatbot_query,0,0,0,0,0,2026-03-14 14:30:02.233+00
U-0014,T-017,0,3,0,1,0,2026-03-25 00:19:34.649+00
U-0014,T-016,0,1,0,0,0,2026-03-25 10:18:11.655+00
U-0014,T-029,0,1,0,0,0,2026-03-24 03:04:48.556+00
U-0014,/matcher,0,0,0,0,0,2026-03-27 12:17:30.484+00
U-0014,/submit/hack-9-1,0,0,0,0,0,2026-03-02 03:19:41.545+00
U-0014,hack-6-2,1,4,0,0,0,2026-03-25 02:17:32.801+00
U-0014,T-014,0,2,0,0,0,2026-03-23 12:51:20.386+00
U-0014,Team-U-0014-630,0,0,0,0,0,2026-03-24 14:33:08.84+00
U-0014,fallback-hackathon_filter,0,0,0,0,0,2026-03-03 07:21:16.007+00
U-0014,Team-U-0014-762,0,0,0,0,0,2026-03-16 06:26:00.165+00
U-0014,Team-U-0014-552,0,0,0,0,0,2026-03-23 06:25:53.285+00
U-0014,INV-772247,0,0,0,0,0,2026-03-06 06:50:55.299+00
U-0014,hack-4-1,1,2,0,0,0,2026-03-25 02:19:01.801+00
U-0014,team,0,0,0,0,0,2026-03-23 12:47:12.386+00
U-0014,T-015,0,1,0,0,0,2026-03-22 14:47:25.511+00
U-0014,T-019,0,1,0,1,0,2026-03-24 01:03:10.895+00
U-0014,hack-5,4,8,0,0,0,2026-03-28 04:02:04.371+00
U-0014,INV-189305,0,0,0,0,0,2026-03-23 20:13:08.699+00
U-0014,chatbot_room,0,0,0,0,0,2026-03-28 07:57:52.295+00
U-0014,hack-3-2,0,3,0,0,0,2026-03-17 10:57:32.688+00
U-0014,Team-U-0014-158,0,0,0,0,0,2026-03-03 07:20:05.007+00
U-0014,true,0,0,0,0,0,2026-03-27 12:21:00.484+00
U-0014,hack-3-1,0,0,0,0,0,2026-03-25 10:05:07.655+00
U-0014,/hackathons,0,0,0,0,0,2026-03-28 14:03:37.665+00
U-0014,INV-358480,0,0,0,0,0,2026-03-23 12:37:53.528+00
U-0014,hack-12,1,1,1,0,0,2026-03-27 02:40:52.869+00
U-0014,T-008,0,3,0,1,0,2026-03-24 00:55:36.895+00
U-0014,/submit/hack-7,0,0,0,0,0,2026-03-11 15:04:45.762+00
U-0014,false,0,0,0,0,0,2026-03-25 09:33:03.343+00
U-0014,hack-11,0,0,0,0,0,2026-03-14 08:29:11.405+00
U-0014,hack-8,0,0,0,0,0,2026-03-17 10:29:13.317+00
U-0014,/submit/hack-4,0,0,0,0,0,2026-03-23 05:04:32.094+00
U-0014,open,0,0,0,0,0,2026-03-24 02:52:16.556+00
U-0014,/team/T-029/manage,0,0,0,0,0,2026-03-03 13:41:44.105+00
U-0014,fallback-page_view,0,0,0,0,0,2026-03-20 14:52:45.213+00
U-0014,T-010,0,1,0,0,0,2026-03-27 02:41:27.135+00
U-0014,T-027,0,13,0,0,0,2026-03-27 03:36:34.022+00
U-0014,fallback-matcher_profile_select,0,0,0,0,0,2026-03-11 15:05:20.762+00
U-0014,/chat,0,0,0,0,0,2026-03-27 12:49:33.377+00
U-0014,INV-193553,0,0,0,0,0,2026-03-24 20:43:11.276+00
U-0014,T-018,0,0,0,0,0,2026-03-23 13:36:18.091+00
U-0014,T-013,0,3,0,0,0,2026-03-20 02:26:34.478+00
U-0014,INV-239024,0,0,0,0,0,2026-03-17 09:39:34.271+00
U-0014,hack-2-2,2,4,0,0,0,2026-03-28 14:11:38.665+00
U-0014,hack-6,0,4,1,0,0,2026-03-28 14:15:21.665+00
U-0014,T-8846,0,0,0,0,0,2026-03-03 07:20:58.007+00
U-0014,hack-14,0,0,0,0,1,2026-03-23 06:53:11.229+00
U-0014,hack-3,5,3,0,1,0,2026-03-26 05:44:59.829+00
U-0015,hack-5-2,6,7,0,0,1,2026-03-28 11:52:57.179+00
U-0015,T-006,0,2,0,1,0,2026-03-27 12:14:23.645+00
U-0015,INV-578531,0,0,0,0,0,2026-03-12 17:43:23.795+00
U-0015,/submit/hack-2,0,0,0,0,0,2026-03-11 13:34:40.486+00
U-0015,hack-3,7,9,1,0,0,2026-03-20 10:05:13.329+00
U-0015,T-018,0,2,0,0,0,2026-03-27 09:53:22.069+00
U-0015,T-2892,0,0,0,0,0,2026-03-19 13:48:12.842+00
U-0015,hack-10,1,2,0,0,0,2026-03-28 13:59:10.243+00
U-0015,/profile/notifications,0,0,0,0,0,2026-03-28 05:46:25.094+00
U-0015,hack-3-1,0,0,0,0,0,2026-03-15 10:21:43.519+00
U-0015,all,0,0,0,0,0,2026-03-28 11:44:49.179+00
U-0015,hack-3-2,7,11,0,1,0,2026-03-27 03:29:02.429+00
U-0015,T-017,0,0,0,0,0,2026-03-24 18:24:59.757+00
U-0015,hack-2,4,5,1,0,1,2026-03-26 11:15:39.613+00
U-0015,T-016,0,1,0,1,0,2026-03-20 11:43:45.627+00
U-0015,/team/T-014/manage,0,0,0,0,0,2026-03-17 11:37:21.636+00
U-0015,T-3066,0,0,0,0,0,2026-03-25 16:50:00.156+00
U-0015,user,0,0,0,0,0,2026-03-27 03:27:36.429+00
U-0015,T-026,0,2,0,1,0,2026-03-26 11:48:43.613+00
U-0015,/submit/hack-4,0,0,0,0,0,2026-03-05 11:04:45.01+00
U-0015,T-027,0,4,0,0,0,2026-03-25 13:26:12.184+00
U-0015,INV-565793,0,0,0,0,0,2026-03-20 11:42:32.627+00
U-0015,T-019,0,2,0,0,0,2026-03-13 06:42:03.687+00
U-0015,hack-6,6,7,0,1,0,2026-03-28 11:49:08.179+00
U-0015,INV-755097,0,0,0,0,0,2026-03-18 19:42:26.799+00
U-0015,T-004,0,3,0,0,0,2026-03-25 16:47:26.156+00
U-0015,T-020,0,2,0,1,0,2026-03-25 14:14:17.325+00
U-0015,T-003,0,1,0,0,0,2026-03-27 03:50:57.273+00
U-0015,true,0,0,0,0,0,2026-03-20 13:01:43.092+00
U-0015,hack-8,1,1,1,0,0,2026-03-11 13:53:43.324+00
U-0015,T-009,0,0,0,0,0,2026-03-25 13:24:04.184+00
U-0015,/submit/hack-5-2,0,0,0,0,0,2026-03-22 04:50:44.054+00
U-0015,hack-5-1,1,1,0,0,0,2026-03-06 14:25:48.331+00
U-0015,hack-12,1,1,0,0,0,2026-03-06 14:31:40.331+00
U-0015,Data,0,0,0,0,0,2026-03-15 08:17:11.516+00
U-0015,/team/T-016/manage,0,0,0,0,0,2026-03-06 10:37:41.552+00
U-0015,hack-4-2,6,7,0,1,0,2026-03-28 14:11:59.243+00
U-0015,hack-11,1,1,0,0,0,2026-03-20 13:03:17.092+00
U-0015,fallback-team_detail_dwell,0,0,0,0,0,2026-03-26 14:47:21.315+00
U-0015,hack-5,1,2,1,0,0,2026-03-27 10:30:24.304+00
U-0015,T-011,0,0,0,1,0,2026-03-24 10:04:31.896+00
U-0015,/chat,0,0,0,0,0,2026-03-27 09:49:00.08+00
U-0015,team,0,0,0,0,0,2026-03-28 04:41:41.638+00
U-0015,/camp,0,0,0,0,0,2026-03-28 01:56:40.64+00
U-0015,INV-705538,0,0,0,0,0,2026-03-26 04:55:27.747+00
U-0015,T-015,0,2,0,0,0,2026-03-27 13:46:01.132+00
U-0015,closed,0,0,0,0,0,2026-03-26 11:13:46.613+00
U-0015,T-005,0,4,0,0,0,2026-03-25 16:41:25.156+00
U-0015,INV-440706,0,0,0,0,0,2026-03-10 13:10:34.411+00
U-0015,fallback-invite_send,0,0,0,0,0,2026-03-13 10:30:25.788+00
U-0015,fallback-invite_response,0,0,0,0,0,2026-03-16 13:34:45.566+00
U-0015,/matcher,0,0,0,0,0,2026-03-25 13:19:58.184+00
U-0015,T-002,0,2,0,0,0,2026-03-28 02:25:02.64+00
U-0015,Team-U-0015-719,0,0,0,0,0,2026-03-20 05:57:15.289+00
U-0015,T-029,0,17,0,0,0,2026-03-27 10:45:21.304+00
U-0015,AI,0,0,0,0,0,2026-03-24 09:13:14.817+00
U-0015,hack-6-1,2,2,0,0,0,2026-03-25 02:16:23.021+00
U-0015,hackathons_list,0,0,0,0,0,2026-03-28 11:45:24.179+00
U-0015,hack-10-1,2,2,0,0,0,2026-03-28 14:03:24.243+00
U-0015,/submit/hack-7-1,0,0,0,0,0,2026-03-20 03:31:57.772+00
U-0015,/team/T-013/manage,0,0,0,0,0,2026-03-23 03:14:50.412+00
U-0015,T-013,0,1,0,0,0,2026-03-23 03:16:55.412+00
U-0015,false,0,0,0,0,0,2026-03-25 13:22:04.184+00
U-0015,hack-14,3,4,0,0,0,2026-03-28 12:01:05.179+00
U-0015,INV-979410,0,0,0,0,0,2026-03-24 14:00:44.209+00
U-0015,INV-850450,0,0,0,0,0,2026-03-13 10:29:27.788+00
U-0015,hack-9,0,0,0,0,0,2026-03-10 14:30:58.063+00
U-0015,Team-U-0015-414,0,0,0,0,0,2026-03-19 13:47:09.842+00
U-0015,T-010,0,0,0,1,0,2026-03-25 08:36:07.042+00
U-0015,T-030,0,4,0,0,0,2026-03-27 13:34:36.132+00
U-0015,hack-2-1,1,1,0,0,0,2026-03-28 14:14:03.243+00
U-0015,T-028,0,3,0,0,0,2026-03-28 02:06:59.64+00
U-0015,/team/T-010/manage,0,0,0,0,0,2026-03-25 08:33:02.042+00
U-0015,/submit/hack-9-1,0,0,0,0,0,2026-03-27 17:33:15.415+00
U-0015,/team/T-006/manage,0,0,0,0,0,2026-03-27 12:08:53.645+00
U-0015,Team-U-0015-948,0,0,0,0,0,2026-03-26 14:59:59.999+00
U-0015,hack-8-1,5,8,0,0,0,2026-03-28 12:06:42.179+00
U-0015,Team-U-0015-160,0,0,0,0,0,2026-03-07 11:46:18.567+00
U-0015,T-2909,0,0,0,0,0,2026-03-20 05:57:33.289+00
U-0015,fallback-chatbot_response,0,0,0,0,0,2026-03-06 10:41:46.552+00
U-0015,Team-U-0015-990,0,0,0,0,0,2026-03-11 14:59:59.999+00
U-0015,/hackathons,0,0,0,0,0,2026-03-28 13:50:45.243+00
U-0015,hack-7-1,4,4,0,0,1,2026-03-25 16:32:58.156+00
U-0015,/team/T-029/manage,0,0,0,0,0,2026-03-11 14:07:26.276+00
U-0015,hack-4-1,0,1,0,0,0,2026-03-27 03:30:31.429+00
U-0015,INV-907613,0,0,0,0,0,2026-03-13 12:03:09.588+00
U-0015,fallback-team_request_create,0,0,0,0,0,2026-03-13 14:54:41.294+00
U-0015,hack-2-2,3,7,0,0,0,2026-03-27 13:26:21.132+00
U-0015,hack-7,0,0,0,0,0,2026-03-27 03:40:21.273+00
U-0015,/team/T-002/manage,0,0,0,0,0,2026-03-05 04:53:24.093+00
U-0015,T-008,0,1,0,1,0,2026-03-28 02:05:25.64+00
U-0015,chatbot_room,0,0,0,0,0,2026-03-27 12:13:55.155+00
U-0015,hack-9-1,8,8,1,0,0,2026-03-24 04:33:41.52+00
U-0015,T-014,0,1,0,0,0,2026-03-22 02:18:56.541+00
U-0015,Web,0,0,0,0,0,2026-03-19 05:56:04.598+00
U-0015,open,0,0,0,0,0,2026-03-25 16:32:41.156+00
U-0015,fallback-submit_project,0,0,0,0,0,2026-03-27 17:36:05.415+00
U-0015,T-8488,0,0,0,0,0,2026-03-26 14:59:59.999+00
U-0015,/team/T-003/manage,0,0,0,0,0,2026-03-16 01:48:11.794+00
U-0015,ended,0,0,0,0,0,2026-03-24 12:08:48.814+00
U-0015,hack-4,4,5,0,0,0,2026-03-26 14:44:10.43+00
U-0015,/team/T-015/manage,0,0,0,0,0,2026-03-06 12:06:27.887+00
U-0015,Cloud,0,0,0,0,0,2026-03-22 11:05:21.614+00
U-0015,ongoing,0,0,0,0,0,2026-03-22 11:04:12.614+00
U-0015,Blockchain,0,0,0,0,0,2026-03-15 08:33:34.587+00
U-0015,INV-946331,0,0,0,0,0,2026-03-18 02:50:05.745+00
U-0015,fallback-matcher_filter,0,0,0,0,0,2026-03-05 13:57:35.634+00
U-0015,hack-6-2,2,2,1,0,0,2026-03-16 13:34:29.566+00
U-0015,T-001,0,1,0,0,0,2026-03-28 02:35:25.64+00
U-0015,/team/T-018/manage,0,0,0,0,0,2026-03-24 10:13:19.85+00
U-0016,fallback-matcher_filter,0,0,0,0,0,2026-03-16 12:14:10.006+00
U-0016,false,0,0,0,0,0,2026-03-18 14:01:21.751+00
U-0016,/team/T-029/manage,0,0,0,0,0,2026-03-24 17:12:15.126+00
U-0016,hack-4,4,5,1,0,0,2026-03-24 10:15:19.043+00
U-0016,T-016,0,4,0,0,0,2026-03-25 11:07:14.051+00
U-0016,ended,0,0,0,0,0,2026-03-27 12:20:59.15+00
U-0016,Team-U-0016-399,0,0,0,0,0,2026-03-22 14:02:41.456+00
U-0016,Data,0,0,0,0,0,2026-03-24 14:26:45.872+00
U-0016,T-030,0,4,0,0,0,2026-03-22 14:30:45.803+00
U-0016,T-014,0,2,0,1,0,2026-03-25 03:42:50.659+00
U-0016,/submit/hack-10-1,0,0,0,0,0,2026-03-27 17:00:55.465+00
U-0016,Team-U-0016-226,0,0,0,0,0,2026-03-25 01:31:31.897+00
U-0016,hack-13,1,1,0,0,0,2026-03-25 12:35:52.865+00
U-0016,/team/T-001/manage,0,0,0,0,0,2026-03-26 14:58:24.738+00
U-0016,/submit/hack-5-2,0,0,0,0,0,2026-03-14 10:18:11.513+00
U-0016,hack-14,1,1,0,0,0,2026-03-22 05:59:06.716+00
U-0016,ongoing,0,0,0,0,0,2026-03-28 10:36:56.142+00
U-0016,/camp,0,0,0,0,0,2026-03-28 13:36:07.138+00
U-0016,/team/T-018/manage,0,0,0,0,0,2026-03-17 08:51:12.105+00
U-0016,hack-3,3,5,1,1,0,2026-03-28 13:37:25.138+00
U-0016,INV-563430,0,0,0,0,0,2026-03-19 12:36:00.332+00
U-0016,INV-876624,0,0,0,0,0,2026-03-12 01:45:55.119+00
U-0016,T-020,0,5,0,1,0,2026-03-28 13:53:36.33+00
U-0016,T-019,0,2,0,0,0,2026-03-22 18:49:50.609+00
U-0016,T-006,0,1,0,1,0,2026-03-25 10:43:59.051+00
U-0016,INV-472749,0,0,0,0,0,2026-03-19 08:33:23.445+00
U-0016,/matcher,0,0,0,0,0,2026-03-22 06:06:24.718+00
U-0016,hack-6,7,9,0,1,0,2026-03-28 13:28:35.853+00
U-0016,Team-U-0016-916,0,0,0,0,0,2026-03-12 04:45:37.31+00
U-0016,T-012,0,2,0,0,0,2026-03-27 13:31:50.721+00
U-0016,hack-3-1,0,0,0,0,0,2026-03-22 10:05:14.694+00
U-0016,T-007,0,1,0,0,0,2026-03-21 02:13:11.43+00
U-0016,hack-8,1,2,0,0,0,2026-03-20 07:22:36.003+00
U-0016,/submit/hack-11,0,0,0,0,0,2026-03-10 03:39:47.344+00
U-0016,T-017,0,2,0,0,0,2026-03-22 14:59:59.999+00
U-0016,/profile/notifications,0,0,0,0,0,2026-03-28 13:51:06.33+00
U-0016,hack-6-1,0,0,0,0,0,2026-03-18 14:02:59.751+00
U-0016,team,0,0,0,0,0,2026-03-22 06:06:57.718+00
U-0016,hack-10,2,2,1,0,0,2026-03-18 13:20:32.602+00
U-0016,hack-2,4,5,1,0,0,2026-03-28 13:19:38.853+00
U-0016,fallback-hackathon_interest_toggle,0,0,0,0,0,2026-03-22 10:31:00.15+00
U-0016,T-4912,0,0,0,0,0,2026-03-25 03:53:38.659+00
U-0016,T-026,0,2,0,0,0,2026-03-27 13:53:14.526+00
U-0016,T-7778,0,0,0,0,0,2026-03-02 06:51:35.094+00
U-0016,Team-U-0016-385,0,0,0,0,0,2026-03-25 03:53:14.659+00
U-0016,hack-2-1,0,0,0,0,0,2026-03-17 14:32:37.292+00
U-0016,INV-101555,0,0,0,0,0,2026-03-24 05:07:37.617+00
U-0016,T-004,0,1,0,0,0,2026-03-27 14:08:28.526+00
U-0016,INV-772253,0,0,0,0,0,2026-03-20 08:30:40.581+00
U-0016,INV-653069,0,0,0,0,0,2026-03-16 14:30:50.813+00
U-0016,closed,0,0,0,0,0,2026-03-27 13:36:52.526+00
U-0016,Team-U-0016-518,0,0,0,0,0,2026-03-02 06:50:13.094+00
U-0016,INV-458553,0,0,0,0,0,2026-03-01 23:07:33.256+00
U-0016,hack-5-2,3,5,0,0,1,2026-03-27 02:58:45.228+00
U-0016,/team/T-012/manage,0,0,0,0,0,2026-03-25 04:02:15.246+00
U-0016,hackathons_list,0,0,0,0,0,2026-03-28 14:18:43.68+00
U-0016,fallback-team_member_kick,0,0,0,0,0,2026-03-20 08:31:48.581+00
U-0016,hack-6-2,3,5,0,0,0,2026-03-27 12:34:21.15+00
U-0016,hack-9-1,4,7,0,0,0,2026-03-28 10:54:35.142+00
U-0016,T-001,0,4,0,1,0,2026-03-26 14:59:59.999+00
U-0016,T-009,0,4,0,0,0,2026-03-27 13:41:58.526+00
U-0016,T-002,0,3,0,0,0,2026-03-22 14:49:50.803+00
U-0016,T-027,0,10,0,1,0,2026-03-28 13:49:17.138+00
U-0016,hack-4-2,3,6,0,0,1,2026-03-28 10:47:37.142+00
U-0016,T-011,0,5,0,0,0,2026-03-27 13:58:03.526+00
U-0016,hack-2-2,4,6,0,0,0,2026-03-24 14:43:58.872+00
U-0016,INV-833157,0,0,0,0,0,2026-03-17 09:28:06.473+00
U-0016,hack-7-1,5,5,1,0,0,2026-03-28 14:26:45.68+00
U-0016,INV-291021,0,0,0,0,0,2026-03-16 12:12:22.006+00
U-0016,/team/T-013/manage,0,0,0,0,0,2026-03-14 06:40:20.352+00
U-0016,Team-U-0016-688,0,0,0,0,0,2026-03-22 14:50:49.803+00
U-0016,/submit/hack-4-2,0,0,0,0,0,2026-03-25 09:37:33.825+00
U-0016,hack-11,1,1,0,0,1,2026-03-18 11:45:08.177+00
U-0016,true,0,0,0,0,0,2026-03-17 14:31:09.292+00
U-0016,hack-12,1,1,0,0,0,2026-03-17 10:27:48.836+00
U-0016,T-9956,0,0,0,0,0,2026-03-22 14:52:10.803+00
U-0016,T-013,0,1,0,0,0,2026-03-20 12:29:02.688+00
U-0016,Web,0,0,0,0,0,2026-03-28 03:01:58.52+00
U-0016,chatbot_room,0,0,0,0,0,2026-03-28 11:14:58.088+00
U-0016,T-6627,0,0,0,0,0,2026-03-22 14:02:49.456+00
U-0016,hack-3-2,9,9,1,1,0,2026-03-28 10:43:25.142+00
U-0016,T-029,0,12,0,0,0,2026-03-25 06:12:29.036+00
U-0016,hack-5-1,1,2,0,0,1,2026-03-20 09:43:58.34+00
U-0016,AI,0,0,0,0,0,2026-03-10 04:53:52.293+00
U-0016,INV-676043,0,0,0,0,0,2026-03-21 02:11:33.43+00
U-0016,/chat,0,0,0,0,0,2026-03-28 11:13:00.088+00
U-0016,Team-U-0016-838,0,0,0,0,0,2026-03-02 13:33:10.231+00
U-0016,/team/T-027/manage,0,0,0,0,0,2026-03-21 14:59:59.999+00
U-0016,all,0,0,0,0,0,2026-03-28 13:13:39.853+00
U-0016,INV-208035,0,0,0,0,0,2026-03-19 11:34:06.653+00
U-0016,hack-9,0,2,0,0,0,2026-03-24 11:41:30.468+00
U-0016,/team/T-004/manage,0,0,0,0,0,2026-03-17 10:44:18.742+00
U-0016,hack-5,3,4,0,0,0,2026-03-28 03:04:52.52+00
U-0016,T-008,0,1,0,0,0,2026-03-22 06:09:36.718+00
U-0016,fallback-team_request_review,0,0,0,0,0,2026-03-25 05:59:36.624+00
U-0016,T-018,0,2,0,0,0,2026-03-26 09:51:23.217+00
U-0016,Blockchain,0,0,0,0,0,2026-03-28 14:18:38.68+00
U-0016,T-028,0,6,0,1,0,2026-03-27 10:19:37.155+00
U-0016,T-9034,0,0,0,0,0,2026-03-02 13:33:47.231+00
U-0016,hack-4-1,2,2,0,0,0,2026-03-27 10:10:25.155+00
U-0016,/hackathons,0,0,0,0,0,2026-03-28 14:17:46.68+00
U-0016,open,0,0,0,0,0,2026-03-25 12:35:22.865+00
U-0016,INV-404010,0,0,0,0,0,2026-03-16 12:40:33.555+00
U-0016,hack-8-1,7,8,0,1,0,2026-03-28 14:21:23.68+00
U-0016,T-015,0,1,0,1,0,2026-03-22 06:21:43.716+00
U-0016,user,0,0,0,0,0,2026-03-18 14:00:58.751+00
U-0016,INV-821737,0,0,0,0,0,2026-03-28 13:51:54.33+00
U-0016,/team/T-017/manage,0,0,0,0,0,2026-03-06 18:35:17.42+00
U-0016,T-003,0,2,0,0,0,2026-03-25 10:56:45.051+00
U-0016,hack-10-1,7,7,1,1,1,2026-03-28 03:08:50.52+00
U-0016,T-005,0,4,0,0,0,2026-03-27 10:29:28.155+00
U-0016,T-010,0,3,0,1,0,2026-03-22 10:20:15.694+00
U-0017,true,0,0,0,0,0,2026-03-28 13:51:26.815+00
U-0017,T-012,0,1,0,0,0,2026-03-05 13:32:29.663+00
U-0017,hack-4-1,0,0,0,0,0,2026-03-10 07:41:26.153+00
U-0017,/team/T-004/manage,0,0,0,0,0,2026-03-11 12:25:58.326+00
U-0017,/profile/notifications,0,0,0,0,0,2026-03-27 14:26:31.066+00
U-0017,T-002,0,1,0,0,0,2026-03-17 12:52:58.763+00
U-0017,T-009,0,3,0,0,0,2026-03-27 12:13:08.403+00
U-0017,T-028,0,1,0,0,0,2026-03-27 07:54:15.7+00
U-0017,T-006,0,0,0,1,0,2026-03-27 02:26:08.682+00
U-0017,T-020,0,1,0,0,0,2026-03-26 12:06:03.899+00
U-0017,fallback-recommendation_click,0,0,0,0,0,2026-03-10 10:21:38.892+00
U-0017,/matcher,0,0,0,0,0,2026-03-28 04:04:15.684+00
U-0017,fallback-submit_project,0,0,0,0,0,2026-03-26 02:35:11.101+00
U-0017,hack-6,0,0,0,0,0,2026-03-28 13:50:45.815+00
U-0017,closed,0,0,0,0,0,2026-03-20 16:13:32.476+00
U-0017,INV-676346,0,0,0,0,0,2026-03-10 00:57:41.428+00
U-0017,T-027,0,2,0,0,0,2026-03-26 12:09:10.545+00
U-0017,hack-8,0,1,0,0,0,2026-03-06 13:30:51.029+00
U-0017,hack-9-1,2,2,0,0,0,2026-03-11 14:18:56.569+00
U-0017,T-030,0,0,0,0,0,2026-03-20 13:17:40.843+00
U-0017,hack-2-2,0,0,0,0,0,2026-03-26 11:56:51.899+00
U-0017,all,0,0,0,0,0,2026-03-28 11:16:19.766+00
U-0017,/camp,0,0,0,0,0,2026-03-28 11:13:25.766+00
U-0017,AI,0,0,0,0,0,2026-03-28 00:22:00.15+00
U-0017,hack-3-1,0,0,0,0,0,2026-03-27 11:57:44.403+00
U-0017,T-017,0,1,0,0,0,2026-03-10 05:31:31.063+00
U-0017,Data,0,0,0,0,0,2026-03-10 07:21:13.048+00
U-0017,hackathons_list,0,0,0,0,0,2026-03-28 09:38:17.719+00
U-0017,T-014,0,1,0,0,0,2026-03-06 09:33:32.112+00
U-0017,user,0,0,0,0,0,2026-03-27 11:32:31.57+00
U-0017,T-018,0,1,0,0,0,2026-03-28 11:25:07.766+00
U-0017,/chat,0,0,0,0,0,2026-03-28 10:35:06.32+00
U-0017,/team/T-013/manage,0,0,0,0,0,2026-03-14 10:44:47.542+00
U-0017,T-008,0,0,0,0,0,2026-03-21 06:16:10.135+00
U-0017,hack-8-1,1,1,0,0,0,2026-03-20 16:14:55.476+00
U-0017,fallback-hackathon_join,0,0,0,0,0,2026-03-28 09:48:03.719+00
U-0017,fallback-team_request_review,0,0,0,0,0,2026-03-26 07:13:43.849+00
U-0017,T-005,0,1,0,0,0,2026-03-20 16:23:21.476+00
U-0017,T-015,0,2,0,0,0,2026-03-28 11:31:23.766+00
U-0017,hack-4,0,0,0,0,0,2026-03-28 13:52:47.815+00
U-0017,notification_panel,0,0,0,0,0,2026-03-06 01:38:48.611+00
U-0017,ongoing,0,0,0,0,0,2026-03-10 07:19:26.048+00
U-0017,/hackathons,0,0,0,0,0,2026-03-28 09:36:53.719+00
U-0017,hack-2,0,1,0,0,0,2026-03-10 07:24:58.048+00
U-0017,T-029,0,1,0,0,0,2026-03-11 06:38:52.135+00
U-0017,T-026,0,3,0,1,0,2026-03-27 14:28:53.066+00
U-0017,T-004,0,2,0,0,0,2026-03-27 11:57:54.403+00
U-0017,/team/T-029/manage,0,0,0,0,0,2026-03-10 10:21:28.892+00
U-0017,hack-3-2,2,2,0,0,0,2026-03-26 13:28:09.719+00
U-0017,hack-3,0,1,0,0,1,2026-03-26 12:02:29.545+00
U-0017,T-013,0,0,0,1,0,2026-03-20 14:46:29.017+00
U-0017,hack-6-1,0,0,0,0,1,2026-03-28 11:17:00.766+00
U-0017,T-010,0,0,0,0,0,2026-03-28 04:08:30.684+00
U-0017,/team/T-008/manage,0,0,0,0,0,2026-03-21 06:12:56.135+00
U-0017,hack-6-2,0,0,0,0,0,2026-03-26 13:24:52.719+00
U-0017,T-019,0,1,0,0,0,2026-03-28 04:06:47.684+00
U-0017,team,0,0,0,0,0,2026-03-28 04:04:34.684+00
U-0017,fallback-hackathon_interest_toggle,0,0,0,0,0,2026-03-27 14:28:56.066+00
U-0017,INV-769053,0,0,0,0,0,2026-03-06 01:36:37.611+00
U-0017,INV-715418,0,0,0,0,0,2026-03-27 14:27:26.066+00
U-0017,hack-7-1,0,1,0,0,0,2026-03-17 14:59:59.999+00
U-0017,hack-2-1,2,3,0,0,0,2026-03-27 11:34:13.57+00
U-0017,fallback-invite_response,0,0,0,0,0,2026-03-16 22:21:27.234+00
U-0017,Web,0,0,0,0,0,2026-03-06 13:23:39.029+00
U-0017,T-016,0,1,0,0,0,2026-03-28 11:40:44.766+00
U-0017,open,0,0,0,0,0,2026-03-06 06:14:08.446+00
U-0017,hack-4-2,3,3,0,0,0,2026-03-28 09:47:50.719+00
U-0017,chatbot_room,0,0,0,0,0,2026-03-28 10:40:28.32+00
U-0017,hack-10-1,1,0,1,0,0,2026-03-17 14:59:59.999+00
U-0017,hack-5,1,1,0,0,0,2026-03-28 00:28:29.15+00
U-0017,ended,0,0,0,0,0,2026-03-28 09:37:56.719+00
U-0017,/submit/hack-6-1,0,0,0,0,0,2026-03-05 07:22:30.698+00
U-0017,hack-5-2,1,1,1,0,0,2026-03-28 13:53:29.815+00
U-0017,hack-12,0,0,0,0,0,2026-03-10 05:21:13.063+00
U-0018,INV-741741,0,0,0,0,0,2026-03-09 09:06:55.162+00
U-0018,T-027,0,13,0,1,0,2026-03-24 00:33:06.51+00
U-0018,T-009,0,0,0,1,0,2026-03-26 08:23:32.488+00
U-0018,hack-8-1,5,8,0,1,1,2026-03-27 14:01:27.574+00
U-0018,hack-4,3,4,1,0,0,2026-03-25 12:54:46.583+00
U-0018,/chat,0,0,0,0,0,2026-03-27 14:40:52.626+00
U-0018,hack-9-1,4,3,1,0,0,2026-03-26 09:50:22.466+00
U-0018,hack-5-1,1,1,0,0,0,2026-03-25 11:21:49.157+00
U-0018,hack-7-1,1,2,0,0,0,2026-03-18 05:42:23.823+00
U-0018,Cloud,0,0,0,0,0,2026-03-13 11:06:36.221+00
U-0018,T-016,0,4,0,0,0,2026-03-25 13:48:08.235+00
U-0018,all,0,0,0,0,0,2026-03-27 11:30:06.074+00
U-0018,hack-15,0,0,0,0,0,2026-03-20 07:54:50.801+00
U-0018,Web,0,0,0,0,0,2026-03-27 11:30:17.074+00
U-0018,hack-5,9,10,1,1,0,2026-03-26 09:53:00.466+00
U-0018,T-014,0,4,0,0,0,2026-03-27 10:36:37.841+00
U-0018,T-013,0,2,0,0,0,2026-03-27 10:57:12.841+00
U-0018,/camp,0,0,0,0,0,2026-03-27 00:17:22.886+00
U-0018,/team/T-012/manage,0,0,0,0,0,2026-03-25 14:32:11.033+00
U-0018,T-4166,0,0,0,0,0,2026-03-24 13:04:28.027+00
U-0018,user,0,0,0,0,0,2026-03-17 10:46:54.218+00
U-0018,T-006,0,1,0,0,0,2026-03-20 11:20:36.001+00
U-0018,/hackathons,0,0,0,0,0,2026-03-27 13:48:03.574+00
U-0018,Data,0,0,0,0,0,2026-03-19 13:08:49.476+00
U-0018,hack-9,0,0,0,0,0,2026-03-17 10:48:45.218+00
U-0018,chatbot_room,0,0,0,0,0,2026-03-27 14:44:08.626+00
U-0018,Team-U-0018-818,0,0,0,0,0,2026-03-10 09:00:07.895+00
U-0018,Team-U-0018-344,0,0,0,0,0,2026-03-25 19:40:12.629+00
U-0018,T-019,0,1,0,0,0,2026-03-18 06:14:24.528+00
U-0018,T-004,0,1,0,0,0,2026-03-10 13:49:19.835+00
U-0018,/matcher,0,0,0,0,0,2026-03-27 14:24:21.242+00
U-0018,notification_panel,0,0,0,0,0,2026-03-04 13:52:29.053+00
U-0018,T-003,0,1,0,0,0,2026-03-21 10:40:53.619+00
U-0018,T-007,0,3,0,1,0,2026-03-19 09:53:24.633+00
U-0018,Blockchain,0,0,0,0,0,2026-03-27 13:49:20.574+00
U-0018,INV-382811,0,0,0,0,0,2026-03-20 09:59:56.462+00
U-0018,/team/T-016/manage,0,0,0,0,0,2026-03-18 04:41:37.411+00
U-0018,INV-538056,0,0,0,0,0,2026-03-27 04:30:50.156+00
U-0018,hack-13,1,1,0,0,0,2026-03-10 09:46:04.169+00
U-0018,Team-U-0018-908,0,0,0,0,0,2026-03-19 09:53:57.633+00
U-0018,hack-5-2,4,6,0,0,0,2026-03-27 10:26:46.63+00
U-0018,INV-741540,0,0,0,0,0,2026-03-10 03:26:06.37+00
U-0018,/team/T-001/manage,0,0,0,0,0,2026-03-09 09:37:50.505+00
U-0018,hack-8,0,1,0,0,0,2026-03-18 11:37:25.174+00
U-0018,hack-3,5,8,0,1,1,2026-03-27 11:34:34.074+00
U-0018,hack-7,1,1,0,0,0,2026-03-20 07:52:40.801+00
U-0018,/team/T-005/manage,0,0,0,0,0,2026-03-13 14:20:36.742+00
U-0018,T-030,0,9,0,0,0,2026-03-26 09:23:00.43+00
U-0018,hack-6-1,0,0,0,0,0,2026-03-16 14:12:53.6+00
U-0018,INV-570111,0,0,0,0,0,2026-03-05 12:13:44.055+00
U-0018,T-029,0,7,0,0,0,2026-03-25 09:22:14.189+00
U-0018,true,0,0,0,0,0,2026-03-27 14:26:03.242+00
U-0018,/profile/notifications,0,0,0,0,0,2026-03-26 11:49:34.889+00
U-0018,T-020,0,5,0,0,0,2026-03-24 13:01:18.027+00
U-0018,hackathons_list,0,0,0,0,0,2026-03-27 13:49:42.574+00
U-0018,/submit/hack-8-1,0,0,0,0,0,2026-03-04 10:17:15.086+00
U-0018,INV-682467,0,0,0,0,0,2026-03-20 04:37:58.479+00
U-0018,fallback-team_create_attempt,0,0,0,0,0,2026-03-24 17:18:50.382+00
U-0018,hack-3-2,4,5,1,1,1,2026-03-27 13:53:06.574+00
U-0018,T-3608,0,0,0,0,0,2026-03-19 09:54:29.633+00
U-0018,hack-3-1,1,2,1,0,0,2026-03-12 21:33:10.453+00
U-0018,Team-U-0018-554,0,0,0,0,0,2026-03-10 10:47:17.85+00
U-0018,T-001,0,2,0,0,0,2026-03-25 06:01:15.338+00
U-0018,T-015,0,0,0,0,0,2026-03-27 14:29:30.242+00
U-0018,T-017,0,2,0,0,0,2026-03-27 00:34:10.886+00
U-0018,Team-U-0018-681,0,0,0,0,0,2026-03-24 13:03:18.027+00
U-0018,/team/T-014/manage,0,0,0,0,0,2026-03-05 11:19:51.842+00
U-0018,hack-14,0,2,0,0,0,2026-03-19 13:15:32.476+00
U-0018,/submit/hack-3-2,0,0,0,0,0,2026-03-04 12:21:22.566+00
U-0018,/submit/hack-3,0,0,0,0,0,2026-03-24 05:51:26.768+00
U-0018,T-026,0,3,0,0,0,2026-03-25 19:39:47.629+00
U-0018,T-002,0,2,0,1,0,2026-03-27 14:30:36.242+00
U-0018,hack-6-2,2,3,0,0,0,2026-03-17 12:37:13.881+00
U-0018,ongoing,0,0,0,0,0,2026-03-27 13:48:17.574+00
U-0018,/team/T-003/manage,0,0,0,0,0,2026-03-21 10:39:33.619+00
U-0018,closed,0,0,0,0,0,2026-03-26 10:06:17.839+00
U-0018,T-018,0,2,0,0,0,2026-03-27 10:50:04.841+00
U-0018,T-008,0,1,0,0,0,2026-03-25 06:09:20.338+00
U-0018,T-6408,0,0,0,0,0,2026-03-10 09:00:25.895+00
U-0018,hack-4-2,3,5,0,0,1,2026-03-26 09:42:02.466+00
U-0018,T-8541,0,0,0,0,0,2026-03-17 10:37:43.707+00
U-0018,Team-U-0018-923,0,0,0,0,0,2026-03-17 10:35:43.707+00
U-0018,/submit/hack-4-2,0,0,0,0,0,2026-03-21 13:56:12.387+00
U-0018,fallback-hackathon_join,0,0,0,0,0,2026-03-10 13:58:48.835+00
U-0018,hack-2,1,1,0,1,0,2026-03-24 09:44:03.482+00
U-0018,hack-6,3,6,1,1,0,2026-03-27 10:30:41.63+00
U-0018,open,0,0,0,0,0,2026-03-27 10:27:05.841+00
U-0018,/submit/hack-2-2,0,0,0,0,0,2026-03-17 23:00:17.266+00
U-0018,T-010,0,1,0,1,0,2026-03-27 11:08:38.841+00
U-0018,fallback-team_create,0,0,0,0,0,2026-03-20 14:02:10.203+00
U-0018,T-028,0,5,0,0,0,2026-03-25 13:59:45.235+00
U-0018,T-005,0,2,0,0,0,2026-03-24 12:42:17.027+00
U-0018,/team/T-010/manage,0,0,0,0,0,2026-03-24 22:29:25.104+00
U-0018,hack-12,1,0,0,0,0,2026-03-17 06:26:36.855+00
U-0018,hack-10-1,3,7,0,0,0,2026-03-24 02:23:19.696+00
U-0018,INV-886958,0,0,0,0,0,2026-03-17 01:31:22.618+00
U-0018,T-012,0,3,0,0,0,2026-03-27 00:29:59.886+00
U-0018,team,0,0,0,0,0,2026-03-27 14:25:12.242+00
U-0018,T-011,0,3,0,1,0,2026-03-27 14:27:52.242+00
U-0018,hack-2-2,1,3,1,1,1,2026-03-27 13:59:10.574+00
U-0018,ended,0,0,0,0,0,2026-03-25 09:18:41.211+00
U-0019,T-007,0,2,0,0,0,2026-03-27 02:40:16.564+00
U-0019,hack-2-2,5,7,0,1,0,2026-03-28 04:14:32.445+00
U-0019,AI,0,0,0,0,0,2026-03-21 05:41:44.872+00
U-0019,hack-5,5,10,0,1,0,2026-03-28 12:55:45.018+00
U-0019,INV-566124,0,0,0,0,0,2026-03-14 07:04:53.492+00
U-0019,T-8612,0,0,0,0,0,2026-03-19 14:59:59.999+00
U-0019,T-030,0,7,0,1,0,2026-03-28 13:03:58.081+00
U-0019,T-016,0,3,0,0,0,2026-03-26 11:20:31.222+00
U-0019,T-014,0,2,0,1,0,2026-03-25 04:55:17.044+00
U-0019,hack-12,0,0,0,0,0,2026-03-27 13:05:30.512+00
U-0019,fallback-page_view,0,0,0,0,0,2026-03-01 18:55:07.199+00
U-0019,T-001,0,3,0,0,0,2026-03-21 20:34:13.708+00
U-0019,Team-U-0019-424,0,0,0,0,0,2026-03-19 14:59:59.999+00
U-0019,all,0,0,0,0,0,2026-03-27 12:20:44.147+00
U-0019,/team/T-030/manage,0,0,0,0,0,2026-03-14 08:06:08.85+00
U-0019,/submit/hack-10-1,0,0,0,0,0,2026-03-28 02:05:27.014+00
U-0019,INV-723620,0,0,0,0,0,2026-03-19 08:28:57.441+00
U-0019,open,0,0,0,0,0,2026-03-27 02:11:45.564+00
U-0019,INV-215794,0,0,0,0,0,2026-03-16 13:59:50.539+00
U-0019,/matcher,0,0,0,0,0,2026-03-28 04:16:15.099+00
U-0019,T-010,0,2,0,0,0,2026-03-27 02:38:07.564+00
U-0019,T-012,0,1,0,0,0,2026-03-23 12:00:15.741+00
U-0019,T-006,0,0,0,0,0,2026-03-08 02:12:35.035+00
U-0019,/profile/notifications,0,0,0,0,0,2026-03-27 02:16:05.766+00
U-0019,/team/T-013/manage,0,0,0,0,0,2026-03-08 12:18:57.244+00
U-0019,fallback-team_detail_dwell,0,0,0,0,0,2026-03-24 10:40:33.844+00
U-0019,ended,0,0,0,0,0,2026-03-26 14:22:00.861+00
U-0019,hack-15,2,2,1,0,0,2026-03-25 06:00:56.244+00
U-0019,hack-10-1,7,9,0,1,1,2026-03-28 02:09:44.014+00
U-0019,T-020,0,1,0,1,0,2026-03-26 06:46:35.122+00
U-0019,hack-4-2,3,6,1,0,0,2026-03-28 12:46:04.057+00
U-0019,Cloud,0,0,0,0,0,2026-03-27 12:21:29.147+00
U-0019,hack-13,2,2,0,0,0,2026-03-21 12:12:32.627+00
U-0019,T-008,0,0,0,1,0,2026-03-22 10:09:14.489+00
U-0019,false,0,0,0,0,0,2026-03-28 04:20:55.099+00
U-0019,user,0,0,0,0,0,2026-03-21 09:50:40.558+00
U-0019,/team/T-011/manage,0,0,0,0,0,2026-03-13 07:19:20.331+00
U-0019,hack-6-2,5,7,0,1,0,2026-03-25 13:27:56.479+00
U-0019,T-026,0,3,0,0,0,2026-03-28 04:22:26.099+00
U-0019,hack-8-1,5,6,0,1,0,2026-03-28 03:36:41.607+00
U-0019,/team/T-020/manage,0,0,0,0,0,2026-03-23 09:02:05.175+00
U-0019,hack-2-1,1,0,1,0,0,2026-03-27 11:56:37.857+00
U-0019,/submit/hack-5,0,0,0,0,0,2026-03-27 01:04:06.4+00
U-0019,/chat,0,0,0,0,0,2026-03-28 10:32:55.147+00
U-0019,/team/T-017/manage,0,0,0,0,0,2026-03-28 09:24:59.391+00
U-0019,/submit/hack-5-2,0,0,0,0,0,2026-03-14 14:46:13.826+00
U-0019,/team/T-006/manage,0,0,0,0,0,2026-03-08 02:11:08.035+00
U-0019,hack-5-1,0,0,0,0,0,2026-03-11 06:11:21.668+00
U-0019,T-003,0,3,0,0,0,2026-03-23 11:40:48.741+00
U-0019,hackathons_list,0,0,0,0,0,2026-03-28 14:47:50.108+00
U-0019,T-002,0,1,0,0,0,2026-03-27 02:19:52.564+00
U-0019,T-027,0,1,0,0,0,2026-03-26 06:59:43.122+00
U-0019,/hackathons,0,0,0,0,0,2026-03-28 14:44:24.108+00
U-0019,fallback-team_request_result,0,0,0,0,0,2026-03-16 14:02:18.539+00
U-0019,chatbot_room,0,0,0,0,0,2026-03-28 10:55:10.127+00
U-0019,hack-3-2,1,3,0,0,0,2026-03-28 03:32:42.607+00
U-0019,hack-8,1,2,0,0,0,2026-03-10 22:25:10.374+00
U-0019,T-005,0,1,0,1,0,2026-03-20 10:50:47.493+00
U-0019,T-028,0,5,0,0,0,2026-03-26 07:56:32.81+00
U-0019,T-019,0,2,0,1,0,2026-03-25 02:42:41.27+00
U-0019,ongoing,0,0,0,0,0,2026-03-25 05:48:31.244+00
U-0019,hack-2,6,7,1,0,0,2026-03-28 14:50:37.108+00
U-0019,INV-861063,0,0,0,0,0,2026-03-25 03:16:21.366+00
U-0019,T-017,0,2,0,1,0,2026-03-28 09:25:49.391+00
U-0019,INV-343094,0,0,0,0,0,2026-03-28 09:47:45.037+00
U-0019,Web,0,0,0,0,0,2026-03-25 05:48:51.244+00
U-0019,hack-4-1,0,1,0,0,0,2026-03-25 13:24:48.479+00
U-0019,T-018,0,3,0,0,0,2026-03-21 20:27:31.708+00
U-0019,hack-3,4,4,0,1,0,2026-03-26 14:28:07.861+00
U-0019,/camp,0,0,0,0,0,2026-03-28 12:54:52.018+00
U-0019,T-015,0,3,0,0,0,2026-03-25 04:56:20.044+00
U-0019,T-009,0,4,0,0,0,2026-03-23 11:49:14.741+00
U-0019,hack-7-1,7,8,1,1,0,2026-03-28 14:49:29.108+00
U-0019,T-004,0,0,0,1,0,2026-03-14 07:06:14.492+00
U-0019,closed,0,0,0,0,0,2026-03-26 06:37:59.122+00
U-0019,fallback-invite_response,0,0,0,0,0,2026-03-21 09:56:28.558+00
U-0019,INV-248148,0,0,0,0,0,2026-03-25 04:54:39.044+00
U-0019,/submit/hack-2,0,0,0,0,0,2026-03-24 10:40:19.844+00
U-0019,team,0,0,0,0,0,2026-03-22 13:57:22.586+00
U-0019,INV-220399,0,0,0,0,0,2026-03-22 10:08:03.489+00
U-0019,hack-6,8,8,0,1,0,2026-03-28 12:44:18.081+00
U-0019,T-013,0,1,0,0,0,2026-03-22 13:19:32.578+00
U-0019,T-029,0,7,0,1,0,2026-03-28 13:14:11.018+00
U-0019,T-011,0,2,0,0,0,2026-03-25 14:36:31.226+00
U-0019,hack-5-2,7,11,1,0,1,2026-03-28 04:13:21.445+00
U-0019,INV-194301,0,0,0,0,0,2026-03-20 10:48:55.493+00
U-0019,fallback-team_filter,0,0,0,0,0,2026-03-16 11:35:33.001+00
U-0019,hack-6-1,0,1,0,0,0,2026-03-25 02:29:55.27+00
U-0019,hack-9-1,4,6,0,0,0,2026-03-28 04:18:31.445+00
U-0019,INV-904452,0,0,0,0,0,2026-03-21 14:35:16.384+00
U-0019,hack-7,0,1,0,0,0,2026-03-15 20:30:44.235+00
U-0019,hack-4,6,7,1,0,0,2026-03-28 04:19:26.445+00
U-0019,true,0,0,0,0,0,2026-03-22 13:58:05.586+00
U-0019,/team/T-008/manage,0,0,0,0,0,2026-03-13 11:38:00.821+00
U-0019,INV-916354,0,0,0,0,0,2026-03-25 10:19:22.232+00
U-0019,hack-3-1,2,1,1,0,0,2026-03-28 03:29:20.607+00
U-0019,Data,0,0,0,0,0,2026-03-25 12:54:23.718+00
U-0019,INV-312078,0,0,0,0,0,2026-03-26 14:24:01.574+00
U-0020,T-8019,0,0,0,0,0,2026-03-25 10:41:30.847+00
U-0020,hack-8-1,5,5,1,1,0,2026-03-28 13:22:09.347+00
U-0020,T-030,0,7,0,0,0,2026-03-24 13:14:11.598+00
U-0020,/team/T-012/manage,0,0,0,0,0,2026-03-28 04:49:32.1+00
U-0020,INV-190960,0,0,0,0,0,2026-03-17 00:03:51.215+00
U-0020,/hackathons,0,0,0,0,0,2026-03-28 04:22:50.345+00
U-0020,fallback-hackathon_interest_toggle,0,0,0,0,0,2026-03-24 02:04:46.27+00
U-0020,T-011,0,2,0,1,0,2026-03-28 06:52:03.692+00
U-0020,Team-U-0020-619,0,0,0,0,0,2026-03-23 14:59:59.999+00
U-0020,INV-843794,0,0,0,0,0,2026-03-17 13:48:35.112+00
U-0020,T-027,0,10,0,1,0,2026-03-26 04:34:31.035+00
U-0020,hack-2-2,5,5,0,1,1,2026-03-24 05:34:54.494+00
U-0020,T-1694,0,0,0,0,0,2026-03-11 10:09:07.859+00
U-0020,team,0,0,0,0,0,2026-03-28 18:57:16.817+00
U-0020,T-018,0,0,0,0,0,2026-03-28 12:36:01.622+00
U-0020,fallback-team_request_create,0,0,0,0,0,2026-03-25 13:30:57.882+00
U-0020,T-028,0,12,0,0,0,2026-03-26 12:21:02.25+00
U-0020,hack-6-1,1,1,0,0,0,2026-03-24 14:54:37.279+00
U-0020,/submit/hack-9-1,0,0,0,0,0,2026-03-25 22:52:16.594+00
U-0020,hack-14,0,0,0,0,0,2026-03-25 10:19:26.847+00
U-0020,T-2589,0,0,0,0,0,2026-03-25 14:59:59.999+00
U-0020,/team/T-026/manage,0,0,0,0,0,2026-03-20 07:14:30.423+00
U-0020,hack-12,1,1,0,0,0,2026-03-23 08:55:32.824+00
U-0020,T-004,0,3,0,1,0,2026-03-24 02:04:40.27+00
U-0020,INV-505185,0,0,0,0,0,2026-03-23 06:02:11.818+00
U-0020,/submit/hack-8-1,0,0,0,0,0,2026-03-26 12:57:52.281+00
U-0020,/team/T-008/manage,0,0,0,0,0,2026-03-19 10:50:06.547+00
U-0020,INV-944886,0,0,0,0,0,2026-03-23 03:51:26.542+00
U-0020,hack-5,5,6,0,1,0,2026-03-28 13:19:38.347+00
U-0020,T-016,0,2,0,0,0,2026-03-15 15:28:19.238+00
U-0020,Blockchain,0,0,0,0,0,2026-03-24 21:30:03.834+00
U-0020,/team/T-015/manage,0,0,0,0,0,2026-03-10 14:25:41.267+00
U-0020,hack-4-2,2,4,0,0,0,2026-03-28 04:33:46.345+00
U-0020,Team-U-0020-973,0,0,0,0,0,2026-03-08 02:12:49.517+00
U-0020,/chat,0,0,0,0,0,2026-03-28 14:14:58.217+00
U-0020,hack-9,1,1,1,0,0,2026-03-16 01:17:28.549+00
U-0020,hack-15,2,2,0,0,0,2026-03-18 17:00:46.435+00
U-0020,hack-5-1,0,1,0,0,0,2026-03-26 16:55:36.232+00
U-0020,Web,0,0,0,0,0,2026-03-24 05:26:44.494+00
U-0020,T-026,0,8,0,0,0,2026-03-26 06:16:29.157+00
U-0020,INV-505644,0,0,0,0,0,2026-03-26 04:34:11.035+00
U-0020,hack-3,4,5,1,0,0,2026-03-28 13:25:27.347+00
U-0020,hack-8,0,0,0,0,0,2026-03-11 09:23:46.753+00
U-0020,T-008,0,6,0,0,0,2026-03-23 14:59:59.999+00
U-0020,T-014,0,1,0,0,0,2026-03-28 12:04:48.043+00
U-0020,hack-13,0,1,0,0,0,2026-03-27 02:33:49.249+00
U-0020,T-2845,0,0,0,0,0,2026-03-23 07:37:48.864+00
U-0020,Team-U-0020-436,0,0,0,0,0,2026-03-25 14:59:59.999+00
U-0020,/team/T-011/manage,0,0,0,0,0,2026-03-08 10:25:59.384+00
U-0020,false,0,0,0,0,0,2026-03-23 10:09:46.503+00
U-0020,T-015,0,1,0,0,0,2026-03-28 18:58:41.817+00
U-0020,hack-10,1,1,0,0,0,2026-03-24 08:03:43.238+00
U-0020,hack-2,6,9,1,0,0,2026-03-28 13:13:11.347+00
U-0020,user,0,0,0,0,0,2026-03-24 11:35:22.004+00
U-0020,T-017,0,1,0,1,0,2026-03-23 06:04:11.818+00
U-0020,/matcher,0,0,0,0,0,2026-03-28 12:02:46.043+00
U-0020,hack-9-1,3,5,0,0,1,2026-03-28 04:37:31.345+00
U-0020,/team/T-006/manage,0,0,0,0,0,2026-03-17 14:47:22.139+00
U-0020,/submit/hack-6,0,0,0,0,0,2026-03-13 08:32:50.229+00
U-0020,INV-876564,0,0,0,0,0,2026-03-13 13:10:16.163+00
U-0020,ongoing,0,0,0,0,0,2026-03-25 13:15:28.882+00
U-0020,hack-3-2,4,6,0,0,0,2026-03-27 02:24:37.249+00
U-0020,closed,0,0,0,0,0,2026-03-25 13:40:13.09+00
U-0020,T-009,0,2,0,0,0,2026-03-26 18:23:39.394+00
U-0020,ended,0,0,0,0,0,2026-03-24 05:26:32.494+00
U-0020,hack-2-1,0,0,0,0,0,2026-03-24 11:38:12.004+00
U-0020,Data,0,0,0,0,0,2026-03-25 17:25:28.787+00
U-0020,T-006,0,0,0,0,0,2026-03-24 01:46:06.034+00
U-0020,hack-7-1,3,7,0,0,1,2026-03-28 02:25:18.059+00
U-0020,hackathons_list,0,0,0,0,0,2026-03-28 13:09:06.347+00
U-0020,/team/T-007/manage,0,0,0,0,0,2026-03-10 08:27:30.609+00
U-0020,fallback-invite_response,0,0,0,0,0,2026-03-11 05:24:01.631+00
U-0020,hack-3-1,1,1,0,0,0,2026-03-22 02:39:10.74+00
U-0020,open,0,0,0,0,0,2026-03-26 06:08:03.157+00
U-0020,chatbot_room,0,0,0,0,0,2026-03-28 14:16:18.217+00
U-0020,fallback-tab_view,0,0,0,0,0,2026-03-20 14:45:05.442+00
U-0020,INV-482639,0,0,0,0,0,2026-03-28 10:31:32.035+00
U-0020,Team-U-0020-288,0,0,0,0,0,2026-03-25 10:40:46.847+00
U-0020,T-012,0,2,0,0,0,2026-03-28 04:51:46.1+00
U-0020,T-010,0,0,0,0,0,2026-03-20 10:18:38.827+00
U-0020,/team/T-010/manage,0,0,0,0,0,2026-03-20 10:16:58.827+00
U-0020,T-003,0,1,0,0,0,2026-03-25 12:00:36.839+00
U-0020,hack-6-2,3,5,0,0,0,2026-03-22 13:22:29.585+00
U-0020,/profile/notifications,0,0,0,0,0,2026-03-28 10:30:31.035+00
U-0020,hack-6,4,5,0,1,0,2026-03-25 17:38:14.787+00
U-0020,T-020,0,3,0,0,0,2026-03-27 19:54:40.798+00
U-0020,all,0,0,0,0,0,2026-03-28 04:23:05.345+00
U-0020,/submit/hack-2-2,0,0,0,0,0,2026-03-24 16:40:50.755+00
U-0020,hack-10-1,4,6,0,0,0,2026-03-26 16:53:22.232+00
U-0020,/team/T-009/manage,0,0,0,0,0,2026-03-26 18:20:38.394+00
U-0020,T-019,0,2,0,1,0,2026-03-28 12:05:31.043+00
U-0020,hack-4,6,9,0,1,0,2026-03-28 12:32:41.622+00
U-0020,/camp,0,0,0,0,0,2026-03-26 06:07:05.157+00
U-0020,/team/T-027/manage,0,0,0,0,0,2026-03-24 12:58:58.003+00
U-0020,hack-5-2,3,3,0,0,0,2026-03-25 17:28:53.787+00
U-0020,T-029,0,6,0,0,0,2026-03-26 10:47:50.328+00
U-0020,Team-U-0020-300,0,0,0,0,0,2026-03-11 10:08:07.859+00
U-0020,T-001,0,1,0,0,0,2026-03-28 10:59:02.123+00
U-0020,Cloud,0,0,0,0,0,2026-03-17 01:21:52.158+00
U-0020,T-002,0,5,0,0,0,2026-03-25 14:59:59.999+00
U-0020,T-007,0,1,0,0,0,2026-03-11 05:14:13.631+00
U-0020,hack-4-1,1,2,0,0,0,2026-03-17 11:47:39.69+00
U-0020,T-013,0,0,0,0,0,2026-03-20 02:37:42.015+00
U-0021,all,0,0,0,0,0,2026-03-26 06:32:52.635+00
U-0021,T-011,0,1,0,0,0,2026-03-24 01:47:04.463+00
U-0021,T-028,0,10,0,0,0,2026-03-25 04:31:46.44+00
U-0021,hack-6-1,0,0,0,0,0,2026-03-09 18:48:41.203+00
U-0021,AI,0,0,0,0,0,2026-03-17 12:58:14.312+00
U-0021,Team-U-0021-882,0,0,0,0,0,2026-03-16 04:13:35.883+00
U-0021,/team/T-004/manage,0,0,0,0,0,2026-03-12 23:14:49.048+00
U-0021,closed,0,0,0,0,0,2026-03-23 04:45:27.59+00
U-0021,T-017,0,3,0,0,0,2026-03-18 09:41:10.338+00
U-0021,hack-6-2,0,2,0,0,0,2026-03-25 11:07:21.857+00
U-0021,/team/T-026/manage,0,0,0,0,0,2026-03-15 09:09:24.323+00
U-0021,hack-3,2,4,0,1,1,2026-03-26 06:40:01.635+00
U-0021,T-015,0,2,0,1,0,2026-03-24 08:33:34.227+00
U-0021,T-018,0,2,0,0,0,2026-03-06 23:05:13.035+00
U-0021,ongoing,0,0,0,0,0,2026-03-26 11:12:33.279+00
U-0021,T-001,0,3,0,0,0,2026-03-19 10:57:29.135+00
U-0021,/submit/hack-4-2,0,0,0,0,0,2026-03-17 07:54:24.701+00
U-0021,T-007,0,3,0,0,0,2026-03-27 11:32:22.331+00
U-0021,INV-449612,0,0,0,0,0,2026-03-27 09:33:18.068+00
U-0021,ended,0,0,0,0,0,2026-03-17 12:56:14.312+00
U-0021,team,0,0,0,0,0,2026-03-20 13:20:37.362+00
U-0021,hack-5-1,0,0,0,0,0,2026-03-25 04:20:37.44+00
U-0021,T-004,0,6,0,0,0,2026-03-28 14:46:39.155+00
U-0021,INV-960264,0,0,0,0,0,2026-03-03 03:19:08.407+00
U-0021,hack-14,1,1,0,0,0,2026-03-18 14:31:14.231+00
U-0021,T-003,0,4,0,1,0,2026-03-27 08:34:01.888+00
U-0021,T-006,0,2,0,0,0,2026-03-27 08:30:28.888+00
U-0021,hack-5,8,14,1,1,0,2026-03-25 09:27:58.203+00
U-0021,T-9355,0,0,0,0,0,2026-02-28 14:59:59.999+00
U-0021,T-1384,0,0,0,0,0,2026-03-18 10:48:19.397+00
U-0021,/team/T-002/manage,0,0,0,0,0,2026-03-15 05:46:36.123+00
U-0021,T-4130,0,0,0,0,0,2026-03-25 04:34:28.44+00
U-0021,/submit/hack-5-2,0,0,0,0,0,2026-03-24 14:37:11.641+00
U-0021,T-002,0,3,0,1,0,2026-03-24 11:30:20.714+00
U-0021,T-009,0,0,0,1,0,2026-03-20 13:23:29.362+00
U-0021,/team/T-013/manage,0,0,0,0,0,2026-03-06 11:22:45.072+00
U-0021,false,0,0,0,0,0,2026-03-27 01:09:13.558+00
U-0021,T-020,0,3,0,0,0,2026-03-16 04:13:16.883+00
U-0021,Team-U-0021-345,0,0,0,0,0,2026-02-28 14:59:59.999+00
U-0021,hack-4,5,7,1,1,0,2026-03-26 10:18:11.156+00
U-0021,fallback-chatbot_response,0,0,0,0,0,2026-03-16 06:30:21.67+00
U-0021,open,0,0,0,0,0,2026-03-15 19:50:57.838+00
U-0021,/submit/hack-3,0,0,0,0,0,2026-03-19 06:09:31.594+00
U-0021,hack-2,4,7,0,1,0,2026-03-27 11:37:45.754+00
U-0021,user,0,0,0,0,0,2026-03-27 01:07:27.558+00
U-0021,hack-5-2,5,8,1,1,0,2026-03-26 11:17:29.279+00
U-0021,Team-U-0021-397,0,0,0,0,0,2026-03-25 04:32:28.44+00
U-0021,INV-437093,0,0,0,0,0,2026-03-10 03:30:28.652+00
U-0021,T-010,0,2,0,0,0,2026-03-24 10:50:16.819+00
U-0021,Team-U-0021-376,0,0,0,0,0,2026-03-13 02:47:55.721+00
U-0021,Team-U-0021-834,0,0,0,0,0,2026-03-18 10:47:25.397+00
U-0021,T-008,0,4,0,1,0,2026-03-24 10:43:08.819+00
U-0021,hack-2-1,0,0,0,0,0,2026-03-19 05:39:40.283+00
U-0021,hack-8-1,3,5,0,0,0,2026-03-26 10:19:32.156+00
U-0021,hack-7-1,5,10,0,0,0,2026-03-26 11:21:47.279+00
U-0021,T-6191,0,0,0,0,0,2026-03-04 09:46:55.011+00
U-0021,INV-509131,0,0,0,0,0,2026-03-28 05:01:11.568+00
U-0021,hack-4-1,1,1,1,0,1,2026-03-10 05:23:46.153+00
U-0021,Team-U-0021-125,0,0,0,0,0,2026-03-04 09:46:30.011+00
U-0021,hack-2-2,6,6,0,1,0,2026-03-23 05:06:01.265+00
U-0021,T-012,0,3,0,0,0,2026-03-24 10:30:14.819+00
U-0021,hack-13,2,2,0,0,0,2026-03-23 12:48:21.352+00
U-0021,T-026,0,5,0,1,0,2026-03-28 14:55:41.155+00
U-0021,INV-367730,0,0,0,0,0,2026-03-03 09:53:37.039+00
U-0021,/matcher,0,0,0,0,0,2026-03-27 10:31:34.095+00
U-0021,Team-U-0021-608,0,0,0,0,0,2026-03-26 13:27:19.001+00
U-0021,/submit/hack-4-1,0,0,0,0,0,2026-03-10 05:22:44.153+00
U-0021,/hackathons,0,0,0,0,0,2026-03-27 11:21:42.754+00
U-0021,fallback-team_request_result,0,0,0,0,0,2026-03-20 14:40:08.598+00
U-0021,hack-10-1,3,4,0,0,0,2026-03-23 12:51:55.352+00
U-0021,INV-245515,0,0,0,0,0,2026-03-17 02:46:03.054+00
U-0021,/camp,0,0,0,0,0,2026-03-28 14:32:25.155+00
U-0021,T-030,0,2,0,0,0,2026-03-26 13:14:52.001+00
U-0021,T-027,0,6,0,0,0,2026-03-27 08:19:46.888+00
U-0021,Team-U-0021-195,0,0,0,0,0,2026-03-19 05:56:12.283+00
U-0021,T-3291,0,0,0,0,0,2026-03-13 02:48:37.721+00
U-0021,fallback-team_create_attempt,0,0,0,0,0,2026-03-15 05:47:58.123+00
U-0021,fallback-card_click,0,0,0,0,0,2026-03-17 11:31:26.548+00
U-0021,/team/T-029/manage,0,0,0,0,0,2026-03-23 10:55:21.372+00
U-0021,INV-637233,0,0,0,0,0,2026-03-23 02:40:14.102+00
U-0021,hackathons_list,0,0,0,0,0,2026-03-27 11:21:58.754+00
U-0021,hack-6,8,9,1,1,1,2026-03-28 14:44:09.896+00
U-0021,true,0,0,0,0,0,2026-03-04 14:14:31.641+00
U-0021,INV-782430,0,0,0,0,0,2026-03-19 12:45:33.744+00
U-0021,hack-3-2,3,4,0,0,0,2026-03-27 08:02:42.888+00
U-0021,Blockchain,0,0,0,0,0,2026-03-15 01:25:24.501+00
U-0021,T-013,0,1,0,1,0,2026-03-27 12:27:02.5+00
U-0021,T-005,0,1,0,1,0,2026-03-11 12:29:44.368+00
U-0021,/chat,0,0,0,0,0,2026-03-28 06:39:40.669+00
U-0021,/team/T-015/manage,0,0,0,0,0,2026-03-17 11:45:18.686+00
U-0021,hack-7,1,2,0,0,0,2026-03-23 14:33:09.567+00
U-0021,Web,0,0,0,0,0,2026-03-20 10:58:25.415+00
U-0021,INV-183895,0,0,0,0,0,2026-03-10 07:01:51.098+00
U-0021,chatbot_room,0,0,0,0,0,2026-03-28 11:45:31.175+00
U-0021,fallback-team_request_review,0,0,0,0,0,2026-03-07 02:12:31.425+00
U-0021,T-019,0,2,0,1,0,2026-03-24 02:59:53.735+00
U-0021,T-029,0,8,0,0,0,2026-03-23 10:57:14.372+00
U-0021,/submit/hack-9-1,0,0,0,0,0,2026-03-23 13:59:31.501+00
U-0021,Data,0,0,0,0,0,2026-03-23 11:58:06.667+00
U-0021,/team/T-016/manage,0,0,0,0,0,2026-03-26 02:47:04.634+00
U-0021,hack-9-1,4,7,0,0,0,2026-03-28 14:35:15.155+00
U-0021,hack-11,2,1,1,0,0,2026-03-25 09:34:45.203+00
U-0021,INV-333828,0,0,0,0,0,2026-03-17 11:30:36.548+00
U-0021,/profile/notifications,0,0,0,0,0,2026-03-28 06:17:30.835+00
U-0021,hack-4-2,6,9,0,1,0,2026-03-26 05:33:40.303+00
U-0021,T-014,0,2,0,0,0,2026-03-24 08:22:29.227+00
U-0021,INV-490506,0,0,0,0,0,2026-03-07 02:57:36.333+00
U-0021,/team/T-018/manage,0,0,0,0,0,2026-03-03 04:05:29.45+00
U-0021,hack-3-1,1,2,1,0,0,2026-03-13 05:07:10.575+00
U-0021,hack-10,1,1,0,0,0,2026-03-27 11:24:42.754+00
U-0021,INV-565645,0,0,0,0,0,2026-03-24 03:00:24.787+00
U-0021,/team/T-006/manage,0,0,0,0,0,2026-03-06 02:22:05.257+00
U-0021,/submit/hack-6,0,0,0,0,0,2026-03-15 09:38:57.624+00
U-0021,T-016,0,0,0,0,0,2026-03-27 10:36:50.095+00
U-0021,T-5746,0,0,0,0,0,2026-03-16 04:15:00.883+00
U-0021,INV-816565,0,0,0,0,0,2026-03-25 09:29:43.519+00
U-0022,T-004,0,1,0,0,0,2026-03-25 02:22:46.661+00
U-0022,hackathons_list,0,0,0,0,0,2026-03-28 14:13:07.682+00
U-0022,Data,0,0,0,0,0,2026-03-26 10:11:08.447+00
U-0022,T-028,0,0,0,0,0,2026-03-25 02:20:59.661+00
U-0022,T-010,0,0,0,0,0,2026-03-24 15:13:01.658+00
U-0022,/chat,0,0,0,0,0,2026-03-28 05:10:42.247+00
U-0022,hack-6,2,2,0,1,0,2026-03-23 06:13:00.393+00
U-0022,/team/T-003/manage,0,0,0,0,0,2026-03-23 02:10:15.053+00
U-0022,hack-5-2,0,0,0,0,1,2026-03-28 14:49:45.508+00
U-0022,T-030,0,3,0,0,0,2026-03-12 19:59:05.549+00
U-0022,fallback-matcher_profile_select,0,0,0,0,0,2026-03-13 12:27:38.467+00
U-0022,T-003,0,0,0,0,0,2026-03-23 02:12:42.053+00
U-0022,ongoing,0,0,0,0,0,2026-03-28 14:12:04.682+00
U-0022,user,0,0,0,0,0,2026-03-26 01:31:59.191+00
U-0022,/camp,0,0,0,0,0,2026-03-28 09:57:55.58+00
U-0022,/hackathons,0,0,0,0,0,2026-03-28 14:10:23.682+00
U-0022,T-016,0,2,0,0,0,2026-03-13 14:39:09.395+00
U-0022,T-027,0,3,0,0,0,2026-03-23 12:34:04.662+00
U-0022,hack-12,0,0,0,0,0,2026-03-22 17:09:34.131+00
U-0022,hack-3-2,1,1,0,0,0,2026-03-23 12:28:24.662+00
U-0022,false,0,0,0,0,0,2026-03-22 17:09:00.131+00
U-0022,T-020,0,1,0,0,0,2026-03-11 23:37:32.6+00
U-0022,T-029,0,4,0,0,0,2026-03-18 06:14:04.114+00
U-0022,all,0,0,0,0,0,2026-03-24 09:55:18.714+00
U-0022,hack-6-2,0,3,0,0,0,2026-03-26 21:59:52.391+00
U-0022,T-5232,0,0,0,0,0,2026-03-18 14:59:59.999+00
U-0022,Cloud,0,0,0,0,0,2026-03-26 20:23:50.255+00
U-0022,Blockchain,0,0,0,0,0,2026-03-18 01:09:16.29+00
U-0022,hack-15,2,2,0,0,0,2026-03-26 10:19:39.447+00
U-0022,hack-11,0,0,0,0,0,2026-03-26 01:35:13.191+00
U-0022,hack-14,1,1,0,0,0,2026-03-12 00:33:05.875+00
U-0022,Team-U-0022-353,0,0,0,0,0,2026-03-18 14:59:59.999+00
U-0022,T-009,0,2,0,0,0,2026-03-11 23:30:27.6+00
U-0022,hack-4-1,1,1,0,0,0,2026-03-23 06:15:53.393+00
U-0022,hack-7-1,0,0,0,0,0,2026-03-28 09:59:13.58+00
U-0022,hack-4-2,2,2,0,0,0,2026-03-26 20:30:33.255+00
U-0022,/submit/hack-6,0,0,0,0,0,2026-03-16 13:39:49.342+00
U-0022,/profile/notifications,0,0,0,0,0,2026-03-27 20:48:27.723+00
U-0022,T-026,0,3,0,0,0,2026-03-11 06:15:53.435+00
U-0022,T-002,0,1,0,0,0,2026-03-28 06:59:02.331+00
U-0022,hack-2-2,2,3,0,1,0,2026-03-28 14:22:47.682+00
U-0022,hack-6-1,0,0,0,0,0,2026-03-11 23:19:05.6+00
U-0022,/submit/hack-5-2,0,0,0,0,0,2026-03-28 14:48:13.508+00
U-0022,AI,0,0,0,0,0,2026-03-12 00:22:59.875+00
U-0022,hack-8-1,3,3,1,0,0,2026-03-28 14:26:28.682+00
U-0022,hack-2,1,2,0,0,0,2026-03-26 21:53:33.391+00
U-0022,/matcher,0,0,0,0,0,2026-03-25 02:19:11.661+00
U-0022,hack-4,2,3,0,1,0,2026-03-26 21:57:58.391+00
U-0022,fallback-card_click,0,0,0,0,0,2026-03-22 17:09:57.131+00
U-0022,chatbot_room,0,0,0,0,0,2026-03-28 12:47:12.546+00
U-0022,team,0,0,0,0,0,2026-03-25 02:20:37.661+00
U-0022,/submit/hack-8-1,0,0,0,0,0,2026-03-26 12:41:54.644+00
U-0022,T-007,0,1,0,0,0,2026-03-18 14:59:59.999+00
U-0022,hack-10-1,0,1,0,0,0,2026-03-27 14:35:53.555+00
U-0022,hack-3,0,1,0,0,0,2026-03-23 06:09:13.393+00
U-0022,ended,0,0,0,0,0,2026-03-26 21:51:14.391+00
U-0022,fallback-hackathon_filter,0,0,0,0,0,2026-03-12 06:47:43.078+00
U-0022,T-008,0,2,0,0,0,2026-03-28 10:03:25.58+00
U-0022,/team/T-008/manage,0,0,0,0,0,2026-03-19 10:45:35.107+00
U-0022,hack-2-1,0,1,0,0,0,2026-03-28 14:17:53.682+00
U-0022,hack-5,0,1,0,0,0,2026-03-26 10:33:56.372+00
U-0022,hack-9-1,0,0,0,0,0,2026-03-27 14:27:39.555+00
U-0022,T-006,0,1,0,0,0,2026-03-24 12:40:55.357+00
U-0023,/matcher,0,0,0,0,0,2026-03-27 10:13:23.52+00
U-0023,Team-U-0023-827,0,0,0,0,0,2026-03-19 10:23:59.865+00
U-0023,T-2999,0,0,0,0,0,2026-03-26 18:44:06.531+00
U-0023,/submit/hack-2-2,0,0,0,0,0,2026-03-23 06:18:32.295+00
U-0023,T-026,0,3,0,0,0,2026-03-28 19:27:35.566+00
U-0023,Team-U-0023-523,0,0,0,0,0,2026-03-13 02:46:27.61+00
U-0023,false,0,0,0,0,0,2026-03-22 13:44:44.716+00
U-0023,T-004,0,1,0,0,0,2026-03-24 22:39:39.336+00
U-0023,/profile/notifications,0,0,0,0,0,2026-03-26 11:25:06.822+00
U-0023,hack-7-1,5,5,0,0,0,2026-03-27 13:01:20.162+00
U-0023,Team-U-0023-297,0,0,0,0,0,2026-03-19 09:45:30.632+00
U-0023,T-014,0,1,0,0,0,2026-03-18 14:10:31.142+00
U-0023,/submit/hack-4-2,0,0,0,0,0,2026-03-26 10:03:57.474+00
U-0023,T-029,0,3,0,0,0,2026-03-26 14:19:13.435+00
U-0023,/team/T-012/manage,0,0,0,0,0,2026-03-08 10:36:59.107+00
U-0023,T-3923,0,0,0,0,0,2026-03-22 06:20:34.53+00
U-0023,T-028,0,11,0,1,0,2026-03-25 13:22:04.03+00
U-0023,fallback-hackathon_filter,0,0,0,0,0,2026-03-13 06:06:52.626+00
U-0023,hack-3,2,5,1,1,1,2026-03-28 20:13:36.085+00
U-0023,all,0,0,0,0,0,2026-03-24 22:30:29.336+00
U-0023,chatbot_room,0,0,0,0,0,2026-03-27 14:16:03.431+00
U-0023,T-008,0,2,0,1,0,2026-03-19 09:21:52.632+00
U-0023,AI,0,0,0,0,0,2026-03-20 11:49:40.625+00
U-0023,T-013,0,1,0,0,0,2026-03-24 05:44:25.366+00
U-0023,T-020,0,0,0,0,0,2026-03-23 23:07:39.754+00
U-0023,hack-10-1,2,1,1,0,1,2026-03-24 12:37:41.247+00
U-0023,fallback-team_detail_close,0,0,0,0,0,2026-03-27 09:19:42.876+00
U-0023,hack-15,1,1,0,0,0,2026-03-18 11:18:26.593+00
U-0023,T-006,0,2,0,1,0,2026-03-23 21:52:55.68+00
U-0023,hack-7,0,0,0,0,0,2026-03-19 13:24:30.416+00
U-0023,fallback-team_request_review,0,0,0,0,0,2026-03-14 10:51:52.43+00
U-0023,/submit/hack-8-1,0,0,0,0,0,2026-03-17 12:44:34.691+00
U-0023,INV-178292,0,0,0,0,0,2026-03-23 06:16:16.587+00
U-0023,T-017,0,4,0,1,0,2026-03-26 10:24:17.782+00
U-0023,hack-5,4,4,1,1,0,2026-03-24 09:21:36.507+00
U-0023,T-030,0,8,0,0,0,2026-03-26 10:18:10.782+00
U-0023,/team/T-003/manage,0,0,0,0,0,2026-03-23 12:16:13.122+00
U-0023,hack-4,5,8,1,1,0,2026-03-25 13:34:49.27+00
U-0023,T-5421,0,0,0,0,0,2026-03-07 14:17:11.681+00
U-0023,/submit/hack-6-2,0,0,0,0,0,2026-03-22 10:52:32.044+00
U-0023,T-5776,0,0,0,0,0,2026-03-14 10:51:39.43+00
U-0023,user,0,0,0,0,0,2026-03-22 13:43:03.716+00
U-0023,/submit/hack-10-1,0,0,0,0,0,2026-03-18 14:12:04.579+00
U-0023,hack-6,4,6,0,0,0,2026-03-27 04:12:14.668+00
U-0023,fallback-recommendation_click,0,0,0,0,0,2026-03-13 10:56:31.243+00
U-0023,hack-5-2,2,3,0,0,0,2026-03-27 12:56:35.162+00
U-0023,hack-8-1,7,7,0,1,0,2026-03-27 04:05:12.668+00
U-0023,hack-4-2,7,7,1,0,1,2026-03-26 10:05:11.474+00
U-0023,closed,0,0,0,0,0,2026-03-20 14:07:33.141+00
U-0023,hack-4-1,0,1,0,0,0,2026-03-15 13:47:01.801+00
U-0023,/chat,0,0,0,0,0,2026-03-27 14:10:27.431+00
U-0023,T-016,0,2,0,1,0,2026-03-27 10:16:19.52+00
U-0023,T-011,0,2,0,0,0,2026-03-22 03:44:39.209+00
U-0023,Team-U-0023-557,0,0,0,0,0,2026-03-26 13:48:20.468+00
U-0023,INV-549862,0,0,0,0,0,2026-03-25 09:02:08.66+00
U-0023,T-001,0,0,0,1,0,2026-03-24 11:48:54.837+00
U-0023,T-007,0,3,0,0,0,2026-03-20 17:28:25.469+00
U-0023,/team/T-030/manage,0,0,0,0,0,2026-03-20 11:27:18.14+00
U-0023,ongoing,0,0,0,0,0,2026-03-22 03:29:12.535+00
U-0023,hack-14,0,0,0,0,0,2026-03-13 06:06:42.626+00
U-0023,hack-9,1,2,0,0,0,2026-03-07 10:08:57.643+00
U-0023,/hackathons,0,0,0,0,0,2026-03-27 12:48:37.162+00
U-0023,Web,0,0,0,0,0,2026-03-19 05:31:54.58+00
U-0023,/team/T-005/manage,0,0,0,0,0,2026-03-19 01:36:41.546+00
U-0023,T-015,0,3,0,1,0,2026-03-25 13:18:32.03+00
U-0023,hack-9-1,3,4,0,0,0,2026-03-27 12:52:38.162+00
U-0023,/team/T-008/manage,0,0,0,0,0,2026-03-18 05:12:47.109+00
U-0023,hack-12,0,1,0,0,0,2026-03-17 14:59:59.999+00
U-0023,Team-U-0023-932,0,0,0,0,0,2026-03-19 10:16:59.505+00
U-0023,hack-6-2,3,5,0,0,1,2026-03-25 13:38:02.27+00
U-0023,T-027,0,6,0,1,0,2026-03-28 20:29:36.085+00
U-0023,Team-U-0023-242,0,0,0,0,0,2026-03-07 14:15:57.681+00
U-0023,/camp,0,0,0,0,0,2026-03-28 20:12:31.085+00
U-0023,hack-2,2,4,0,0,0,2026-03-28 19:00:34.566+00
U-0023,hack-10,0,0,0,0,0,2026-03-02 09:41:38.784+00
U-0023,INV-717264,0,0,0,0,0,2026-03-21 06:38:25.02+00
U-0023,Team-U-0023-167,0,0,0,0,0,2026-03-14 10:50:31.43+00
U-0023,Team-U-0023-184,0,0,0,0,0,2026-03-13 12:58:55.061+00
U-0023,hackathons_list,0,0,0,0,0,2026-03-25 13:32:55.27+00
U-0023,fallback-team_filter,0,0,0,0,0,2026-03-18 05:16:27.109+00
U-0023,/team/T-002/manage,0,0,0,0,0,2026-03-02 09:50:39.755+00
U-0023,INV-601664,0,0,0,0,0,2026-03-23 21:50:29.68+00
U-0023,hack-3-2,3,5,0,1,0,2026-03-24 05:28:52.366+00
U-0023,/team/T-007/manage,0,0,0,0,0,2026-03-11 17:22:57.101+00
U-0023,notification_panel,0,0,0,0,0,2026-03-24 05:28:46.633+00
U-0023,hack-8,0,0,0,0,0,2026-03-07 01:37:16.864+00
U-0023,open,0,0,0,0,0,2026-03-28 19:00:08.566+00
U-0023,team,0,0,0,0,0,2026-03-25 13:15:04.03+00
U-0023,true,0,0,0,0,0,2026-03-18 14:23:26.689+00
U-0023,/team/T-027/manage,0,0,0,0,0,2026-03-23 14:15:02.409+00
U-0023,Team-U-0023-351,0,0,0,0,0,2026-03-07 01:51:56.769+00
U-0023,T-003,0,4,0,1,0,2026-03-25 09:03:31.66+00
U-0023,Blockchain,0,0,0,0,0,2026-03-25 13:31:38.27+00
U-0023,T-009,0,3,0,1,0,2026-03-26 18:29:24.531+00
U-0023,INV-597179,0,0,0,0,0,2026-03-15 12:16:43.123+00
U-0023,Team-U-0023-774,0,0,0,0,0,2026-03-26 18:42:30.531+00
U-0023,Data,0,0,0,0,0,2026-03-21 13:21:41.698+00
U-0023,hack-11,2,2,1,0,0,2026-03-18 14:24:38.689+00
U-0023,INV-697845,0,0,0,0,0,2026-03-12 05:53:09.186+00
U-0023,/team/T-011/manage,0,0,0,0,0,2026-03-08 11:48:55.887+00
U-0023,hack-5-1,0,0,0,0,0,2026-03-22 13:46:14.716+00
U-0023,ended,0,0,0,0,0,2026-03-25 13:30:12.27+00
U-0023,T-019,0,2,0,0,0,2026-03-27 14:59:16.625+00
U-0023,Team-U-0023-122,0,0,0,0,0,2026-03-22 06:18:53.53+00
U-0023,hack-2-2,4,6,0,0,1,2026-03-23 06:21:56.295+00
U-0023,T-018,0,3,0,0,0,2026-03-20 14:18:09.141+00
U-0023,hack-3-1,0,0,0,0,0,2026-03-17 02:24:55.622+00
U-0023,INV-437438,0,0,0,0,0,2026-03-25 13:13:39.593+00
U-0023,T-002,0,2,0,1,0,2026-03-27 10:18:23.52+00
U-0023,T-010,0,0,0,0,0,2026-03-19 13:30:39.416+00
U-0023,T-012,0,2,0,0,0,2026-03-26 13:47:55.468+00
U-0023,INV-500166,0,0,0,0,0,2026-03-17 13:27:49.368+00
U-0023,T-005,0,3,0,0,0,2026-03-28 19:00:56.816+00
U-0024,/chat,0,0,0,0,0,2026-03-28 10:11:29.273+00
U-0024,T-010,0,1,0,0,0,2026-03-28 03:56:47.349+00
U-0024,Blockchain,0,0,0,0,0,2026-03-25 07:19:34.013+00
U-0024,T-029,0,6,0,0,0,2026-03-24 01:24:15.18+00
U-0024,hack-5,5,5,1,0,0,2026-03-27 04:34:01.757+00
U-0024,chatbot_room,0,0,0,0,0,2026-03-28 21:35:36.716+00
U-0024,Data,0,0,0,0,0,2026-03-26 09:25:36.746+00
U-0024,Team-U-0024-221,0,0,0,0,0,2026-03-05 07:49:23.532+00
U-0024,hack-5-1,1,1,0,0,0,2026-03-23 00:12:45.83+00
U-0024,T-1112,0,0,0,0,0,2026-03-16 23:57:30.454+00
U-0024,INV-917873,0,0,0,0,0,2026-03-24 09:15:57.103+00
U-0024,hack-4,2,4,0,0,1,2026-03-27 09:36:42.346+00
U-0024,hack-15,0,0,0,0,0,2026-03-22 13:38:50.531+00
U-0024,/camp,0,0,0,0,0,2026-03-28 03:41:35.349+00
U-0024,T-027,0,5,0,0,0,2026-03-27 01:58:25.61+00
U-0024,Cloud,0,0,0,0,0,2026-03-28 14:04:13.418+00
U-0024,T-4640,0,0,0,0,0,2026-03-23 11:11:40.194+00
U-0024,T-011,0,1,0,0,0,2026-03-22 12:32:35.161+00
U-0024,T-007,0,2,0,1,0,2026-03-28 00:48:21.82+00
U-0024,T-005,0,1,0,0,0,2026-03-18 11:30:29.198+00
U-0024,all,0,0,0,0,0,2026-03-26 14:03:50.474+00
U-0024,hack-4-2,3,3,0,0,0,2026-03-28 13:51:57.033+00
U-0024,hack-13,0,1,0,0,0,2026-03-05 05:46:22.381+00
U-0024,/team/T-018/manage,0,0,0,0,0,2026-03-21 10:04:18.496+00
U-0024,/team/T-014/manage,0,0,0,0,0,2026-03-28 12:50:27.367+00
U-0024,/submit/hack-6,0,0,0,0,0,2026-03-07 14:09:30.278+00
U-0024,T-019,0,1,0,0,0,2026-03-26 11:01:57.439+00
U-0024,hack-9,1,1,0,0,0,2026-03-27 10:28:09.725+00
U-0024,hack-8,1,1,0,0,0,2026-03-27 04:30:26.757+00
U-0024,/team/T-015/manage,0,0,0,0,0,2026-03-07 02:30:22.289+00
U-0024,hack-2,7,6,0,1,0,2026-03-27 11:15:20.881+00
U-0024,hack-2-1,0,0,0,0,0,2026-03-08 14:40:52.761+00
U-0024,/team/T-030/manage,0,0,0,0,0,2026-03-05 02:06:41.376+00
U-0024,T-014,0,0,0,0,0,2026-03-28 12:51:10.367+00
U-0024,INV-608234,0,0,0,0,0,2026-03-18 01:34:44.461+00
U-0024,T-012,0,0,0,0,0,2026-03-22 02:53:20.176+00
U-0024,T-016,0,1,0,0,0,2026-03-18 11:47:46.198+00
U-0024,T-004,0,1,0,0,0,2026-03-26 08:17:20.398+00
U-0024,/matcher,0,0,0,0,0,2026-03-28 13:37:09.505+00
U-0024,Web,0,0,0,0,0,2026-03-27 09:29:03.346+00
U-0024,/hackathons,0,0,0,0,0,2026-03-28 14:02:49.418+00
U-0024,INV-941579,0,0,0,0,0,2026-03-08 08:42:43.745+00
U-0024,T-028,0,2,0,0,0,2026-03-28 09:37:14.754+00
U-0024,/team/T-019/manage,0,0,0,0,0,2026-03-08 04:44:27.844+00
U-0024,ongoing,0,0,0,0,0,2026-03-27 04:28:02.757+00
U-0024,hack-4-1,0,1,0,0,0,2026-03-28 14:11:19.418+00
U-0024,/team/T-028/manage,0,0,0,0,0,2026-03-28 09:36:23.754+00
U-0024,T-030,0,1,0,0,0,2026-03-22 04:57:24.645+00
U-0024,hack-11,0,1,0,0,0,2026-03-25 07:49:25.045+00
U-0024,fallback-team_create_attempt,0,0,0,0,0,2026-03-26 12:10:52.119+00
U-0024,T-009,0,1,0,0,0,2026-03-16 23:47:32.454+00
U-0024,T-001,0,0,0,0,0,2026-03-23 03:29:53.072+00
U-0024,true,0,0,0,0,0,2026-03-28 13:38:25.505+00
U-0024,team,0,0,0,0,0,2026-03-22 02:48:21.176+00
U-0024,/team/T-029/manage,0,0,0,0,0,2026-03-24 01:24:08.18+00
U-0024,hack-6-2,1,1,0,1,0,2026-03-27 01:55:00.61+00
U-0024,hack-6-1,1,0,0,0,0,2026-03-26 13:31:46.524+00
U-0024,Team-U-0024-779,0,0,0,0,0,2026-03-23 11:10:49.194+00
U-0024,T-002,0,1,0,0,0,2026-03-28 04:06:25.349+00
U-0024,AI,0,0,0,0,0,2026-03-27 11:09:38.881+00
U-0024,hack-10-1,5,4,1,1,0,2026-03-26 10:25:49.439+00
U-0024,hack-9-1,5,6,0,0,0,2026-03-26 14:08:50.474+00
U-0024,T-020,0,2,0,0,0,2026-03-28 03:49:31.349+00
U-0024,T-017,0,2,0,0,0,2026-03-26 10:39:15.439+00
U-0024,hack-3-2,6,10,0,1,0,2026-03-27 10:21:57.725+00
U-0024,/team/T-027/manage,0,0,0,0,0,2026-03-22 13:17:07.481+00
U-0024,notification_panel,0,0,0,0,0,2026-03-25 02:38:09.627+00
U-0024,hack-3,2,9,0,0,1,2026-03-28 14:09:48.418+00
U-0024,user,0,0,0,0,0,2026-03-26 12:27:24.797+00
U-0024,/submit/hack-3,0,0,0,0,0,2026-03-17 04:49:36.133+00
U-0024,T-008,0,1,0,0,0,2026-03-28 03:54:17.349+00
U-0024,INV-779139,0,0,0,0,0,2026-03-04 23:43:05.394+00
U-0024,open,0,0,0,0,0,2026-03-28 03:43:57.349+00
U-0024,INV-750978,0,0,0,0,0,2026-03-25 02:37:47.627+00
U-0024,T-015,0,0,0,1,0,2026-03-25 02:37:58.627+00
U-0024,T-018,0,0,0,0,0,2026-03-21 10:04:46.496+00
U-0024,/team/T-008/manage,0,0,0,0,0,2026-03-09 10:59:38.151+00
U-0024,hack-7-1,6,7,1,1,0,2026-03-26 13:27:46.524+00
U-0024,hackathons_list,0,0,0,0,0,2026-03-28 14:04:54.418+00
U-0024,closed,0,0,0,0,0,2026-03-22 04:31:34.645+00
U-0024,INV-149444,0,0,0,0,0,2026-03-28 00:48:03.82+00
U-0024,INV-313807,0,0,0,0,0,2026-03-26 10:47:59.542+00
U-0024,T-006,0,1,0,1,0,2026-03-28 00:50:03.82+00
U-0024,fallback-hackathon_filter,0,0,0,0,0,2026-03-28 02:49:16.852+00
U-0024,hack-14,2,1,1,0,0,2026-03-28 12:23:03.728+00
U-0024,hack-6,6,7,0,0,1,2026-03-28 02:40:36.852+00
U-0024,/profile/notifications,0,0,0,0,0,2026-03-28 00:46:05.82+00
U-0024,T-4374,0,0,0,0,0,2026-03-26 08:37:37.398+00
U-0024,hack-8-1,2,5,0,0,0,2026-03-28 13:48:22.033+00
U-0024,false,0,0,0,0,0,2026-03-22 02:49:57.176+00
U-0024,hack-3-1,0,2,0,0,0,2026-03-26 14:07:06.474+00
U-0024,hack-10,1,2,1,0,0,2026-03-26 09:35:54.746+00
U-0024,ended,0,0,0,0,0,2026-03-28 13:44:12.033+00
U-0024,hack-2-2,7,7,0,0,0,2026-03-28 03:44:59.349+00
U-0024,hack-5-2,3,6,0,1,0,2026-03-28 02:46:30.852+00
U-0024,/submit/hack-4,0,0,0,0,0,2026-03-26 13:46:07.557+00
U-0024,T-1548,0,0,0,0,0,2026-03-05 07:50:15.532+00
U-0024,INV-983093,0,0,0,0,0,2026-03-09 10:02:40.024+00
U-0024,T-026,0,6,0,0,0,2026-03-26 12:10:35.119+00
U-0024,hack-12,1,1,1,0,0,2026-03-28 13:39:04.505+00
U-0025,hack-2,3,4,0,0,0,2026-03-25 08:13:30.582+00
U-0025,Data,0,0,0,0,0,2026-03-28 07:16:14.036+00
U-0025,Team-U-0025-121,0,0,0,0,0,2026-03-11 13:22:31.185+00
U-0025,fallback-team_notice_send,0,0,0,0,0,2026-03-14 14:02:02.807+00
U-0025,hack-5-2,5,4,0,1,0,2026-03-25 05:21:44.131+00
U-0025,Team-U-0025-406,0,0,0,0,0,2026-02-28 11:23:37.234+00
U-0025,/submit/hack-4-2,0,0,0,0,0,2026-03-10 13:13:13.593+00
U-0025,T-017,0,1,0,0,0,2026-03-24 13:15:29.8+00
U-0025,hack-6-2,1,0,0,0,0,2026-03-27 13:51:06.147+00
U-0025,hack-6,2,5,1,0,0,2026-03-28 12:26:24.287+00
U-0025,T-026,0,5,0,0,0,2026-03-28 13:59:18.753+00
U-0025,/team/T-026/manage,0,0,0,0,0,2026-02-28 06:21:40.06+00
U-0025,/matcher,0,0,0,0,0,2026-03-25 09:44:31.219+00
U-0025,hack-3-2,1,2,0,0,0,2026-03-28 13:47:19.753+00
U-0025,/camp,0,0,0,0,0,2026-03-28 13:44:18.753+00
U-0025,hack-10,0,0,0,0,0,2026-03-22 12:47:38.361+00
U-0025,T-1360,0,0,0,0,0,2026-03-18 07:34:39.497+00
U-0025,T-014,0,2,0,0,0,2026-03-26 08:49:56.862+00
U-0025,chatbot_room,0,0,0,0,0,2026-03-28 13:28:45.894+00
U-0025,hackathons_list,0,0,0,0,0,2026-03-28 14:03:08.33+00
U-0025,hack-7-1,6,9,1,0,1,2026-03-28 07:23:42.036+00
U-0025,T-005,0,1,0,0,0,2026-03-16 14:59:59.999+00
U-0025,notification_panel,0,0,0,0,0,2026-03-21 14:19:21.515+00
U-0025,Cloud,0,0,0,0,0,2026-03-16 08:22:48.364+00
U-0025,INV-930373,0,0,0,0,0,2026-03-21 14:18:13.515+00
U-0025,fallback-team_request_result,0,0,0,0,0,2026-03-25 13:23:17.2+00
U-0025,Web,0,0,0,0,0,2026-03-10 10:23:16.264+00
U-0025,hack-5-1,0,0,0,0,0,2026-03-19 23:20:40.651+00
U-0025,Team-U-0025-181,0,0,0,0,0,2026-03-22 14:59:59.999+00
U-0025,ended,0,0,0,0,0,2026-03-16 08:21:14.364+00
U-0025,team,0,0,0,0,0,2026-03-27 13:45:40.631+00
U-0025,T-028,0,3,0,0,0,2026-03-24 13:14:17.8+00
U-0025,/submit/hack-2-2,0,0,0,0,0,2026-03-22 20:34:00.697+00
U-0025,T-018,0,3,0,0,0,2026-03-28 14:05:53.753+00
U-0025,hack-4-2,6,7,1,1,1,2026-03-27 10:29:24.062+00
U-0025,T-2141,0,0,0,0,0,2026-03-11 13:22:59.185+00
U-0025,hack-9,1,1,0,0,0,2026-03-28 14:06:56.33+00
U-0025,hack-3-1,0,0,0,0,1,2026-03-17 02:58:54.198+00
U-0025,hack-12,0,0,0,0,0,2026-03-20 13:24:16.096+00
U-0025,T-013,0,2,0,1,0,2026-03-26 08:45:48.862+00
U-0025,/submit/hack-7-1,0,0,0,0,0,2026-03-26 11:23:12.425+00
U-0025,/submit/hack-3-1,0,0,0,0,0,2026-03-17 02:53:59.198+00
U-0025,T-003,0,1,0,0,0,2026-03-17 09:27:28.647+00
U-0025,T-001,0,3,0,1,0,2026-03-28 14:14:33.753+00
U-0025,hack-15,1,0,0,0,0,2026-03-27 13:53:55.147+00
U-0025,hack-5,2,4,1,0,1,2026-03-27 12:44:22.815+00
U-0025,T-004,0,1,0,0,0,2026-03-11 11:35:13.116+00
U-0025,/submit/hack-11,0,0,0,0,0,2026-03-28 08:56:42.253+00
U-0025,/profile/notifications,0,0,0,0,0,2026-03-25 14:19:43.56+00
U-0025,/chat,0,0,0,0,0,2026-03-28 13:27:29.894+00
U-0025,false,0,0,0,0,0,2026-03-25 09:46:34.219+00
U-0025,fallback-team_request_cancel,0,0,0,0,0,2026-03-28 07:25:13.036+00
U-0025,closed,0,0,0,0,0,2026-03-28 13:46:08.753+00
U-0025,/team/T-016/manage,0,0,0,0,0,2026-03-27 05:41:38.718+00
U-0025,T-3197,0,0,0,0,0,2026-02-28 11:24:52.234+00
U-0025,T-007,0,4,0,0,0,2026-03-28 14:21:47.753+00
U-0025,T-019,0,2,0,0,0,2026-03-24 13:13:07.8+00
U-0025,all,0,0,0,0,0,2026-03-27 10:23:24.062+00
U-0025,/team/T-003/manage,0,0,0,0,0,2026-03-11 15:47:44.508+00
U-0025,T-012,0,1,0,0,0,2026-03-17 17:21:15.736+00
U-0025,fallback-team_detail_dwell,0,0,0,0,0,2026-03-18 02:32:21.863+00
U-0025,hack-14,0,1,0,0,0,2026-03-27 10:31:16.062+00
U-0025,T-006,0,4,0,0,0,2026-03-24 09:30:09.028+00
U-0025,/team/T-027/manage,0,0,0,0,0,2026-03-11 11:40:24.712+00
U-0025,hack-8,0,0,0,0,0,2026-03-16 14:49:41.67+00
U-0025,/hackathons,0,0,0,0,0,2026-03-28 07:13:49.036+00
U-0025,T-030,0,4,0,0,0,2026-03-28 12:44:15.287+00
U-0025,/submit/hack-4,0,0,0,0,0,2026-02-28 10:34:25.527+00
U-0025,T-011,0,1,0,0,0,2026-03-22 09:56:32.437+00
U-0025,hack-11,2,2,1,0,1,2026-03-28 08:57:27.253+00
U-0025,fallback-team_member_kick,0,0,0,0,0,2026-03-17 09:32:58.647+00
U-0025,Blockchain,0,0,0,0,0,2026-03-22 03:31:36.402+00
U-0025,T-002,0,2,0,0,0,2026-03-18 10:43:56.111+00
U-0025,hack-3,1,2,0,1,0,2026-03-24 09:25:01.028+00
U-0025,INV-729231,0,0,0,0,0,2026-03-21 12:00:07.609+00
U-0025,fallback-team_detail_open,0,0,0,0,0,2026-03-24 12:56:33.82+00
U-0025,hack-2-2,1,1,0,1,1,2026-03-25 08:09:41.582+00
U-0025,/team/T-002/manage,0,0,0,0,0,2026-03-04 13:10:18.808+00
U-0025,hack-6-1,1,1,0,0,0,2026-03-16 08:42:16.364+00
U-0025,/submit/hack-9-1,0,0,0,0,0,2026-03-22 09:27:11.436+00
U-0025,T-029,0,13,0,0,0,2026-03-27 12:53:06.815+00
U-0025,hack-2-1,0,1,0,0,0,2026-03-24 01:30:22.795+00
U-0025,ongoing,0,0,0,0,0,2026-03-28 14:00:34.33+00
U-0025,INV-687634,0,0,0,0,0,2026-03-23 21:21:29.643+00
U-0025,T-027,0,7,0,0,0,2026-03-26 06:13:43.014+00
U-0025,/team/T-018/manage,0,0,0,0,0,2026-03-28 07:38:32.09+00
U-0025,user,0,0,0,0,0,2026-03-22 12:46:54.361+00
U-0025,hack-9-1,4,5,1,0,0,2026-03-27 10:27:05.062+00
U-0025,INV-973980,0,0,0,0,0,2026-03-17 12:28:21.388+00
U-0025,hack-4,1,3,0,0,0,2026-03-28 07:19:56.036+00
U-0025,/submit/hack-5,0,0,0,0,0,2026-03-17 03:46:54.809+00
U-0025,open,0,0,0,0,0,2026-03-28 12:26:14.287+00
U-0025,hack-10-1,2,3,0,0,0,2026-03-28 07:24:54.036+00
U-0025,hack-8-1,3,3,1,0,0,2026-03-28 14:12:12.33+00
U-0025,Team-U-0025-285,0,0,0,0,0,2026-03-18 07:32:57.497+00
U-0025,T-015,0,1,0,0,0,2026-03-06 07:46:41.255+00
U-0025,T-008,0,1,0,0,0,2026-03-16 14:58:25.67+00
U-0025,INV-591520,0,0,0,0,0,2026-03-16 14:55:54.781+00
U-0025,T-016,0,1,0,0,0,2026-03-27 05:43:08.718+00
U-0026,hack-3,3,5,1,0,0,2026-03-22 14:23:23.585+00
U-0026,T-010,0,5,0,0,0,2026-03-28 06:11:53.685+00
U-0026,T-012,0,1,0,0,0,2026-03-28 09:33:16.827+00
U-0026,hack-2,4,7,1,0,0,2026-03-28 07:50:56.81+00
U-0026,/team/T-029/manage,0,0,0,0,0,2026-03-22 19:22:49.707+00
U-0026,T-008,0,2,0,0,0,2026-03-27 11:34:02.387+00
U-0026,/submit/hack-2-2,0,0,0,0,0,2026-03-22 03:29:14.143+00
U-0026,closed,0,0,0,0,0,2026-03-28 06:00:20.685+00
U-0026,hack-4,4,5,0,0,0,2026-03-24 19:16:27.438+00
U-0026,hack-7-1,3,4,0,1,0,2026-03-28 09:21:03.827+00
U-0026,T-028,0,7,0,1,0,2026-03-24 12:28:16.647+00
U-0026,hack-3-1,0,2,0,0,0,2026-03-24 14:54:11.629+00
U-0026,INV-824039,0,0,0,0,0,2026-03-28 10:38:36.273+00
U-0026,Team-U-0026-786,0,0,0,0,0,2026-03-01 13:56:13.174+00
U-0026,/team/T-005/manage,0,0,0,0,0,2026-03-19 08:40:37.216+00
U-0026,Blockchain,0,0,0,0,0,2026-03-17 14:37:53.149+00
U-0026,team,0,0,0,0,0,2026-03-23 05:15:38.507+00
U-0026,INV-783300,0,0,0,0,0,2026-03-05 14:11:32.26+00
U-0026,T-030,0,5,0,0,0,2026-03-05 02:43:56.507+00
U-0026,true,0,0,0,0,0,2026-03-28 07:52:04.81+00
U-0026,T-019,0,1,0,0,0,2026-03-26 09:40:02.14+00
U-0026,/team/T-019/manage,0,0,0,0,0,2026-03-26 09:38:15.14+00
U-0026,hack-7,0,1,0,0,0,2026-03-24 06:33:11.693+00
U-0026,hack-10-1,5,6,0,1,1,2026-03-24 03:37:52.492+00
U-0026,false,0,0,0,0,0,2026-03-16 08:04:03.188+00
U-0026,T-7232,0,0,0,0,0,2026-03-21 03:24:20.769+00
U-0026,/profile/notifications,0,0,0,0,0,2026-03-28 12:32:52.265+00
U-0026,hack-5-2,4,7,0,0,0,2026-03-25 14:12:06.474+00
U-0026,fallback-invite_response,0,0,0,0,0,2026-03-25 14:12:33.474+00
U-0026,hack-15,1,1,0,0,0,2026-03-21 06:45:18.458+00
U-0026,T-013,0,3,0,1,0,2026-03-27 11:41:24.036+00
U-0026,T-4189,0,0,0,0,0,2026-03-26 13:05:49.781+00
U-0026,Team-U-0026-777,0,0,0,0,0,2026-03-21 03:23:26.769+00
U-0026,Data,0,0,0,0,0,2026-03-24 14:50:00.629+00
U-0026,hack-9-1,4,6,0,0,0,2026-03-24 19:26:35.438+00
U-0026,T-006,0,1,0,0,0,2026-03-01 13:46:16.174+00
U-0026,INV-529569,0,0,0,0,0,2026-03-23 11:15:47.696+00
U-0026,user,0,0,0,0,0,2026-03-28 07:50:39.81+00
U-0026,T-002,0,2,0,1,0,2026-03-28 10:39:42.273+00
U-0026,INV-734286,0,0,0,0,0,2026-03-18 14:46:50.316+00
U-0026,T-9353,0,0,0,0,0,2026-03-19 09:44:13.847+00
U-0026,/camp,0,0,0,0,0,2026-03-28 09:19:31.827+00
U-0026,T-015,0,2,0,0,0,2026-03-27 11:43:50.036+00
U-0026,hack-5,4,7,1,0,0,2026-03-24 12:07:05.733+00
U-0026,hack-2-2,7,7,0,1,1,2026-03-24 14:59:07.629+00
U-0026,/matcher,0,0,0,0,0,2026-03-28 07:50:18.81+00
U-0026,T-003,0,0,0,0,0,2026-03-19 13:15:21.333+00
U-0026,hack-8-1,6,7,0,1,0,2026-03-26 01:24:18.727+00
U-0026,hack-3-2,9,11,1,1,0,2026-03-27 11:37:00.036+00
U-0026,Cloud,0,0,0,0,0,2026-03-22 14:34:24.804+00
U-0026,Team-U-0026-374,0,0,0,0,0,2026-03-26 13:04:50.781+00
U-0026,T-020,0,0,0,1,0,2026-03-21 11:30:48.301+00
U-0026,Web,0,0,0,0,0,2026-03-25 13:56:16.474+00
U-0026,fallback-team_create_attempt,0,0,0,0,0,2026-03-16 10:38:33.664+00
U-0026,fallback-page_view,0,0,0,0,0,2026-03-24 13:36:33.637+00
U-0026,T-017,0,4,0,1,0,2026-03-21 03:10:00.769+00
U-0026,chatbot_room,0,0,0,0,0,2026-03-27 13:33:28.209+00
U-0026,INV-289563,0,0,0,0,0,2026-03-28 12:34:38.265+00
U-0026,T-016,0,0,0,0,0,2026-03-26 07:52:33.469+00
U-0026,INV-844489,0,0,0,0,0,2026-03-04 11:46:13.792+00
U-0026,T-6259,0,0,0,0,0,2026-03-01 13:56:55.174+00
U-0026,hack-4-1,2,3,1,0,0,2026-03-24 11:56:35.239+00
U-0026,hackathons_list,0,0,0,0,0,2026-03-26 05:18:32.54+00
U-0026,fallback-team_request_create,0,0,0,0,0,2026-03-26 12:07:44.361+00
U-0026,T-4795,0,0,0,0,0,2026-03-15 02:25:44.777+00
U-0026,T-011,0,6,0,0,0,2026-03-26 11:53:04.26+00
U-0026,hack-4-2,4,9,0,0,0,2026-03-25 14:06:41.474+00
U-0026,hack-11,0,1,0,0,0,2026-03-26 11:36:14.26+00
U-0026,hack-12,1,3,0,0,0,2026-03-26 05:23:27.54+00
U-0026,/team/T-009/manage,0,0,0,0,0,2026-03-20 09:20:59.178+00
U-0026,hack-2-1,1,1,0,0,0,2026-03-24 06:43:13.693+00
U-0026,INV-532169,0,0,0,0,0,2026-03-14 01:50:08.674+00
U-0026,/submit/hack-8-1,0,0,0,0,0,2026-02-28 13:03:17.268+00
U-0026,hack-9,0,1,0,0,1,2026-03-27 13:15:53.479+00
U-0026,ended,0,0,0,0,0,2026-03-26 05:16:58.54+00
U-0026,fallback-team_request_cancel,0,0,0,0,0,2026-03-23 05:17:51.507+00
U-0026,AI,0,0,0,0,0,2026-03-22 13:49:29.73+00
U-0026,hack-13,1,1,0,0,0,2026-03-24 12:21:52.647+00
U-0026,T-001,0,0,0,0,0,2026-03-20 02:12:22.296+00
U-0026,all,0,0,0,0,0,2026-03-27 13:52:21.076+00
U-0026,T-009,0,2,0,0,0,2026-03-21 11:30:01.301+00
U-0026,T-029,0,6,0,0,0,2026-03-28 09:28:52.827+00
U-0026,ongoing,0,0,0,0,0,2026-03-18 06:16:50.329+00
U-0026,/team/T-006/manage,0,0,0,0,0,2026-03-24 08:43:02.849+00
U-0026,hack-10,0,1,0,0,0,2026-03-10 13:25:00.622+00
U-0026,/team/T-012/manage,0,0,0,0,0,2026-03-10 11:50:37.294+00
U-0026,Team-U-0026-141,0,0,0,0,0,2026-03-19 09:43:26.847+00
U-0026,Team-U-0026-888,0,0,0,0,0,2026-03-01 11:31:37.085+00
U-0026,hack-6,2,8,0,0,0,2026-03-24 14:59:59.999+00
U-0026,hack-6-2,4,7,1,1,0,2026-03-28 06:01:06.685+00
U-0026,open,0,0,0,0,0,2026-03-26 11:36:41.26+00
U-0026,T-007,0,2,0,0,0,2026-03-27 08:36:11.892+00
U-0026,/submit/hack-10-1,0,0,0,0,0,2026-03-24 03:36:14.492+00
U-0026,hack-6-1,1,1,0,0,0,2026-03-22 13:57:12.73+00
U-0026,T-026,0,7,0,0,0,2026-03-28 02:01:48.711+00
U-0026,/submit/hack-9,0,0,0,0,0,2026-03-27 13:13:42.479+00
U-0026,T-018,0,0,0,0,0,2026-03-25 07:26:43.09+00
U-0026,/hackathons,0,0,0,0,0,2026-03-25 13:55:27.474+00
U-0026,T-005,0,1,0,1,0,2026-03-19 08:44:20.216+00
U-0026,T-014,0,3,0,1,0,2026-03-20 14:31:19.558+00
U-0026,/team/T-002/manage,0,0,0,0,0,2026-03-13 14:03:39.655+00
U-0026,T-004,0,2,0,0,0,2026-03-16 12:07:49.207+00
U-0026,/team/T-007/manage,0,0,0,0,0,2026-03-27 08:32:43.892+00
U-0026,/chat,0,0,0,0,0,2026-03-26 12:03:34.361+00
U-0026,/team/T-018/manage,0,0,0,0,0,2026-03-25 07:22:36.09+00
U-0026,T-027,0,4,0,0,0,2026-03-28 10:40:44.273+00
U-0026,Team-U-0026-564,0,0,0,0,0,2026-03-15 02:24:10.777+00
U-0027,T-001,0,0,0,0,0,2026-03-09 04:05:02.277+00
U-0027,ongoing,0,0,0,0,0,2026-03-07 06:08:45.65+00
U-0027,/submit/hack-7-1,0,0,0,0,0,2026-03-03 02:20:24.387+00
U-0027,user,0,0,0,0,0,2026-03-19 03:06:53.297+00
U-0027,hack-2,1,3,0,1,0,2026-03-26 21:35:42.637+00
U-0027,T-027,0,4,0,0,0,2026-03-27 07:06:44.802+00
U-0027,T-026,0,1,0,0,0,2026-03-18 12:13:01.066+00
U-0027,hack-5-1,0,1,0,0,0,2026-03-19 03:08:27.297+00
U-0027,Cloud,0,0,0,0,0,2026-03-26 17:29:37.57+00
U-0027,hack-10-1,0,1,0,0,0,2026-03-13 05:33:12.194+00
U-0027,T-018,0,2,0,0,0,2026-03-08 16:13:27.238+00
U-0027,T-002,0,0,0,0,0,2026-03-18 02:07:35.002+00
U-0027,hack-3-1,0,0,0,0,0,2026-03-07 18:38:19.771+00
U-0027,hack-4,2,1,1,0,0,2026-03-27 02:08:48.735+00
U-0027,/team/T-016/manage,0,0,0,0,0,2026-03-13 04:46:59.407+00
U-0027,hack-5,1,0,0,0,0,2026-03-26 17:34:50.57+00
U-0027,T-028,0,0,0,0,0,2026-03-16 14:46:06.442+00
U-0027,hack-6-2,1,1,0,1,0,2026-03-07 06:20:03.65+00
U-0027,hack-9-1,1,0,0,1,0,2026-03-26 17:41:32.57+00
U-0027,hack-15,0,0,0,0,0,2026-03-19 14:59:59.999+00
U-0027,T-015,0,1,0,0,0,2026-03-16 07:42:14.576+00
U-0027,/camp,0,0,0,0,0,2026-03-18 12:03:26.066+00
U-0027,hack-9,1,1,0,0,0,2026-03-17 19:16:11.456+00
U-0027,/matcher,0,0,0,0,0,2026-03-19 14:59:17.695+00
U-0027,hack-12,0,0,0,0,0,2026-03-19 11:54:44.826+00
U-0027,/submit/hack-4-2,0,0,0,0,0,2026-03-28 23:12:47.775+00
U-0027,hack-3-2,0,2,1,0,0,2026-03-12 12:24:51.346+00
U-0027,INV-730274,0,0,0,0,0,2026-03-07 10:59:49.295+00
U-0027,hack-8-1,1,2,0,0,0,2026-03-19 14:36:54.458+00
U-0027,T-013,0,1,0,0,0,2026-03-18 10:24:30.829+00
U-0027,hack-3,3,3,1,1,0,2026-03-27 06:40:44.802+00
U-0027,fallback-chatbot_response,0,0,0,0,0,2026-03-26 20:03:43.445+00
U-0027,T-030,0,5,0,0,0,2026-03-12 21:41:39.112+00
U-0027,/team/T-001/manage,0,0,0,0,0,2026-03-09 03:59:50.277+00
U-0027,T-004,0,1,0,0,0,2026-03-16 07:59:11.576+00
U-0027,ended,0,0,0,0,0,2026-03-27 02:03:54.735+00
U-0027,chatbot_room,0,0,0,0,0,2026-03-18 11:54:03.836+00
U-0027,T-019,0,2,0,0,0,2026-03-18 10:27:02.867+00
U-0027,/profile/notifications,0,0,0,0,0,2026-03-18 13:41:51.772+00
U-0027,all,0,0,0,0,0,2026-03-26 21:31:50.637+00
U-0027,hack-7-1,1,1,0,1,0,2026-03-18 10:19:08.829+00
U-0027,hack-10,1,1,0,0,0,2026-03-09 12:20:51.507+00
U-0027,hack-4-2,0,2,0,1,1,2026-03-28 23:14:03.775+00
U-0027,/chat,0,0,0,0,0,2026-03-18 11:50:57.836+00
U-0027,Data,0,0,0,0,0,2026-03-09 12:16:35.507+00
U-0027,Web,0,0,0,0,0,2026-03-27 02:04:22.735+00
U-0027,/hackathons,0,0,0,0,0,2026-03-27 02:03:46.735+00
U-0027,T-005,0,1,0,0,0,2026-03-08 16:01:39.238+00
U-0027,hack-6,1,2,0,0,0,2026-03-26 21:41:25.637+00
U-0027,hack-14,1,1,0,0,0,2026-03-27 02:13:03.735+00
U-0027,T-011,0,1,0,0,0,2026-03-17 19:31:59.456+00
U-0027,closed,0,0,0,0,0,2026-03-07 18:36:32.771+00
U-0027,/team/T-004/manage,0,0,0,0,0,2026-03-13 05:06:11.758+00
U-0027,hack-5-2,2,2,0,0,0,2026-03-26 17:37:53.57+00
U-0027,hack-2-2,1,1,0,0,0,2026-03-27 02:15:42.735+00
U-0027,true,0,0,0,0,0,2026-03-19 14:59:59.999+00
U-0027,team,0,0,0,0,0,2026-03-19 14:59:25.695+00
U-0027,T-016,0,1,0,0,0,2026-03-13 04:50:51.407+00
U-0027,false,0,0,0,0,0,2026-03-02 15:10:52.433+00
U-0027,hackathons_list,0,0,0,0,0,2026-03-26 21:33:20.637+00
U-0027,T-008,0,0,0,0,0,2026-03-19 14:59:59.999+00
U-0027,hack-6-1,0,0,0,0,0,2026-03-02 15:11:00.433+00
U-0028,Cloud,0,0,0,0,0,2026-03-25 09:13:12.149+00
U-0028,hack-3-1,2,2,0,0,0,2026-03-28 14:12:12.337+00
U-0028,Team-U-0028-601,0,0,0,0,0,2026-03-19 11:34:10.053+00
U-0028,T-027,0,11,0,0,0,2026-03-28 12:22:45.889+00
U-0028,/team/T-015/manage,0,0,0,0,0,2026-03-16 11:49:40.059+00
U-0028,fallback-recommendation_click,0,0,0,0,0,2026-03-08 14:54:14.253+00
U-0028,hack-6-1,0,0,0,0,0,2026-03-02 06:28:10.403+00
U-0028,/team/T-029/manage,0,0,0,0,0,2026-03-12 03:52:18.155+00
U-0028,T-009,0,1,0,0,0,2026-03-20 11:28:10.484+00
U-0028,hack-4,1,5,0,0,0,2026-03-27 11:11:39.629+00
U-0028,T-007,0,4,0,1,0,2026-03-28 09:02:51.822+00
U-0028,AI,0,0,0,0,0,2026-03-17 06:06:28.555+00
U-0028,hack-5-2,8,6,1,1,0,2026-03-28 13:28:45.19+00
U-0028,T-010,0,4,0,1,0,2026-03-26 22:07:53.315+00
U-0028,T-002,0,2,0,0,0,2026-03-28 10:23:56.464+00
U-0028,T-013,0,1,0,0,0,2026-03-24 04:08:04.422+00
U-0028,T-001,0,1,0,0,0,2026-02-28 14:19:50.539+00
U-0028,all,0,0,0,0,0,2026-03-28 12:13:45.793+00
U-0028,user,0,0,0,0,0,2026-03-28 11:52:10.015+00
U-0028,Blockchain,0,0,0,0,0,2026-03-25 02:30:11.622+00
U-0028,T-011,0,5,0,0,0,2026-03-27 10:32:53.121+00
U-0028,hack-3-2,1,4,0,0,1,2026-03-27 14:48:39.582+00
U-0028,T-017,0,2,0,1,0,2026-03-23 02:26:43.468+00
U-0028,open,0,0,0,0,0,2026-03-18 05:35:36.572+00
U-0028,hack-15,1,1,0,0,1,2026-03-28 14:11:19.337+00
U-0028,hack-2-1,1,0,1,0,0,2026-03-26 12:21:45.423+00
U-0028,chatbot_room,0,0,0,0,0,2026-03-28 06:47:17.894+00
U-0028,hack-2,4,3,0,0,1,2026-03-25 05:31:18.841+00
U-0028,hack-4-1,0,0,0,0,0,2026-03-12 09:39:07.338+00
U-0028,T-004,0,2,0,0,0,2026-03-23 17:51:19.171+00
U-0028,/profile/notifications,0,0,0,0,0,2026-03-27 00:29:02.897+00
U-0028,ended,0,0,0,0,0,2026-03-28 07:00:32.7+00
U-0028,T-029,0,6,0,0,0,2026-03-18 21:15:18.25+00
U-0028,hack-9-1,1,4,0,0,0,2026-03-23 03:41:37.599+00
U-0028,INV-883020,0,0,0,0,0,2026-03-17 14:54:06.87+00
U-0028,Team-U-0028-319,0,0,0,0,0,2026-03-05 14:45:42.742+00
U-0028,T-019,0,1,0,0,0,2026-03-27 11:58:11.142+00
U-0028,Team-U-0028-698,0,0,0,0,0,2026-03-24 04:09:08.422+00
U-0028,T-030,0,14,0,0,0,2026-03-28 12:52:27.793+00
U-0028,hack-10-1,7,6,0,1,0,2026-03-25 02:33:20.622+00
U-0028,/team/T-018/manage,0,0,0,0,0,2026-03-22 02:29:02.809+00
U-0028,fallback-team_recruit_toggle,0,0,0,0,0,2026-03-26 10:30:39.11+00
U-0028,INV-145974,0,0,0,0,0,2026-03-17 03:25:18.179+00
U-0028,/team/T-002/manage,0,0,0,0,0,2026-03-16 14:48:18.658+00
U-0028,hack-4-2,5,5,0,1,0,2026-03-27 13:34:07.328+00
U-0028,hack-8-1,5,7,0,1,1,2026-03-28 07:08:01.7+00
U-0028,T-5394,0,0,0,0,0,2026-03-07 07:55:34.525+00
U-0028,T-018,0,1,0,0,0,2026-03-28 10:34:10.464+00
U-0028,closed,0,0,0,0,0,2026-03-25 11:23:22.01+00
U-0028,INV-396474,0,0,0,0,0,2026-03-02 07:16:30.594+00
U-0028,/submit/hack-5-1,0,0,0,0,0,2026-03-09 14:33:09.552+00
U-0028,T-020,0,4,0,0,0,2026-03-27 12:05:36.142+00
U-0028,/submit/hack-2-2,0,0,0,0,0,2026-03-18 12:50:28.104+00
U-0028,T-012,0,2,0,0,0,2026-03-27 12:12:41.142+00
U-0028,T-014,0,1,0,0,0,2026-03-19 11:33:51.053+00
U-0028,/submit/hack-4,0,0,0,0,0,2026-03-22 13:10:22.045+00
U-0028,Team-U-0028-233,0,0,0,0,0,2026-03-07 07:55:01.525+00
U-0028,/hackathons,0,0,0,0,0,2026-03-26 10:33:40.451+00
U-0028,Team-U-0028-968,0,0,0,0,0,2026-03-28 12:52:55.793+00
U-0028,hack-5,5,5,1,0,0,2026-03-25 02:35:59.622+00
U-0028,hack-2-2,2,5,1,1,1,2026-03-27 14:48:27.582+00
U-0028,hack-7-1,7,10,1,1,1,2026-03-27 12:09:30.703+00
U-0028,T-2846,0,0,0,0,0,2026-03-05 14:46:21.742+00
U-0028,/team/T-028/manage,0,0,0,0,0,2026-03-17 10:45:36.881+00
U-0028,/camp,0,0,0,0,0,2026-03-27 11:10:32.629+00
U-0028,T-003,0,1,0,0,0,2026-03-24 05:56:16.107+00
U-0028,fallback-chatbot_response,0,0,0,0,0,2026-03-17 10:46:10.881+00
U-0028,INV-147656,0,0,0,0,0,2026-03-18 16:09:37.546+00
U-0028,/team/T-026/manage,0,0,0,0,0,2026-03-15 10:36:39.333+00
U-0028,/submit/hack-3,0,0,0,0,0,2026-03-26 10:27:18.437+00
U-0028,team,0,0,0,0,0,2026-03-26 10:27:25.11+00
U-0028,hack-13,3,3,1,0,0,2026-03-28 07:12:42.7+00
U-0028,hack-14,1,1,0,0,0,2026-03-19 12:32:31.819+00
U-0028,hack-3,7,7,1,1,1,2026-03-28 13:38:23.19+00
U-0028,T-016,0,3,0,0,0,2026-03-25 11:48:57.01+00
U-0028,Data,0,0,0,0,0,2026-03-17 13:41:00.818+00
U-0028,/team/T-012/manage,0,0,0,0,0,2026-03-09 04:57:45.431+00
U-0028,INV-612549,0,0,0,0,0,2026-03-22 06:57:58.848+00
U-0028,INV-519236,0,0,0,0,0,2026-03-27 00:29:30.897+00
U-0028,T-015,0,2,0,0,0,2026-03-26 10:30:32.11+00
U-0028,T-005,0,5,0,0,0,2026-03-27 12:24:22.142+00
U-0028,T-008,0,2,0,1,0,2026-03-28 10:11:57.464+00
U-0028,fallback-team_filter,0,0,0,0,0,2026-03-07 10:15:24.705+00
U-0028,hack-6,4,5,1,0,0,2026-03-28 13:32:43.19+00
U-0028,T-026,0,14,0,0,0,2026-03-27 10:38:32.121+00
U-0028,hack-7,0,1,0,0,0,2026-03-20 12:58:37.169+00
U-0028,Team-U-0028-470,0,0,0,0,0,2026-03-15 02:52:34.018+00
U-0028,hack-11,0,0,0,0,0,2026-03-02 08:36:15.766+00
U-0028,T-028,0,5,0,1,0,2026-03-27 11:26:41.629+00
U-0028,T-006,0,3,0,1,0,2026-03-24 03:58:52.422+00
U-0028,notification_panel,0,0,0,0,0,2026-03-24 11:40:42.668+00
U-0028,hack-5-1,0,0,0,0,1,2026-03-09 14:36:58.552+00
U-0028,Web,0,0,0,0,0,2026-03-21 05:27:40.733+00
U-0028,/matcher,0,0,0,0,0,2026-03-28 14:09:20.337+00
U-0028,/chat,0,0,0,0,0,2026-03-27 06:40:04.867+00
U-0028,INV-108947,0,0,0,0,0,2026-03-02 12:48:59.459+00
U-0028,hackathons_list,0,0,0,0,0,2026-03-28 13:24:58.19+00
U-0028,/submit/hack-2,0,0,0,0,0,2026-03-23 12:04:09.886+00
U-0028,/team/T-019/manage,0,0,0,0,0,2026-03-21 05:07:03.024+00
U-0028,true,0,0,0,0,0,2026-03-22 02:20:33.891+00
U-0028,hack-6-2,4,5,0,0,0,2026-03-21 06:11:00.024+00
U-0028,ongoing,0,0,0,0,0,2026-03-26 10:35:39.451+00
U-0028,Team-U-0028-942,0,0,0,0,0,2026-03-23 14:19:12.037+00
U-0029,Team-U-0029-685,0,0,0,0,0,2026-03-11 13:17:29.035+00
U-0029,ended,0,0,0,0,0,2026-03-23 13:22:52.475+00
U-0029,hack-7,1,2,0,0,0,2026-03-20 14:07:49.568+00
U-0029,user,0,0,0,0,0,2026-03-27 01:46:24.663+00
U-0029,hack-5-1,0,0,0,0,0,2026-03-25 08:29:47.591+00
U-0029,hack-5,10,10,0,0,1,2026-03-28 11:21:11.696+00
U-0029,hack-3,4,7,1,1,1,2026-03-25 11:03:14.432+00
U-0029,/submit/hack-5,0,0,0,0,0,2026-03-06 08:41:07.524+00
U-0029,T-014,0,0,0,1,0,2026-03-21 10:04:07.882+00
U-0029,T-026,0,10,0,0,0,2026-03-28 11:22:11.696+00
U-0029,Team-U-0029-495,0,0,0,0,0,2026-03-18 05:45:13.733+00
U-0029,AI,0,0,0,0,0,2026-03-23 07:06:32.297+00
U-0029,/team/T-026/manage,0,0,0,0,0,2026-03-28 12:52:33.681+00
U-0029,T-006,0,2,0,0,0,2026-03-13 14:59:59.999+00
U-0029,T-010,0,4,0,0,0,2026-03-24 13:48:12.357+00
U-0029,hack-6-2,7,7,0,0,0,2026-03-28 12:19:13.47+00
U-0029,INV-493246,0,0,0,0,0,2026-03-21 10:01:05.882+00
U-0029,INV-466905,0,0,0,0,0,2026-03-24 14:47:57.062+00
U-0029,T-027,0,5,0,0,0,2026-03-25 07:35:12.657+00
U-0029,T-007,0,3,0,0,0,2026-03-21 13:59:43.52+00
U-0029,hack-10-1,4,6,0,0,0,2026-03-27 01:50:50.663+00
U-0029,T-002,0,4,0,0,0,2026-03-26 10:36:51.08+00
U-0029,T-028,0,5,0,0,0,2026-03-28 11:14:32.579+00
U-0029,false,0,0,0,0,0,2026-03-17 17:18:00.017+00
U-0029,Team-U-0029-608,0,0,0,0,0,2026-03-13 14:59:59.999+00
U-0029,T-019,0,5,0,0,0,2026-03-28 11:00:43.579+00
U-0029,/team/T-008/manage,0,0,0,0,0,2026-03-14 09:50:18.123+00
U-0029,hack-7-1,7,7,1,0,0,2026-03-26 05:45:17.356+00
U-0029,T-008,0,4,0,0,0,2026-03-27 05:02:14.348+00
U-0029,T-017,0,2,0,0,0,2026-03-28 11:23:58.696+00
U-0029,hack-8-1,6,9,1,1,0,2026-03-28 12:13:41.47+00
U-0029,all,0,0,0,0,0,2026-03-28 10:11:50.05+00
U-0029,T-003,0,4,0,0,0,2026-03-21 14:09:36.52+00
U-0029,/submit/hack-2,0,0,0,0,0,2026-03-23 05:24:34.373+00
U-0029,T-001,0,2,0,0,0,2026-03-22 09:52:29.106+00
U-0029,ongoing,0,0,0,0,0,2026-03-25 10:46:32.432+00
U-0029,T-013,0,7,0,0,0,2026-03-28 10:55:15.579+00
U-0029,hack-9,3,3,0,0,0,2026-03-22 12:54:39.17+00
U-0029,hack-4-2,6,7,1,0,1,2026-03-28 10:23:30.05+00
U-0029,Team-U-0029-968,0,0,0,0,0,2026-03-28 11:14:39.579+00
U-0029,/submit/hack-3,0,0,0,0,0,2026-03-21 01:47:14.565+00
U-0029,T-030,0,4,0,0,0,2026-03-20 17:04:26.014+00
U-0029,Web,0,0,0,0,0,2026-03-25 01:51:41.563+00
U-0029,/team/T-020/manage,0,0,0,0,0,2026-03-10 11:09:20.087+00
U-0029,hackathons_list,0,0,0,0,0,2026-03-28 10:14:54.05+00
U-0029,hack-6-1,1,1,0,0,0,2026-03-21 12:04:25.329+00
U-0029,/camp,0,0,0,0,0,2026-03-27 04:28:31.348+00
U-0029,/team/T-005/manage,0,0,0,0,0,2026-03-20 06:37:17.58+00
U-0029,T-004,0,5,0,1,0,2026-03-27 16:23:06.442+00
U-0029,fallback-team_create_attempt,0,0,0,0,0,2026-03-20 02:12:13.476+00
U-0029,/team/T-011/manage,0,0,0,0,0,2026-03-21 04:10:32.253+00
U-0029,hack-2-2,3,4,0,0,0,2026-03-26 10:16:24.08+00
U-0029,closed,0,0,0,0,0,2026-03-28 10:47:25.579+00
U-0029,T-018,0,3,0,0,0,2026-03-27 02:35:28.212+00
U-0029,T-1476,0,0,0,0,0,2026-03-28 11:15:49.579+00
U-0029,hack-6,5,6,0,0,1,2026-03-26 05:43:45.356+00
U-0029,T-005,0,2,0,0,0,2026-03-22 11:15:12.374+00
U-0029,/profile/notifications,0,0,0,0,0,2026-03-28 13:55:49.635+00
U-0029,hack-2,5,5,1,0,1,2026-03-27 01:48:17.663+00
U-0029,/submit/hack-4,0,0,0,0,0,2026-03-26 11:55:12.882+00
U-0029,hack-8,1,1,1,0,0,2026-03-21 12:04:30.329+00
U-0029,/submit/hack-6,0,0,0,0,0,2026-03-14 07:10:27.528+00
U-0029,T-012,0,1,0,0,0,2026-03-16 08:23:56.035+00
U-0029,/team/T-030/manage,0,0,0,0,0,2026-03-19 01:08:35.678+00
U-0029,/matcher,0,0,0,0,0,2026-03-28 11:19:11.696+00
U-0029,hack-10,0,0,0,0,0,2026-03-19 03:02:32.335+00
U-0029,true,0,0,0,0,0,2026-03-25 08:28:11.591+00
U-0029,hack-5-2,5,4,0,1,0,2026-03-26 14:37:22.527+00
U-0029,Team-U-0029-846,0,0,0,0,0,2026-03-11 10:39:59.326+00
U-0029,/hackathons,0,0,0,0,0,2026-03-28 12:06:44.47+00
U-0029,hack-12,0,0,0,0,0,2026-03-27 04:30:26.348+00
U-0029,T-011,0,4,0,0,0,2026-03-27 04:36:47.348+00
U-0029,hack-13,0,3,0,0,0,2026-03-28 10:46:31.579+00
U-0029,hack-4,7,11,0,0,1,2026-03-28 12:11:42.47+00
U-0029,T-1460,0,0,0,0,0,2026-03-13 14:59:59.999+00
U-0029,T-5282,0,0,0,0,0,2026-03-11 13:19:10.035+00
U-0029,fallback-hackathon_view,0,0,0,0,0,2026-03-28 12:19:36.47+00
U-0029,Blockchain,0,0,0,0,0,2026-03-28 10:13:03.05+00
U-0029,/chat,0,0,0,0,0,2026-03-28 14:42:47.01+00
U-0029,chatbot_room,0,0,0,0,0,2026-03-28 14:43:36.01+00
U-0029,hack-9-1,6,10,0,0,0,2026-03-27 02:20:30.212+00
U-0029,hack-14,1,1,1,0,0,2026-03-12 08:08:22.559+00
U-0029,fallback-team_request_create,0,0,0,0,0,2026-03-11 13:19:26.035+00
U-0029,T-020,0,0,0,0,0,2026-03-18 12:38:41.284+00
U-0029,Cloud,0,0,0,0,0,2026-03-25 14:07:47.754+00
U-0029,T-015,0,2,0,1,0,2026-03-18 12:33:47.284+00
U-0029,/team/T-019/manage,0,0,0,0,0,2026-03-22 13:53:13.077+00
U-0029,hack-11,0,1,0,0,0,2026-03-13 14:52:53.643+00
U-0029,/team/T-009/manage,0,0,0,0,0,2026-03-23 06:14:02.726+00
U-0029,hack-2-1,0,1,0,0,0,2026-03-28 10:22:15.05+00
U-0029,open,0,0,0,0,0,2026-03-25 07:25:32.657+00
U-0029,T-4329,0,0,0,0,0,2026-03-16 07:40:19.245+00
U-0029,T-029,0,3,0,1,0,2026-03-28 11:21:23.696+00
U-0029,T-009,0,3,0,0,0,2026-03-24 13:39:17.357+00
U-0029,hack-4-1,1,1,1,0,0,2026-03-13 10:19:27.66+00
U-0029,hack-3-2,7,10,0,1,0,2026-03-28 10:21:04.05+00
U-0029,INV-274803,0,0,0,0,0,2026-03-28 13:56:44.635+00
U-0029,/submit/hack-4-2,0,0,0,0,0,2026-03-10 21:33:48.004+00
U-0029,team,0,0,0,0,0,2026-03-28 11:20:10.696+00
U-0030,team,0,0,0,0,0,2026-03-22 08:52:05.099+00
U-0030,hack-5-2,2,4,1,0,0,2026-03-28 04:04:54.533+00
U-0030,hack-6,3,4,1,0,0,2026-03-28 02:38:58.472+00
U-0030,hack-15,0,0,0,0,0,2026-03-21 08:07:25.784+00
U-0030,/camp,0,0,0,0,0,2026-03-28 14:14:03.715+00
U-0030,hack-2-2,5,7,0,1,1,2026-03-28 04:06:34.533+00
U-0030,T-003,0,1,0,0,0,2026-03-24 06:31:27.793+00
U-0030,/team/T-020/manage,0,0,0,0,0,2026-03-23 09:21:43.174+00
U-0030,Team-U-0030-648,0,0,0,0,0,2026-03-28 14:20:59.715+00
U-0030,hack-9,2,2,0,0,0,2026-03-17 12:58:06.607+00
U-0030,T-011,0,0,0,0,0,2026-03-21 03:05:36.604+00
U-0030,Data,0,0,0,0,0,2026-03-28 03:57:56.533+00
U-0030,fallback-team_create_attempt,0,0,0,0,0,2026-03-27 12:55:13.711+00
U-0030,T-005,0,1,0,0,0,2026-03-27 11:43:42.195+00
U-0030,fallback-matcher_filter,0,0,0,0,0,2026-03-18 14:53:24.74+00
U-0030,fallback-page_view,0,0,0,0,0,2026-03-24 06:31:37.793+00
U-0030,ended,0,0,0,0,0,2026-03-28 03:57:11.533+00
U-0030,open,0,0,0,0,0,2026-03-26 21:47:01.733+00
U-0030,hack-7,0,0,0,0,0,2026-03-17 10:43:16.193+00
U-0030,hack-5,5,5,0,1,0,2026-03-27 11:07:43.028+00
U-0030,T-5309,0,0,0,0,0,2026-03-12 23:23:59.331+00
U-0030,T-002,0,2,0,0,0,2026-03-14 08:37:35.488+00
U-0030,T-8224,0,0,0,0,0,2026-03-28 14:21:14.715+00
U-0030,T-012,0,2,0,0,0,2026-03-13 11:39:36.854+00
U-0030,/submit/hack-11,0,0,0,0,0,2026-03-19 13:18:10.872+00
U-0030,T-018,0,2,0,0,0,2026-03-24 02:24:01.221+00
U-0030,hack-10,1,1,0,0,0,2026-03-21 09:46:38.686+00
U-0030,fallback-hackathon_join,0,0,0,0,0,2026-03-18 11:41:20.75+00
U-0030,hack-11,0,0,0,0,1,2026-03-25 08:15:50.703+00
U-0030,T-028,0,15,0,1,0,2026-03-27 12:39:23.711+00
U-0030,true,0,0,0,0,0,2026-03-22 08:53:21.099+00
U-0030,T-009,0,2,0,0,0,2026-03-27 11:35:34.195+00
U-0030,hack-2,7,7,0,1,0,2026-03-28 14:59:59.999+00
U-0030,hack-3,5,4,1,0,0,2026-03-27 09:27:35.243+00
U-0030,Cloud,0,0,0,0,0,2026-03-23 09:29:43.45+00
U-0030,Team-U-0030-633,0,0,0,0,0,2026-03-06 14:56:51.225+00
U-0030,all,0,0,0,0,0,2026-03-28 14:57:30.509+00
U-0030,T-020,0,3,0,0,0,2026-03-28 12:35:13.882+00
U-0030,hack-4-2,6,9,1,1,0,2026-03-28 14:15:20.715+00
U-0030,/team/T-001/manage,0,0,0,0,0,2026-03-23 19:52:47.09+00
U-0030,T-008,0,5,0,0,0,2026-03-28 12:24:30.882+00
U-0030,Team-U-0030-807,0,0,0,0,0,2026-03-13 12:54:45.217+00
U-0030,hack-10-1,6,9,0,0,0,2026-03-28 14:59:59.999+00
U-0030,/team/T-029/manage,0,0,0,0,0,2026-03-15 11:15:22.154+00
U-0030,fallback-team_request_cancel,0,0,0,0,0,2026-03-19 13:21:41.872+00
U-0030,closed,0,0,0,0,0,2026-03-28 12:10:40.882+00
U-0030,user,0,0,0,0,0,2026-03-27 14:58:19.211+00
U-0030,hack-6-2,5,6,0,1,0,2026-03-24 03:09:35.287+00
U-0030,INV-558922,0,0,0,0,0,2026-03-15 12:43:53.7+00
U-0030,chatbot_room,0,0,0,0,0,2026-03-28 13:46:56.727+00
U-0030,T-029,0,9,0,1,0,2026-03-25 22:51:42.708+00
U-0030,T-027,0,7,0,0,0,2026-03-25 14:46:11.046+00
U-0030,hack-9-1,2,3,0,1,0,2026-03-18 01:47:17.688+00
U-0030,T-016,0,2,0,0,0,2026-03-28 14:31:30.379+00
U-0030,INV-378862,0,0,0,0,0,2026-03-21 14:51:46.184+00
U-0030,T-017,0,3,0,1,0,2026-03-25 11:03:16.378+00
U-0030,/profile/notifications,0,0,0,0,0,2026-03-28 05:37:00.555+00
U-0030,T-015,0,5,0,0,0,2026-03-24 22:45:06.036+00
U-0030,hack-8,1,1,0,0,0,2026-03-18 01:36:16.688+00
U-0030,/team/T-016/manage,0,0,0,0,0,2026-03-28 14:30:16.379+00
U-0030,hack-14,1,1,1,0,0,2026-03-21 08:08:32.784+00
U-0030,hack-4-1,0,1,0,0,0,2026-03-24 22:29:31.036+00
U-0030,hack-4,9,13,0,1,0,2026-03-28 02:45:06.472+00
U-0030,/submit/hack-5-2,0,0,0,0,0,2026-03-16 11:35:27.719+00
U-0030,T-013,0,2,0,1,0,2026-03-23 11:04:36.488+00
U-0030,Team-U-0030-350,0,0,0,0,0,2026-03-12 23:22:33.331+00
U-0030,INV-698581,0,0,0,0,0,2026-03-10 01:08:33.648+00
U-0030,INV-412889,0,0,0,0,0,2026-03-16 04:18:04.548+00
U-0030,/submit/hack-8-1,0,0,0,0,0,2026-03-25 13:09:46.311+00
U-0030,INV-311295,0,0,0,0,0,2026-03-27 12:25:10.534+00
U-0030,hack-5-1,0,0,0,0,0,2026-03-28 12:11:22.882+00
U-0030,hack-2-1,0,0,0,0,0,2026-03-03 11:17:29.814+00
U-0030,hackathons_list,0,0,0,0,0,2026-03-28 14:59:38.509+00
U-0030,/team/T-008/manage,0,0,0,0,0,2026-03-27 14:09:29.304+00
U-0030,/submit/hack-3,0,0,0,0,0,2026-03-15 10:23:55.802+00
U-0030,/hackathons,0,0,0,0,0,2026-03-28 14:55:46.509+00
U-0030,T-5272,0,0,0,0,0,2026-03-13 12:55:36.217+00
U-0030,Blockchain,0,0,0,0,0,2026-03-08 12:16:02.2+00
U-0030,hack-12,0,0,0,0,0,2026-03-27 11:32:00.195+00
U-0030,Web,0,0,0,0,0,2026-03-25 01:14:04.433+00
U-0030,false,0,0,0,0,0,2026-03-28 13:41:36.68+00
U-0030,/team/T-010/manage,0,0,0,0,0,2026-03-07 09:09:16.629+00
U-0030,INV-895391,0,0,0,0,0,2026-03-10 07:07:18.61+00
U-0030,/team/T-026/manage,0,0,0,0,0,2026-03-07 12:28:47.793+00
U-0030,fallback-invite_cancel,0,0,0,0,0,2026-03-12 14:59:59.999+00
U-0030,/chat,0,0,0,0,0,2026-03-28 13:40:47.727+00
U-0030,T-026,0,5,0,0,0,2026-03-27 12:54:52.711+00
U-0030,T-004,0,0,0,0,0,2026-03-28 13:45:00.68+00
U-0030,/team/T-007/manage,0,0,0,0,0,2026-03-16 10:40:34.283+00
U-0030,/submit/hack-4,0,0,0,0,0,2026-03-14 01:34:31.897+00
U-0030,T-030,0,5,0,0,0,2026-03-28 14:19:39.715+00
U-0030,T-006,0,2,0,0,0,2026-03-22 05:21:42.384+00
U-0030,hack-8-1,7,8,1,1,1,2026-03-28 02:37:14.472+00
U-0030,AI,0,0,0,0,0,2026-03-28 02:34:38.472+00
U-0030,T-001,0,3,0,0,0,2026-03-27 07:05:38.153+00
U-0030,/team/T-011/manage,0,0,0,0,0,2026-03-07 13:04:41.493+00
U-0030,T-007,0,1,0,0,0,2026-03-22 08:54:52.099+00
U-0030,hack-6-1,0,0,0,0,0,2026-03-24 02:08:56.221+00
U-0030,ongoing,0,0,0,0,0,2026-03-27 09:05:57.243+00
U-0030,T-019,0,1,0,1,0,2026-03-27 12:01:37.195+00
U-0030,T-010,0,4,0,1,0,2026-03-27 12:25:31.534+00
U-0030,hack-7-1,4,5,1,0,0,2026-03-27 14:59:59.999+00
U-0030,hack-3-2,4,5,0,0,1,2026-03-28 02:40:02.472+00
U-0030,/submit/hack-2-2,0,0,0,0,0,2026-03-08 05:27:43.192+00
U-0030,/team/T-017/manage,0,0,0,0,0,2026-03-25 11:00:58.378+00
U-0030,/matcher,0,0,0,0,0,2026-03-28 13:39:54.68+00
U-0030,T-014,0,4,0,0,0,2026-03-27 12:35:43.711+00
U-0031,/team/T-014/manage,0,0,0,0,0,2026-03-09 05:20:46.232+00
U-0031,hack-2,3,3,0,0,0,2026-03-25 06:00:05.452+00
U-0031,/submit/hack-9-1,0,0,0,0,0,2026-03-08 12:52:21.217+00
U-0031,T-018,0,0,0,1,0,2026-03-24 09:35:41.895+00
U-0031,hack-7,1,1,0,0,0,2026-03-25 10:48:32.12+00
U-0031,/team/T-016/manage,0,0,0,0,0,2026-03-24 09:32:04.891+00
U-0031,hack-13,1,1,0,0,0,2026-03-10 23:51:43.327+00
U-0031,team,0,0,0,0,0,2026-03-28 14:12:26.215+00
U-0031,T-030,0,1,0,0,0,2026-03-24 12:23:45.262+00
U-0031,ongoing,0,0,0,0,0,2026-03-18 11:47:57.589+00
U-0031,/team/T-003/manage,0,0,0,0,0,2026-03-25 11:36:46.41+00
U-0031,hack-11,1,0,0,0,0,2026-03-27 11:23:19.793+00
U-0031,/submit/hack-6-2,0,0,0,0,0,2026-03-27 09:07:38.036+00
U-0031,T-003,0,1,0,0,0,2026-03-25 11:39:54.41+00
U-0031,T-013,0,1,0,1,0,2026-03-25 07:00:37.348+00
U-0031,open,0,0,0,0,0,2026-03-01 09:39:30.897+00
U-0031,T-016,0,1,0,0,0,2026-03-27 14:07:36.095+00
U-0031,/team/T-017/manage,0,0,0,0,0,2026-03-08 11:24:24.605+00
U-0031,/profile/notifications,0,0,0,0,0,2026-03-25 07:58:00.4+00
U-0031,fallback-invite_cancel,0,0,0,0,0,2026-03-18 11:54:12.589+00
U-0031,/team/T-006/manage,0,0,0,0,0,2026-03-10 08:06:48.769+00
U-0031,hack-12,0,0,0,0,0,2026-03-27 03:49:01.754+00
U-0031,T-028,0,0,0,0,0,2026-03-12 01:58:18.176+00
U-0031,/hackathons,0,0,0,0,0,2026-03-28 10:51:14.887+00
U-0031,hack-15,0,0,0,0,0,2026-03-16 04:15:32.375+00
U-0031,/submit/hack-3,0,0,0,0,0,2026-03-25 12:52:40.283+00
U-0031,hack-3,1,0,0,0,1,2026-03-28 05:00:49.277+00
U-0031,/submit/hack-8-1,0,0,0,0,0,2026-03-04 11:44:31.169+00
U-0031,hack-10-1,1,1,0,0,0,2026-03-28 10:56:12.887+00
U-0031,hack-8-1,1,2,0,0,1,2026-03-28 04:55:51.277+00
U-0031,T-029,0,2,0,0,0,2026-03-24 09:45:39.389+00
U-0031,hack-4-2,0,1,0,0,0,2026-03-27 04:48:58.75+00
U-0031,/team/T-030/manage,0,0,0,0,0,2026-03-09 14:34:19.4+00
U-0031,false,0,0,0,0,0,2026-03-09 10:10:13.312+00
U-0031,T-005,0,1,0,0,0,2026-03-16 05:35:05.356+00
U-0031,INV-708114,0,0,0,0,0,2026-03-25 07:00:10.348+00
U-0031,INV-723175,0,0,0,0,0,2026-03-08 10:20:39.236+00
U-0031,/team/T-008/manage,0,0,0,0,0,2026-03-25 07:56:44.443+00
U-0031,INV-942775,0,0,0,0,0,2026-03-25 07:59:03.4+00
U-0031,hack-5-2,1,0,0,0,0,2026-03-27 04:44:10.75+00
U-0031,hackathons_list,0,0,0,0,0,2026-03-28 10:53:48.887+00
U-0031,ended,0,0,0,0,0,2026-03-28 04:43:22.277+00
U-0031,fallback-team_filter,0,0,0,0,0,2026-03-10 09:24:00.699+00
U-0031,Web,0,0,0,0,0,2026-03-10 23:40:34.327+00
U-0031,T-008,0,0,0,0,0,2026-03-25 07:59:45.443+00
U-0031,hack-3-2,1,2,0,0,0,2026-03-27 13:52:12.095+00
U-0031,hack-9-1,2,1,0,0,1,2026-03-28 04:51:45.277+00
U-0031,hack-6-2,0,0,0,0,1,2026-03-27 09:08:27.036+00
U-0031,/camp,0,0,0,0,0,2026-03-25 02:03:14.869+00
U-0031,Cloud,0,0,0,0,0,2026-03-28 10:52:12.887+00
U-0031,/chat,0,0,0,0,0,2026-03-27 09:58:43.786+00
U-0031,closed,0,0,0,0,0,2026-03-27 13:51:46.095+00
U-0031,hack-5,0,0,0,0,0,2026-03-24 09:28:51.389+00
U-0031,Data,0,0,0,0,0,2026-03-27 04:40:06.75+00
U-0031,chatbot_room,0,0,0,0,0,2026-03-27 10:00:07.786+00
U-0031,hack-4,3,4,0,0,0,2026-03-28 11:00:34.887+00
U-0031,user,0,0,0,0,0,2026-03-27 11:20:23.793+00
U-0031,/team/T-012/manage,0,0,0,0,0,2026-03-16 06:46:29.897+00
U-0031,INV-767949,0,0,0,0,0,2026-03-10 14:16:50.474+00
U-0031,hack-14,0,1,0,0,0,2026-03-18 11:54:05.589+00
U-0031,hack-6,0,1,0,0,1,2026-03-28 11:01:41.887+00
U-0031,T-006,0,0,0,0,0,2026-03-10 08:09:36.769+00
U-0031,AI,0,0,0,0,0,2026-03-01 14:16:53.374+00
U-0031,T-004,0,1,0,0,0,2026-03-01 09:51:32.897+00
U-0031,T-019,0,0,0,0,0,2026-03-28 14:16:47.215+00
U-0031,all,0,0,0,0,0,2026-03-25 10:40:57.12+00
U-0031,T-017,0,1,0,0,0,2026-03-24 09:21:41.607+00
U-0031,T-009,0,2,0,0,0,2026-03-24 12:32:07.262+00
U-0031,fallback-hackathon_interest_toggle,0,0,0,0,0,2026-03-16 14:59:49.187+00
U-0031,/matcher,0,0,0,0,0,2026-03-27 11:18:51.793+00
U-0031,/submit/hack-6,0,0,0,0,0,2026-03-12 08:22:29.12+00
U-0031,hack-2-2,2,3,1,1,0,2026-03-18 01:51:11.232+00
U-0031,INV-857665,0,0,0,0,0,2026-03-10 09:22:33.699+00
U-0031,fallback-team_request_review,0,0,0,0,0,2026-03-16 06:49:21.897+00
U-0031,hack-10,0,0,0,0,0,2026-03-27 03:49:51.754+00
U-0031,hack-7-1,2,2,0,0,0,2026-03-25 05:56:55.452+00
U-0031,T-007,0,0,0,1,0,2026-03-10 09:23:30.699+00
U-0031,T-012,0,1,0,0,0,2026-03-18 01:56:51.232+00
U-0031,T-014,0,0,0,0,0,2026-03-09 05:20:57.232+00
U-0032,hack-3,1,2,0,0,0,2026-03-19 11:02:06.397+00
U-0032,hack-3-1,1,0,0,0,0,2026-03-19 00:56:43.016+00
U-0032,hack-6-1,0,0,0,0,0,2026-03-24 11:12:59.038+00
U-0032,true,0,0,0,0,0,2026-03-22 08:08:37.458+00
U-0032,hack-2-1,1,1,0,0,0,2026-03-11 04:58:48.299+00
U-0032,hack-2-2,5,6,0,1,0,2026-03-24 23:28:53.323+00
U-0032,fallback-page_view,0,0,0,0,0,2026-03-08 09:07:38.291+00
U-0032,/team/T-015/manage,0,0,0,0,0,2026-03-25 08:08:48.346+00
U-0032,closed,0,0,0,0,0,2026-03-26 12:14:14.301+00
U-0032,hack-4-2,5,4,0,1,0,2026-03-26 12:17:32.076+00
U-0032,T-012,0,1,0,0,0,2026-03-25 13:10:26.205+00
U-0032,chatbot_room,0,0,0,0,0,2026-03-24 09:55:03.474+00
U-0032,fallback-hackathon_filter,0,0,0,0,0,2026-03-03 11:30:37.754+00
U-0032,/submit/hack-3-2,0,0,0,0,0,2026-03-12 09:51:28.298+00
U-0032,hack-2,1,3,0,0,0,2026-03-25 05:57:32.262+00
U-0032,/profile/notifications,0,0,0,0,0,2026-03-24 17:51:51.237+00
U-0032,hack-8,0,0,0,0,0,2026-03-24 23:27:34.323+00
U-0032,hack-3-2,1,2,0,0,0,2026-03-22 10:04:53.086+00
U-0032,hack-4-1,2,3,0,0,0,2026-03-22 09:10:59.037+00
U-0032,T-030,0,3,0,0,0,2026-03-26 12:20:09.301+00
U-0032,Web,0,0,0,0,0,2026-03-19 05:19:11.188+00
U-0032,team,0,0,0,0,0,2026-03-26 11:45:26.226+00
U-0032,T-028,0,2,0,1,0,2026-03-26 13:40:03.251+00
U-0032,T-015,0,0,0,0,0,2026-03-25 08:10:54.346+00
U-0032,hack-12,0,0,0,0,0,2026-03-25 12:53:01.205+00
U-0032,/team/T-011/manage,0,0,0,0,0,2026-03-25 11:48:05.723+00
U-0032,ongoing,0,0,0,0,0,2026-03-22 12:42:00.345+00
U-0032,hack-5,1,1,0,0,0,2026-03-26 11:46:39.226+00
U-0032,hack-5-1,1,1,0,0,0,2026-03-22 09:59:34.086+00
U-0032,T-014,0,1,0,0,0,2026-03-25 13:03:46.205+00
U-0032,T-001,0,0,0,0,0,2026-03-23 16:01:05.648+00
U-0032,hackathons_list,0,0,0,0,0,2026-03-25 05:53:40.262+00
U-0032,/hackathons,0,0,0,0,0,2026-03-25 05:52:08.262+00
U-0032,T-019,0,3,0,0,0,2026-03-25 05:12:26.762+00
U-0032,T-017,0,3,0,0,0,2026-03-19 11:45:47.018+00
U-0032,Blockchain,0,0,0,0,0,2026-03-19 10:59:33.397+00
U-0032,/team/T-020/manage,0,0,0,0,0,2026-03-12 14:05:27.408+00
U-0032,/submit/hack-9-1,0,0,0,0,0,2026-03-15 09:33:27.189+00
U-0032,INV-514475,0,0,0,0,0,2026-03-24 00:06:43.695+00
U-0032,open,0,0,0,0,0,2026-03-04 09:25:05.496+00
U-0032,/submit/hack-4,0,0,0,0,0,2026-03-15 05:24:21.672+00
U-0032,T-009,0,0,0,0,0,2026-03-21 14:40:44.339+00
U-0032,all,0,0,0,0,0,2026-03-26 12:04:42.076+00
U-0032,/team/T-001/manage,0,0,0,0,0,2026-03-15 11:54:48.159+00
U-0032,/matcher,0,0,0,0,0,2026-03-26 11:45:17.226+00
U-0032,/chat,0,0,0,0,0,2026-03-24 09:53:07.474+00
U-0032,T-018,0,2,0,0,0,2026-03-26 12:21:11.301+00
U-0032,T-011,0,0,0,0,0,2026-03-25 11:51:38.723+00
U-0032,T-004,0,0,0,0,0,2026-03-12 14:56:07.162+00
U-0032,hack-5-2,3,5,0,0,0,2026-03-24 11:11:16.038+00
U-0032,hack-6,0,0,0,0,0,2026-03-04 09:25:16.496+00
U-0032,/team/T-009/manage,0,0,0,0,0,2026-03-13 13:51:08.242+00
U-0032,hack-9-1,1,1,0,0,1,2026-03-24 11:10:12.038+00
U-0032,ended,0,0,0,0,0,2026-03-24 09:13:39.519+00
U-0032,hack-8-1,5,5,0,0,0,2026-03-26 12:12:55.301+00
U-0032,Data,0,0,0,0,0,2026-03-22 09:57:24.086+00
U-0032,hack-10,0,0,0,0,0,2026-03-22 11:32:29.028+00
U-0032,AI,0,0,0,0,0,2026-03-24 09:14:05.519+00
U-0032,hack-7-1,3,3,0,0,0,2026-03-24 09:29:41.519+00
U-0032,T-026,0,1,0,0,0,2026-03-26 11:47:17.226+00
U-0032,/camp,0,0,0,0,0,2026-03-26 13:13:03.251+00
U-0032,fallback-invite_send,0,0,0,0,0,2026-03-24 17:52:07.237+00
U-0032,T-006,0,0,0,1,0,2026-03-13 14:48:13.137+00
U-0032,notification_panel,0,0,0,0,0,2026-03-24 00:07:00.695+00
U-0032,/team/T-016/manage,0,0,0,0,0,2026-03-26 08:55:09.489+00
U-0032,hack-6-2,2,3,0,0,0,2026-03-25 04:56:52.762+00
U-0032,user,0,0,0,0,0,2026-03-24 23:25:37.323+00
U-0032,T-020,0,0,0,0,0,2026-03-12 14:07:58.408+00
U-0032,fallback-invite_response,0,0,0,0,0,2026-03-04 09:48:18.295+00
U-0032,T-029,0,0,0,0,0,2026-03-22 08:08:46.458+00
U-0032,hack-4,7,7,1,0,1,2026-03-26 13:15:08.251+00
U-0032,hack-10-1,3,3,1,0,0,2026-03-26 12:11:12.076+00
U-0032,T-005,0,1,0,0,0,2026-03-03 05:13:15.604+00
U-0033,T-020,0,0,0,0,0,2026-03-26 13:03:10.658+00
U-0033,T-005,0,1,0,0,0,2026-03-04 04:54:57.483+00
U-0033,hack-4-1,0,0,0,0,0,2026-03-16 14:40:17.503+00
U-0033,hack-6-2,0,1,0,0,0,2026-03-13 10:03:11.787+00
U-0033,hack-4-2,0,0,0,0,0,2026-03-24 02:48:21.501+00
U-0033,T-009,0,1,0,0,0,2026-03-04 04:48:24.483+00
U-0033,T-018,0,0,0,0,0,2026-03-26 02:17:31.75+00
U-0033,Team-U-0033-464,0,0,0,0,0,2026-03-04 13:05:20.637+00
U-0033,hack-11,0,0,0,0,0,2026-03-16 14:41:32.503+00
U-0033,T-026,0,4,0,0,0,2026-03-25 13:16:08.856+00
U-0033,hack-5,0,0,0,0,0,2026-03-26 12:53:56.702+00
U-0033,/matcher,0,0,0,0,0,2026-03-25 10:33:01.847+00
U-0033,T-002,0,1,0,0,0,2026-03-07 14:43:16.267+00
U-0033,hack-10-1,3,3,0,1,0,2026-03-14 06:31:07.369+00
U-0033,hack-5-2,1,1,1,0,0,2026-03-26 02:11:11.75+00
U-0033,hack-8,0,0,0,0,0,2026-03-07 14:35:24.267+00
U-0033,hack-9,0,0,0,0,0,2026-03-25 12:54:50.856+00
U-0033,hack-3-2,1,2,0,0,0,2026-03-25 05:01:19.305+00
U-0033,hack-3,4,5,1,0,0,2026-03-25 13:41:06.764+00
U-0033,INV-450373,0,0,0,0,0,2026-03-26 02:31:02.836+00
U-0033,T-012,0,4,0,0,0,2026-03-25 01:39:56.172+00
U-0033,T-015,0,2,0,0,0,2026-03-13 14:32:56.803+00
U-0033,T-008,0,1,0,0,0,2026-03-25 01:37:49.172+00
U-0033,team,0,0,0,0,0,2026-03-13 20:04:01.846+00
U-0033,hack-9-1,1,1,0,0,0,2026-03-25 11:57:33.713+00
U-0033,chatbot_room,0,0,0,0,0,2026-03-26 13:47:30.349+00
U-0033,T-030,0,2,0,0,0,2026-03-04 13:04:21.637+00
U-0033,hack-2-2,1,1,0,0,0,2026-03-13 10:06:06.787+00
U-0033,ongoing,0,0,0,0,0,2026-03-13 09:59:17.787+00
U-0033,ended,0,0,0,0,0,2026-03-16 11:02:32.88+00
U-0033,AI,0,0,0,0,0,2026-03-24 03:17:32.803+00
U-0033,all,0,0,0,0,0,2026-03-26 02:10:10.75+00
U-0033,T-013,0,1,0,0,0,2026-03-03 11:52:10.365+00
U-0033,T-029,0,8,0,0,0,2026-03-26 13:04:28.702+00
U-0033,hack-4,1,1,0,0,0,2026-03-22 11:20:08.18+00
U-0033,false,0,0,0,0,0,2026-03-13 20:07:23.846+00
U-0033,Web,0,0,0,0,0,2026-03-25 13:35:18.764+00
U-0033,T-017,0,2,0,0,0,2026-03-22 05:35:42.656+00
U-0033,fallback-team_request_review,0,0,0,0,0,2026-03-25 10:38:09.847+00
U-0033,open,0,0,0,0,0,2026-03-26 12:52:36.702+00
U-0033,hack-13,1,1,0,0,0,2026-03-25 12:00:13.713+00
U-0033,/profile/notifications,0,0,0,0,0,2026-03-26 02:30:06.836+00
U-0033,/camp,0,0,0,0,0,2026-03-26 12:49:51.702+00
U-0033,/chat,0,0,0,0,0,2026-03-26 13:43:45.349+00
U-0033,Blockchain,0,0,0,0,0,2026-03-13 10:00:49.787+00
U-0033,/team/T-002/manage,0,0,0,0,0,2026-03-05 14:37:33.069+00
U-0033,closed,0,0,0,0,0,2026-03-22 05:18:28.656+00
U-0033,hack-2,1,2,1,0,0,2026-03-24 05:17:21.216+00
U-0033,T-019,0,2,0,0,0,2026-03-26 14:25:28.037+00
U-0033,hack-5-1,1,1,1,0,0,2026-03-02 21:31:13.103+00
U-0033,T-010,0,1,0,0,0,2026-03-04 04:43:36.483+00
U-0033,/team/T-019/manage,0,0,0,0,0,2026-03-26 14:22:02.037+00
U-0033,T-011,0,2,0,0,0,2026-03-26 02:22:26.75+00
U-0033,hack-7-1,1,1,0,0,1,2026-03-26 11:13:06.492+00
U-0033,T-028,0,2,0,0,0,2026-03-25 05:05:43.305+00
U-0033,T-014,0,1,0,0,0,2026-03-04 02:28:06.899+00
U-0033,T-007,0,1,0,0,0,2026-03-03 11:41:10.365+00
U-0033,/hackathons,0,0,0,0,0,2026-03-25 13:33:08.764+00
U-0033,Cloud,0,0,0,0,0,2026-03-25 11:54:56.713+00
U-0033,hack-6,1,2,0,0,0,2026-03-22 11:18:20.18+00
U-0033,/team/T-020/manage,0,0,0,0,0,2026-03-26 12:59:27.658+00
U-0033,hackathons_list,0,0,0,0,0,2026-03-25 13:36:49.764+00
U-0033,/submit/hack-7-1,0,0,0,0,0,2026-03-26 11:11:31.492+00
U-0033,user,0,0,0,0,0,2026-03-25 10:34:33.847+00
U-0033,true,0,0,0,0,0,2026-03-16 14:39:21.503+00
U-0034,T-007,0,2,0,1,0,2026-03-25 06:54:41.184+00
U-0034,open,0,0,0,0,0,2026-03-24 14:35:31.2+00
U-0034,INV-900344,0,0,0,0,0,2026-03-25 07:13:24.674+00
U-0034,T-029,0,4,0,0,0,2026-03-23 02:55:35.663+00
U-0034,hack-15,0,0,0,0,0,2026-03-10 05:18:29.842+00
U-0034,/team/T-019/manage,0,0,0,0,0,2026-03-14 01:17:24.5+00
U-0034,/submit/hack-8-1,0,0,0,0,0,2026-03-12 13:40:03.474+00
U-0034,hack-6,0,0,0,0,1,2026-03-15 05:23:24.611+00
U-0034,user,0,0,0,0,0,2026-03-22 12:08:51.329+00
U-0034,team,0,0,0,0,0,2026-03-02 14:34:01.108+00
U-0034,fallback-invite_response,0,0,0,0,0,2026-03-24 14:55:53.2+00
U-0034,/matcher,0,0,0,0,0,2026-03-22 12:08:40.329+00
U-0034,T-027,0,4,0,0,0,2026-03-23 07:32:41.639+00
U-0034,INV-460604,0,0,0,0,0,2026-03-25 06:53:05.184+00
U-0034,hackathons_list,0,0,0,0,0,2026-03-25 14:45:41.283+00
U-0034,T-010,0,1,0,1,0,2026-03-25 07:14:36.674+00
U-0034,all,0,0,0,0,0,2026-03-23 01:15:58.512+00
U-0034,hack-5-2,1,3,0,0,0,2026-03-22 12:09:49.329+00
U-0034,/submit/hack-5-2,0,0,0,0,0,2026-03-14 09:48:17.47+00
U-0034,INV-163219,0,0,0,0,0,2026-03-25 00:35:20.488+00
U-0034,T-030,0,1,0,0,0,2026-03-24 09:53:30.783+00
U-0034,/team/T-027/manage,0,0,0,0,0,2026-03-25 11:17:26.464+00
U-0034,hack-9-1,0,1,0,0,0,2026-03-24 09:00:02.717+00
U-0034,hack-3-2,0,0,0,0,0,2026-03-27 09:09:22.09+00
U-0034,hack-10-1,0,0,0,0,0,2026-03-17 13:35:58.081+00
U-0034,INV-515547,0,0,0,0,0,2026-03-16 03:48:22.788+00
U-0034,T-018,0,0,0,0,0,2026-03-27 09:26:52.09+00
U-0034,hack-5,1,0,1,0,0,2026-03-27 14:02:55.642+00
U-0034,T-019,0,0,0,0,0,2026-03-14 01:18:10.5+00
U-0034,Cloud,0,0,0,0,0,2026-03-22 11:43:24.229+00
U-0034,T-020,0,1,0,0,0,2026-03-24 14:55:23.2+00
U-0034,/profile/notifications,0,0,0,0,0,2026-03-25 07:11:26.674+00
U-0034,closed,0,0,0,0,0,2026-03-27 09:11:07.09+00
U-0034,/submit/hack-4,0,0,0,0,0,2026-03-15 13:00:26.448+00
U-0034,fallback-hackathon_filter,0,0,0,0,0,2026-03-25 06:54:51.184+00
U-0034,/chat,0,0,0,0,0,2026-03-26 18:13:46.086+00
U-0034,hack-3,1,2,0,0,0,2026-03-24 09:02:19.717+00
U-0034,hack-11,0,0,0,0,0,2026-03-24 02:18:16.305+00
U-0034,/camp,0,0,0,0,0,2026-03-27 09:08:35.09+00
U-0034,T-015,0,0,0,0,0,2026-03-17 09:19:35.581+00
U-0034,T-028,0,1,0,0,0,2026-03-16 12:42:15.42+00
U-0034,INV-645808,0,0,0,0,0,2026-03-23 10:15:39.558+00
U-0034,/submit/hack-6,0,0,0,0,0,2026-03-15 05:20:32.611+00
U-0034,T-014,0,1,0,0,0,2026-03-10 10:08:17.535+00
U-0034,chatbot_room,0,0,0,0,0,2026-03-26 18:17:01.086+00
U-0034,T-011,0,1,0,1,0,2026-03-24 09:51:47.783+00
U-0034,T-026,0,1,0,0,0,2026-03-17 13:41:48.081+00
U-0034,/team/T-028/manage,0,0,0,0,0,2026-03-16 12:39:25.42+00
U-0034,T-005,0,0,0,0,0,2026-03-24 12:37:20.665+00
U-0034,true,0,0,0,0,0,2026-03-14 01:45:52.768+00
U-0034,hack-8-1,2,3,0,1,1,2026-03-27 13:58:19.642+00
U-0034,hack-4,2,2,0,0,1,2026-03-23 09:49:04.334+00
U-0034,hack-8,0,0,0,0,0,2026-03-14 01:46:45.768+00
U-0034,T-006,0,2,0,0,0,2026-03-23 01:32:13.512+00
U-0034,hack-3-1,2,2,0,0,0,2026-03-24 09:07:02.717+00
U-0034,hack-14,0,1,0,0,0,2026-03-10 14:33:23.45+00
U-0034,T-003,0,2,0,0,0,2026-03-23 01:24:21.512+00
U-0034,hack-4-2,1,2,0,0,0,2026-03-25 14:49:10.283+00
U-0034,ongoing,0,0,0,0,0,2026-03-27 13:46:43.642+00
U-0034,T-004,0,0,0,0,0,2026-03-02 14:35:50.108+00
U-0034,hack-7-1,2,2,0,0,1,2026-03-27 13:49:01.642+00
U-0034,/team/T-009/manage,0,0,0,0,0,2026-03-22 14:52:01.09+00
U-0034,/submit/hack-7-1,0,0,0,0,0,2026-03-27 04:47:58.878+00
U-0034,/hackathons,0,0,0,0,0,2026-03-27 13:46:09.642+00
U-0034,hack-2-2,3,3,0,1,0,2026-03-24 08:58:15.717+00
U-0034,T-012,0,0,0,0,0,2026-03-17 13:42:27.471+00
U-0034,/team/T-005/manage,0,0,0,0,0,2026-03-24 12:34:34.665+00
U-0034,ended,0,0,0,0,0,2026-03-25 14:45:23.283+00
U-0034,fallback-tab_view,0,0,0,0,0,2026-03-14 09:50:29.47+00
U-0034,T-009,0,0,0,1,0,2026-03-27 09:31:01.09+00
U-0035,all,0,0,0,0,0,2026-03-26 12:35:36.501+00
U-0035,hack-3-2,1,1,0,0,0,2026-03-28 14:41:49.159+00
U-0035,user,0,0,0,0,0,2026-03-12 10:22:04.001+00
U-0035,hack-2-2,3,4,1,0,0,2026-03-26 12:48:59.501+00
U-0035,T-028,0,2,0,0,0,2026-03-27 23:14:11.597+00
U-0035,T-001,0,0,0,0,0,2026-03-28 13:03:37.186+00
U-0035,T-030,0,3,0,0,0,2026-03-06 18:31:47.808+00
U-0035,hack-6-2,1,1,0,0,0,2026-03-26 11:53:55.643+00
U-0035,T-020,0,2,0,0,0,2026-03-16 14:23:25.154+00
U-0035,hack-5,1,2,0,0,0,2026-03-14 02:49:10.106+00
U-0035,/matcher,0,0,0,0,0,2026-03-07 05:40:37.633+00
U-0035,T-019,0,0,0,0,0,2026-03-06 14:44:06.837+00
U-0035,T-015,0,0,0,0,0,2026-03-06 02:36:04.673+00
U-0035,T-018,0,0,0,0,0,2026-03-23 16:26:08.816+00
U-0035,T-027,0,1,0,0,0,2026-03-28 12:52:30.186+00
U-0035,hack-11,0,0,0,0,0,2026-03-12 10:23:35.001+00
U-0035,hack-2-1,1,0,0,0,0,2026-03-26 12:43:47.501+00
U-0035,closed,0,0,0,0,0,2026-03-27 23:05:46.597+00
U-0035,T-012,0,1,0,1,0,2026-03-28 22:25:34.1+00
U-0035,T-014,0,1,0,0,0,2026-03-24 10:46:20.486+00
U-0035,INV-867796,0,0,0,0,0,2026-03-06 11:08:54.172+00
U-0035,hack-6,0,1,0,1,0,2026-03-12 12:02:14.132+00
U-0035,hack-6-1,0,0,0,0,0,2026-03-24 03:23:43.345+00
U-0035,/team/T-019/manage,0,0,0,0,0,2026-03-06 14:39:46.837+00
U-0035,hack-9-1,0,0,0,0,0,2026-03-28 12:33:26.186+00
U-0035,/team/T-003/manage,0,0,0,0,0,2026-03-24 05:03:18.726+00
U-0035,true,0,0,0,0,0,2026-03-28 04:35:53.767+00
U-0035,hack-4-2,1,2,0,0,0,2026-03-26 11:41:20.514+00
U-0035,/team/T-013/manage,0,0,0,0,0,2026-03-24 12:41:05.029+00
U-0035,T-016,0,1,0,0,0,2026-03-24 10:55:28.486+00
U-0035,hack-7-1,2,2,0,1,0,2026-03-26 11:57:26.643+00
U-0035,/hackathons,0,0,0,0,0,2026-03-26 12:34:21.501+00
U-0035,team,0,0,0,0,0,2026-03-28 04:33:19.767+00
U-0035,hack-5-2,1,1,0,0,0,2026-03-24 10:37:10.486+00
U-0035,hack-2,0,1,0,0,0,2026-03-26 11:37:23.514+00
U-0035,fallback-team_filter,0,0,0,0,0,2026-03-16 14:23:35.154+00
U-0035,T-010,0,1,0,0,0,2026-03-27 23:23:46.597+00
U-0035,T-006,0,2,0,0,0,2026-03-28 12:43:54.186+00
U-0035,T-013,0,0,0,0,0,2026-03-24 12:48:41.029+00
U-0035,/team/T-015/manage,0,0,0,0,0,2026-03-06 02:34:00.673+00
U-0035,T-008,0,2,0,0,0,2026-03-28 14:59:59.999+00
U-0035,T-029,0,1,0,1,0,2026-03-24 10:52:19.486+00
U-0035,Data,0,0,0,0,0,2026-03-16 11:53:19.043+00
U-0035,T-003,0,0,0,0,0,2026-03-24 05:06:21.726+00
U-0035,/team/T-018/manage,0,0,0,0,0,2026-03-08 02:54:41.559+00
U-0035,ended,0,0,0,0,0,2026-03-26 11:35:07.514+00
U-0035,chatbot_room,0,0,0,0,0,2026-03-26 13:39:23.777+00
U-0035,/profile/notifications,0,0,0,0,0,2026-03-28 22:24:55.1+00
U-0035,/camp,0,0,0,0,0,2026-03-28 14:39:01.159+00
U-0035,hack-8-1,1,1,0,0,0,2026-03-26 12:39:50.501+00
U-0035,hackathons_list,0,0,0,0,0,2026-03-26 12:37:08.501+00
U-0035,/chat,0,0,0,0,0,2026-03-24 14:05:06.065+00
U-0035,INV-607475,0,0,0,0,0,2026-03-28 22:25:18.1+00
U-0035,hack-10-1,1,1,0,0,0,2026-03-27 23:06:44.597+00
U-0035,hack-4,1,2,0,0,0,2026-03-14 02:52:28.106+00
U-0035,ongoing,0,0,0,0,0,2026-03-26 12:34:28.501+00
U-0036,/team/T-017/manage,0,0,0,0,0,2026-03-21 01:57:16.334+00
U-0036,Data,0,0,0,0,0,2026-03-24 15:18:36.371+00
U-0036,Cloud,0,0,0,0,0,2026-03-25 06:15:13.412+00
U-0036,hack-8-1,0,0,0,0,0,2026-03-16 03:01:28.745+00
U-0036,hack-11,1,1,0,0,0,2026-03-25 06:21:56.412+00
U-0036,T-012,0,2,0,0,0,2026-03-27 13:52:51.482+00
U-0036,/submit/hack-3,0,0,0,0,0,2026-03-05 12:20:49.511+00
U-0036,T-003,0,1,0,0,0,2026-03-21 11:26:52.592+00
U-0036,closed,0,0,0,0,0,2026-03-26 05:59:06.033+00
U-0036,/camp,0,0,0,0,0,2026-03-26 10:34:13.072+00
U-0036,hack-3,1,1,0,0,1,2026-03-27 10:54:27.403+00
U-0036,hack-9-1,3,3,0,0,0,2026-03-24 15:27:45.371+00
U-0036,T-001,0,1,0,0,0,2026-03-26 03:38:43.063+00
U-0036,T-019,0,1,0,0,0,2026-03-27 13:45:24.482+00
U-0036,hack-6-1,0,0,0,0,0,2026-03-08 21:10:43.57+00
U-0036,T-030,0,2,0,0,0,2026-03-26 14:25:16.804+00
U-0036,T-029,0,1,0,0,0,2026-03-26 05:15:52.104+00
U-0036,/chat,0,0,0,0,0,2026-03-24 21:42:52.538+00
U-0036,hack-6-2,1,3,1,0,0,2026-03-28 12:45:20.111+00
U-0036,T-013,0,2,0,0,0,2026-03-20 06:53:17.726+00
U-0036,hack-5-2,1,3,0,0,0,2026-03-25 06:17:51.412+00
U-0036,T-015,0,0,0,1,0,2026-03-28 03:52:53.156+00
U-0036,/team/T-006/manage,0,0,0,0,0,2026-03-17 14:12:03.671+00
U-0036,T-7416,0,0,0,0,0,2026-03-20 06:56:57.726+00
U-0036,/profile/notifications,0,0,0,0,0,2026-03-27 18:11:09.155+00
U-0036,T-017,0,0,0,0,0,2026-03-21 01:59:24.334+00
U-0036,user,0,0,0,0,0,2026-03-17 10:07:11.678+00
U-0036,hack-7-1,4,4,0,0,0,2026-03-28 12:38:15.111+00
U-0036,/team/T-003/manage,0,0,0,0,0,2026-03-09 19:21:11.795+00
U-0036,T-014,0,1,0,0,0,2026-03-17 14:04:12.02+00
U-0036,hackathons_list,0,0,0,0,0,2026-03-28 12:33:45.111+00
U-0036,Team-U-0036-744,0,0,0,0,0,2026-03-20 06:55:04.726+00
U-0036,/hackathons,0,0,0,0,0,2026-03-28 12:30:38.111+00
U-0036,hack-3-2,2,2,0,0,1,2026-03-28 12:50:34.111+00
U-0036,Team-U-0036-324,0,0,0,0,0,2026-03-16 03:17:08.745+00
U-0036,INV-870909,0,0,0,0,0,2026-03-25 13:14:39.725+00
U-0036,INV-618191,0,0,0,0,0,2026-03-23 13:22:32.24+00
U-0036,false,0,0,0,0,0,2026-03-12 09:39:54.211+00
U-0036,all,0,0,0,0,0,2026-03-21 12:26:37.532+00
U-0036,hack-2-2,1,1,1,1,0,2026-03-27 10:52:32.403+00
U-0036,T-008,0,0,0,0,0,2026-03-12 09:41:21.211+00
U-0036,fallback-hackathon_interest_toggle,0,0,0,0,0,2026-03-21 11:40:16.671+00
U-0036,open,0,0,0,0,0,2026-03-27 09:28:11.15+00
U-0036,Blockchain,0,0,0,0,0,2026-03-27 10:44:56.403+00
U-0036,/team/T-004/manage,0,0,0,0,0,2026-03-25 13:28:19.176+00
U-0036,INV-314553,0,0,0,0,0,2026-03-27 18:11:37.155+00
U-0036,hack-5,0,0,0,0,0,2026-03-26 05:12:56.104+00
U-0036,T-016,0,1,0,0,0,2026-03-20 05:52:00.268+00
U-0036,ongoing,0,0,0,0,0,2026-03-28 12:31:40.111+00
U-0036,ended,0,0,0,0,0,2026-03-25 06:13:15.412+00
U-0036,hack-13,0,0,0,0,0,2026-03-27 13:33:20.482+00
U-0036,hack-10-1,2,2,0,0,0,2026-03-28 03:40:14.156+00
U-0036,T-010,0,1,0,0,0,2026-03-28 08:32:06.539+00
U-0036,team,0,0,0,0,0,2026-03-21 11:23:46.592+00
U-0036,chatbot_room,0,0,0,0,0,2026-03-27 20:30:27.021+00
U-0036,/team/T-010/manage,0,0,0,0,0,2026-03-28 08:27:37.539+00
U-0036,hack-10,0,0,0,0,0,2026-03-10 12:44:11.334+00
U-0036,Web,0,0,0,0,0,2026-03-19 22:53:56.297+00
U-0036,T-026,0,3,0,0,0,2026-03-28 03:47:22.156+00
U-0036,T-007,0,1,0,0,0,2026-03-09 07:12:09.716+00
U-0036,/team/T-016/manage,0,0,0,0,0,2026-03-17 11:21:50.377+00
U-0036,T-004,0,0,0,0,0,2026-03-25 13:30:08.176+00
U-0036,hack-2-1,1,1,0,0,0,2026-03-16 14:59:59.999+00
U-0036,T-006,0,0,0,0,0,2026-03-25 13:15:57.725+00
U-0036,/matcher,0,0,0,0,0,2026-03-20 14:45:16.478+00
U-0036,T-009,0,1,0,0,0,2026-03-26 14:43:26.804+00
U-0036,hack-6,1,2,1,0,0,2026-03-26 06:00:56.033+00
U-0036,fallback-invite_response,0,0,0,0,0,2026-03-28 12:50:36.111+00
U-0036,hack-4-2,1,2,0,0,0,2026-03-19 23:06:29.297+00
U-0036,T-027,0,1,0,0,0,2026-03-26 10:43:23.072+00
U-0036,true,0,0,0,0,0,2026-03-16 09:39:34.628+00
U-0036,hack-4,2,3,0,1,0,2026-03-28 12:43:03.111+00
U-0036,T-005,0,1,0,0,0,2026-03-20 06:49:39.726+00
U-0036,hack-2,0,1,0,0,0,2026-03-27 09:29:18.15+00
U-0037,/team/T-028/manage,0,0,0,0,0,2026-03-08 14:18:15.634+00
U-0037,INV-246651,0,0,0,0,0,2026-03-28 14:20:34.086+00
U-0037,/profile/notifications,0,0,0,0,0,2026-03-28 14:20:11.086+00
U-0037,T-010,0,0,0,0,0,2026-02-28 10:54:48+00
U-0037,T-012,0,0,0,0,0,2026-03-17 18:03:39.465+00
U-0037,hack-4,1,2,0,1,0,2026-03-28 07:15:28.082+00
U-0037,T-029,0,1,0,0,0,2026-03-12 16:26:34.1+00
U-0037,/chat,0,0,0,0,0,2026-03-28 09:33:16.387+00
U-0037,hack-6-2,2,2,1,0,0,2026-03-28 07:19:08.082+00
U-0037,/team/T-015/manage,0,0,0,0,0,2026-03-28 01:55:09.615+00
U-0037,T-011,0,1,0,0,0,2026-03-13 06:57:51.294+00
U-0037,/team/T-027/manage,0,0,0,0,0,2026-03-25 14:25:26.075+00
U-0037,T-004,0,0,0,0,0,2026-02-28 14:54:14+00
U-0037,T-002,0,1,0,0,0,2026-03-11 10:08:47.224+00
U-0037,ongoing,0,0,0,0,0,2026-03-28 10:39:29.655+00
U-0037,hack-4-2,0,0,0,0,0,2026-03-11 09:55:33.224+00
U-0037,AI,0,0,0,0,0,2026-03-25 02:49:25.44+00
U-0037,hack-9,0,0,0,0,0,2026-02-27 21:45:03.496+00
U-0037,hack-12,0,1,0,0,0,2026-03-25 05:26:40.86+00
U-0037,T-019,0,2,0,0,0,2026-03-08 12:32:04.071+00
U-0037,T-013,0,0,0,1,0,2026-03-13 06:47:44.354+00
U-0037,hack-2,1,1,0,0,0,2026-03-25 05:29:27.86+00
U-0037,T-016,0,0,0,1,0,2026-03-11 11:24:31.434+00
U-0037,T-009,0,1,0,0,0,2026-03-08 12:23:03.071+00
U-0037,T-005,0,0,0,0,0,2026-03-23 10:26:09.005+00
U-0037,fallback-page_view,0,0,0,0,0,2026-03-01 14:41:41.817+00
U-0037,hack-15,0,0,0,0,0,2026-03-11 08:18:21.128+00
U-0037,T-003,0,1,0,0,0,2026-03-23 05:12:17.217+00
U-0037,/camp,0,0,0,0,0,2026-03-25 13:52:00.346+00
U-0037,hack-8-1,4,4,0,1,0,2026-03-25 02:56:49.44+00
U-0037,notification_panel,0,0,0,0,0,2026-03-06 00:43:22.443+00
U-0037,open,0,0,0,0,0,2026-03-06 12:45:07.796+00
U-0037,T-014,0,0,0,0,0,2026-03-13 06:48:37.354+00
U-0037,hackathons_list,0,0,0,0,0,2026-03-28 11:13:21.224+00
U-0037,/hackathons,0,0,0,0,0,2026-03-28 11:12:51.224+00
U-0037,fallback-hackathon_interest_toggle,0,0,0,0,0,2026-03-23 10:26:16.005+00
U-0037,false,0,0,0,0,0,2026-03-17 18:00:25.465+00
U-0037,/team/T-030/manage,0,0,0,0,0,2026-03-20 14:25:37.409+00
U-0037,Cloud,0,0,0,0,0,2026-03-20 09:35:06.857+00
U-0037,T-015,0,0,0,0,0,2026-03-28 01:59:30.615+00
U-0037,hack-3,1,2,0,0,0,2026-03-20 09:39:37.857+00
U-0037,T-006,0,0,0,0,0,2026-03-21 08:25:13.324+00
U-0037,Web,0,0,0,0,0,2026-03-01 12:27:49.089+00
U-0037,hack-3-2,1,1,1,0,1,2026-03-22 08:44:35.552+00
U-0037,T-030,0,3,0,0,0,2026-03-25 14:12:31.346+00
U-0037,/team/T-005/manage,0,0,0,0,0,2026-03-23 10:25:45.005+00
U-0037,T-018,0,1,0,0,0,2026-03-08 12:36:31.071+00
U-0037,T-028,0,0,0,0,0,2026-03-08 14:21:19.634+00
U-0037,INV-513265,0,0,0,0,0,2026-03-11 11:23:35.434+00
U-0037,/submit/hack-3-2,0,0,0,0,0,2026-03-06 04:57:15.162+00
U-0037,hack-6,2,2,0,0,0,2026-03-25 13:53:50.346+00
U-0037,hack-5,0,1,0,0,0,2026-03-28 11:15:56.224+00
U-0037,T-001,0,1,0,0,0,2026-03-21 08:15:23.324+00
U-0037,hack-10-1,0,1,0,0,0,2026-03-28 10:42:26.655+00
U-0037,/team/T-008/manage,0,0,0,0,0,2026-03-01 14:41:34.817+00
U-0037,T-007,0,0,0,0,0,2026-02-28 00:59:02+00
U-0037,/team/T-013/manage,0,0,0,0,0,2026-03-09 08:16:55.742+00
U-0037,/matcher,0,0,0,0,0,2026-03-23 05:10:36.217+00
U-0037,chatbot_room,0,0,0,0,0,2026-03-28 09:35:40.387+00
U-0037,team,0,0,0,0,0,2026-03-23 05:11:28.217+00
U-0037,Data,0,0,0,0,0,2026-03-28 07:08:23.082+00
U-0037,/team/T-029/manage,0,0,0,0,0,2026-03-12 16:24:26.1+00
U-0037,hack-9-1,1,1,0,1,0,2026-03-20 10:29:53.885+00
U-0037,user,0,0,0,0,0,2026-03-11 08:16:36.128+00
U-0037,hack-2-1,0,0,0,0,0,2026-03-08 12:13:33.071+00
U-0037,hack-4-1,1,1,0,0,0,2026-03-09 12:07:51.861+00
U-0037,T-027,0,1,0,0,0,2026-03-11 10:02:10.224+00
U-0037,INV-337802,0,0,0,0,0,2026-03-13 06:47:29.354+00
U-0037,hack-5-2,2,2,0,0,0,2026-03-28 07:11:02.082+00
U-0037,T-026,0,0,0,0,0,2026-03-23 09:45:19.313+00
U-0037,all,0,0,0,0,0,2026-03-28 07:07:11.082+00
U-0038,false,0,0,0,0,0,2026-03-22 18:50:44.639+00
U-0038,/team/T-002/manage,0,0,0,0,0,2026-03-13 11:20:18.402+00
U-0038,T-015,0,2,0,0,0,2026-03-06 11:58:22.086+00
U-0038,T-016,0,1,0,1,0,2026-03-24 10:33:39.841+00
U-0038,T-018,0,1,0,0,0,2026-03-28 11:17:38.415+00
U-0038,hack-10-1,2,2,0,0,0,2026-03-28 05:32:12.298+00
U-0038,Team-U-0038-736,0,0,0,0,0,2026-03-21 02:58:46.443+00
U-0038,hack-3,0,3,0,0,0,2026-03-28 13:47:57.507+00
U-0038,hack-7,1,1,0,0,1,2026-03-14 14:15:36.105+00
U-0038,open,0,0,0,0,0,2026-03-28 11:08:04.415+00
U-0038,/team/T-001/manage,0,0,0,0,0,2026-03-28 02:42:32.096+00
U-0038,T-026,0,2,0,0,0,2026-03-27 18:57:39.546+00
U-0038,T-009,0,1,0,0,0,2026-03-15 03:36:40.005+00
U-0038,closed,0,0,0,0,0,2026-03-24 10:16:51.841+00
U-0038,team,0,0,0,0,0,2026-03-24 03:37:07.03+00
U-0038,hack-3-1,0,0,0,0,0,2026-03-22 18:52:09.639+00
U-0038,chatbot_room,0,0,0,0,0,2026-03-21 13:05:50.653+00
U-0038,/profile/notifications,0,0,0,0,0,2026-03-22 19:43:46.691+00
U-0038,hack-9-1,2,4,1,1,0,2026-03-28 14:15:28.172+00
U-0038,/submit/hack-7,0,0,0,0,0,2026-03-14 14:10:45.105+00
U-0038,hack-2-2,0,0,0,0,0,2026-03-23 09:31:44.634+00
U-0038,T-002,0,0,0,0,0,2026-03-13 11:22:16.402+00
U-0038,T-3654,0,0,0,0,0,2026-03-03 12:20:01.895+00
U-0038,/submit/hack-2-2,0,0,0,0,0,2026-03-23 12:32:11.411+00
U-0038,T-003,0,0,0,0,0,2026-03-24 04:17:55.275+00
U-0038,hack-5-2,0,1,0,0,0,2026-03-21 02:32:06.032+00
U-0038,T-014,0,0,0,0,0,2026-03-19 15:13:45.354+00
U-0038,T-029,0,1,0,0,0,2026-03-21 02:57:03.443+00
U-0038,hack-5,3,3,1,0,0,2026-03-23 08:04:28.513+00
U-0038,hack-2,1,1,1,0,0,2026-03-28 14:07:17.172+00
U-0038,/camp,0,0,0,0,0,2026-03-28 11:05:40.415+00
U-0038,Team-U-0038-249,0,0,0,0,0,2026-03-03 12:18:48.895+00
U-0038,INV-297416,0,0,0,0,0,2026-03-19 01:18:33.839+00
U-0038,T-020,0,1,0,0,0,2026-03-24 10:25:34.841+00
U-0038,/hackathons,0,0,0,0,0,2026-03-28 14:03:23.172+00
U-0038,user,0,0,0,0,0,2026-03-22 18:48:01.639+00
U-0038,hack-4-2,2,2,1,0,0,2026-03-23 08:04:24.193+00
U-0038,hack-9,0,0,0,0,0,2026-03-01 17:27:08.308+00
U-0038,hack-7-1,0,2,0,1,0,2026-03-28 11:08:17.415+00
U-0038,hack-13,0,0,0,0,0,2026-03-01 17:27:43.308+00
U-0038,T-1520,0,0,0,0,0,2026-03-21 03:00:07.443+00
U-0038,hack-3-2,1,1,0,0,0,2026-03-20 12:43:19.646+00
U-0038,INV-508326,0,0,0,0,0,2026-03-22 19:44:15.691+00
U-0038,T-011,0,2,0,0,0,2026-03-15 03:28:29.005+00
U-0038,T-008,0,0,0,0,0,2026-03-14 03:04:40.197+00
U-0038,true,0,0,0,0,0,2026-03-24 03:38:24.03+00
U-0038,T-030,0,1,0,0,0,2026-03-05 23:23:42.628+00
U-0038,hack-12,1,1,0,0,0,2026-03-28 13:51:56.507+00
U-0038,fallback-team_detail_dwell,0,0,0,0,0,2026-03-21 02:35:55.032+00
U-0038,AI,0,0,0,0,0,2026-03-20 10:43:02.032+00
U-0038,hackathons_list,0,0,0,0,0,2026-03-28 14:05:54.172+00
U-0038,all,0,0,0,0,0,2026-03-15 03:16:02.005+00
U-0038,hack-8-1,1,1,0,0,0,2026-03-28 14:00:00.507+00
U-0038,T-012,0,1,0,0,0,2026-03-06 12:08:41.086+00
U-0038,/team/T-014/manage,0,0,0,0,0,2026-03-19 15:13:39.354+00
U-0038,hack-10,0,0,0,0,0,2026-03-19 12:08:44.578+00
U-0038,Blockchain,0,0,0,0,0,2026-03-19 01:15:16.668+00
U-0038,hack-4,1,1,0,0,0,2026-03-23 13:29:22.353+00
U-0038,hack-6-2,2,2,0,1,0,2026-03-28 05:28:40.298+00
U-0038,/chat,0,0,0,0,0,2026-03-21 13:02:49.653+00
U-0038,T-006,0,0,0,0,0,2026-03-23 09:36:18.634+00
U-0038,/matcher,0,0,0,0,0,2026-03-24 03:36:02.03+00
U-0038,hack-6-1,1,1,1,0,0,2026-03-23 08:15:38.513+00
U-0038,INV-271209,0,0,0,0,0,2026-03-19 12:09:54.827+00
U-0038,ongoing,0,0,0,0,0,2026-03-23 13:23:18.353+00
U-0038,/team/T-003/manage,0,0,0,0,0,2026-03-24 04:13:35.275+00
U-0038,hack-8,0,1,0,0,0,2026-03-21 02:35:27.032+00
U-0038,hack-6,0,0,0,0,0,2026-03-05 23:12:08.628+00
U-0039,/chat,0,0,0,0,0,2026-03-25 08:26:00.136+00
U-0039,hack-3-2,2,2,1,0,0,2026-03-18 08:30:32.035+00
U-0039,fallback-team_recruit_toggle,0,0,0,0,0,2026-03-26 03:11:20.637+00
U-0039,T-017,0,1,0,0,0,2026-03-18 02:22:35.037+00
U-0039,/profile/notifications,0,0,0,0,0,2026-03-27 05:59:49.724+00
U-0039,ended,0,0,0,0,0,2026-03-27 11:41:34.766+00
U-0039,/team/T-028/manage,0,0,0,0,0,2026-03-13 09:52:43.101+00
U-0039,team,0,0,0,0,0,2026-03-13 11:35:05.22+00
U-0039,T-004,0,2,0,0,0,2026-03-26 14:59:59.999+00
U-0039,hack-13,1,1,0,0,0,2026-03-18 11:57:58.141+00
U-0039,hack-5,2,4,0,0,1,2026-03-26 18:01:37.36+00
U-0039,/submit/hack-8-1,0,0,0,0,0,2026-03-17 10:14:09.749+00
U-0039,fallback-team_request_review,0,0,0,0,0,2026-03-20 13:59:56.242+00
U-0039,T-001,0,2,0,0,0,2026-03-22 13:43:20.074+00
U-0039,hack-3,5,5,1,1,0,2026-03-25 07:27:08.772+00
U-0039,T-005,0,1,0,0,0,2026-03-26 14:59:59.999+00
U-0039,hackathons_list,0,0,0,0,0,2026-03-27 11:42:21.766+00
U-0039,/matcher,0,0,0,0,0,2026-03-25 13:29:38.677+00
U-0039,/team/T-019/manage,0,0,0,0,0,2026-03-24 10:03:56.065+00
U-0039,T-003,0,1,0,0,0,2026-03-07 03:37:46.669+00
U-0039,open,0,0,0,0,0,2026-03-07 13:53:49.112+00
U-0039,T-006,0,2,0,0,0,2026-03-26 14:23:48.098+00
U-0039,/team/T-007/manage,0,0,0,0,0,2026-03-05 09:59:58.169+00
U-0039,/camp,0,0,0,0,0,2026-03-26 14:46:29.34+00
U-0039,all,0,0,0,0,0,2026-03-25 16:45:48.586+00
U-0039,/submit/hack-4-2,0,0,0,0,0,2026-03-02 12:54:39.705+00
U-0039,hack-4-2,2,4,1,0,1,2026-03-26 18:06:24.36+00
U-0039,T-029,0,4,0,0,0,2026-03-18 02:14:48.037+00
U-0039,fallback-invite_cancel,0,0,0,0,0,2026-03-20 06:48:40.639+00
U-0039,true,0,0,0,0,0,2026-03-25 13:32:02.677+00
U-0039,user,0,0,0,0,0,2026-03-26 09:54:01.794+00
U-0039,Team-U-0039-845,0,0,0,0,0,2026-03-14 12:46:05.179+00
U-0039,false,0,0,0,0,0,2026-03-13 11:38:18.22+00
U-0039,Data,0,0,0,0,0,2026-03-05 12:41:31.487+00
U-0039,hack-2-2,0,1,0,0,0,2026-03-24 01:15:46.749+00
U-0039,hack-9-1,2,4,1,1,1,2026-03-27 11:50:45.766+00
U-0039,/submit/hack-10-1,0,0,0,0,0,2026-03-13 14:26:09.556+00
U-0039,Cloud,0,0,0,0,0,2026-03-17 02:45:38.601+00
U-0039,/team/T-013/manage,0,0,0,0,0,2026-03-23 13:13:45.126+00
U-0039,hack-10-1,1,3,0,0,0,2026-03-24 01:24:41.491+00
U-0039,T-011,0,1,0,0,0,2026-03-07 03:26:36.669+00
U-0039,/hackathons,0,0,0,0,0,2026-03-27 11:39:37.766+00
U-0039,hack-6,2,2,0,1,0,2026-03-25 12:30:51.636+00
U-0039,INV-113859,0,0,0,0,0,2026-03-26 03:09:41.637+00
U-0039,fallback-team_member_kick,0,0,0,0,0,2026-03-26 09:59:34.794+00
U-0039,Team-U-0039-407,0,0,0,0,0,2026-03-06 08:25:12.05+00
U-0039,T-028,0,4,0,0,0,2026-03-22 13:02:00.692+00
U-0039,hack-8,2,2,0,0,0,2026-03-23 13:10:39.405+00
U-0039,hack-4,0,0,0,0,0,2026-03-22 12:55:04.692+00
U-0039,hack-8-1,3,3,1,0,0,2026-03-27 11:47:08.766+00
U-0039,AI,0,0,0,0,0,2026-03-20 10:37:51.609+00
U-0039,/team/T-020/manage,0,0,0,0,0,2026-03-13 04:15:45.036+00
U-0039,/submit/hack-2,0,0,0,0,0,2026-03-26 13:49:37.298+00
U-0039,hack-2,1,1,0,0,1,2026-03-27 11:13:07.14+00
U-0039,T-002,0,0,0,0,0,2026-03-26 10:05:46.725+00
U-0039,T-020,0,0,0,0,0,2026-03-13 04:17:46.036+00
U-0039,hack-11,0,0,0,0,0,2026-03-25 13:33:27.677+00
U-0039,T-015,0,3,0,0,0,2026-03-26 14:59:35.34+00
U-0039,hack-14,1,2,0,0,0,2026-03-06 11:48:44.271+00
U-0039,T-026,0,3,0,0,0,2026-03-26 03:11:16.637+00
U-0039,T-4222,0,0,0,0,0,2026-03-18 08:49:03.035+00
U-0039,T-019,0,2,0,0,0,2026-03-20 14:54:16.337+00
U-0039,hack-3-1,1,1,0,0,0,2026-03-24 01:08:44.749+00
U-0039,T-027,0,1,0,0,0,2026-03-13 11:40:59.22+00
U-0039,/submit/hack-5,0,0,0,0,0,2026-03-27 03:02:05.395+00
U-0039,Web,0,0,0,0,0,2026-03-27 11:09:29.14+00
U-0039,/team/T-015/manage,0,0,0,0,0,2026-03-20 05:22:46.851+00
U-0039,T-010,0,1,0,1,0,2026-03-24 23:33:35.03+00
U-0039,hack-5-2,0,0,0,0,0,2026-03-26 09:55:04.794+00
U-0039,Blockchain,0,0,0,0,0,2026-03-25 07:20:14.772+00
U-0039,/team/T-002/manage,0,0,0,0,0,2026-03-26 10:04:10.725+00
U-0039,hack-7-1,3,3,1,1,0,2026-03-26 18:04:44.36+00
U-0039,fallback-team_create_attempt,0,0,0,0,0,2026-03-22 13:02:11.692+00
U-0039,T-5667,0,0,0,0,0,2026-03-14 12:47:39.179+00
U-0039,ongoing,0,0,0,0,0,2026-03-27 11:08:17.14+00
U-0039,hack-12,2,2,1,0,0,2026-03-23 13:05:43.405+00
U-0039,T-030,0,3,0,0,0,2026-03-26 14:27:16.098+00
U-0039,chatbot_room,0,0,0,0,0,2026-03-25 08:28:51.136+00
U-0039,hack-6-2,0,0,0,0,0,2026-03-26 14:48:32.34+00
U-0039,T-007,0,0,0,0,0,2026-03-05 10:00:32.169+00
U-0039,Team-U-0039-546,0,0,0,0,0,2026-03-07 03:44:06.669+00
U-0039,INV-627631,0,0,0,0,0,2026-03-24 23:29:50.03+00
U-0039,closed,0,0,0,0,0,2026-03-26 14:47:36.34+00
U-0039,hack-4-1,0,0,0,0,0,2026-03-06 08:14:25.05+00
U-0040,INV-240196,0,0,0,0,0,2026-03-17 01:08:15.738+00
U-0040,hack-10-1,0,1,0,0,0,2026-03-22 02:45:51.144+00
U-0040,false,0,0,0,0,0,2026-03-01 03:40:30.668+00
U-0040,hack-6-2,0,0,0,0,1,2026-03-27 10:17:11.573+00
U-0040,/camp,0,0,0,0,0,2026-03-27 02:11:48.634+00
U-0040,hack-7-1,1,1,0,1,0,2026-03-27 11:03:33.684+00
U-0040,T-030,0,1,0,1,0,2026-03-27 14:50:05.557+00
U-0040,fallback-hackathon_join,0,0,0,0,0,2026-03-25 03:52:26.229+00
U-0040,T-001,0,2,0,0,0,2026-03-27 02:35:07.634+00
U-0040,team,0,0,0,0,0,2026-03-01 03:38:41.668+00
U-0040,/matcher,0,0,0,0,0,2026-03-03 13:55:43.429+00
U-0040,chatbot_room,0,0,0,0,0,2026-03-27 12:21:15.857+00
U-0040,ended,0,0,0,0,0,2026-03-27 10:59:43.684+00
U-0040,T-027,0,2,0,0,0,2026-03-22 02:55:30.144+00
U-0040,hack-3-2,3,4,0,0,0,2026-03-27 11:11:54.684+00
U-0040,hack-5-2,0,1,0,0,0,2026-03-27 12:48:00.032+00
U-0040,T-006,0,2,0,0,0,2026-03-14 09:59:03.434+00
U-0040,/submit/hack-13,0,0,0,0,0,2026-03-25 11:32:12.785+00
U-0040,hack-4,1,2,0,0,0,2026-03-26 04:42:13.093+00
U-0040,INV-976779,0,0,0,0,0,2026-03-22 10:45:02.048+00
U-0040,user,0,0,0,0,0,2026-03-27 12:46:01.032+00
U-0040,Web,0,0,0,0,0,2026-03-17 09:20:31.888+00
U-0040,hackathons_list,0,0,0,0,0,2026-03-26 10:21:31.229+00
U-0040,Blockchain,0,0,0,0,0,2026-03-26 04:37:10.093+00
U-0040,AI,0,0,0,0,0,2026-03-09 14:54:42.699+00
U-0040,T-012,0,1,0,0,0,2026-03-22 02:50:52.144+00
U-0040,hack-5-1,2,2,0,0,0,2026-03-27 11:08:32.684+00
U-0040,/hackathons,0,0,0,0,0,2026-03-27 01:03:29.301+00
U-0040,T-014,0,1,0,1,0,2026-03-25 03:52:14.229+00
U-0040,T-004,0,1,0,0,0,2026-03-09 12:37:07.733+00
U-0040,hack-3,0,1,0,0,0,2026-03-14 11:16:57.01+00
U-0040,hack-9-1,1,1,0,0,0,2026-03-09 12:21:27.733+00
U-0040,T-003,0,1,0,0,0,2026-03-26 14:59:59.999+00
U-0040,/submit/hack-2-1,0,0,0,0,0,2026-03-27 13:59:13.352+00
U-0040,hack-13,0,0,0,0,1,2026-03-25 11:36:18.785+00
U-0040,INV-997321,0,0,0,0,0,2026-03-22 06:50:47.205+00
U-0040,T-026,0,1,0,0,0,2026-03-05 01:55:40.603+00
U-0040,hack-2-2,1,2,0,0,0,2026-03-27 01:09:17.301+00
U-0040,open,0,0,0,0,0,2026-03-09 10:14:42.749+00
U-0040,T-005,0,2,0,0,0,2026-03-25 03:47:46.229+00
U-0040,T-007,0,0,0,0,0,2026-03-26 14:59:59.999+00
U-0040,hack-6,1,1,1,0,0,2026-03-27 11:17:38.684+00
U-0040,T-008,0,1,0,0,0,2026-03-26 14:59:59.999+00
U-0040,hack-14,1,1,0,0,0,2026-03-26 04:40:22.093+00
U-0040,hack-2,1,1,0,0,0,2026-03-17 09:27:11.888+00
U-0040,T-010,0,1,0,0,0,2026-03-09 12:31:39.733+00
U-0040,Data,0,0,0,0,0,2026-03-27 11:00:03.684+00
U-0040,T-002,0,2,0,0,0,2026-03-27 02:17:23.634+00
U-0040,true,0,0,0,0,0,2026-03-03 13:58:06.429+00
U-0040,/submit/hack-5,0,0,0,0,0,2026-03-12 13:03:27.755+00
U-0040,INV-745042,0,0,0,0,0,2026-03-27 14:48:26.557+00
U-0040,/chat,0,0,0,0,0,2026-03-27 12:19:07.857+00
U-0040,T-016,0,0,0,1,0,2026-03-17 01:08:37.738+00
U-0040,hack-5,3,2,0,1,1,2026-03-27 01:18:42.301+00
U-0040,/profile/notifications,0,0,0,0,0,2026-03-27 14:47:45.557+00
U-0040,hack-2-1,0,0,0,0,1,2026-03-27 14:01:15.352+00
U-0040,ongoing,0,0,0,0,0,2026-03-27 01:05:13.301+00
U-0040,all,0,0,0,0,0,2026-03-26 10:19:40.229+00
U-0040,hack-4-2,1,2,0,0,0,2026-03-27 01:14:05.301+00
U-0040,notification_panel,0,0,0,0,0,2026-03-22 06:51:27.205+00
U-0040,T-020,0,1,0,0,0,2026-03-27 02:41:36.634+00
U-0041,team,0,0,0,0,0,2026-03-23 14:24:18.192+00
U-0041,hack-3-2,3,3,0,0,0,2026-03-28 22:43:10.052+00
U-0041,T-006,0,1,0,0,0,2026-03-23 14:06:11.545+00
U-0041,T-014,0,1,0,0,0,2026-03-10 18:09:03.241+00
U-0041,hack-7,1,0,1,0,0,2026-03-28 10:46:05.134+00
U-0041,T-010,0,0,0,1,0,2026-03-10 16:40:51.001+00
U-0041,fallback-matcher_profile_select,0,0,0,0,0,2026-03-17 12:21:46.394+00
U-0041,chatbot_room,0,0,0,0,0,2026-03-17 12:21:30.394+00
U-0041,/hackathons,0,0,0,0,0,2026-03-28 22:38:45.052+00
U-0041,T-015,0,1,0,0,0,2026-03-28 20:47:17.854+00
U-0041,T-004,0,1,0,0,0,2026-03-18 07:20:56.688+00
U-0041,T-002,0,1,0,0,0,2026-03-03 13:57:18.233+00
U-0041,/submit/hack-10-1,0,0,0,0,0,2026-03-10 03:32:19.222+00
U-0041,T-017,0,1,0,0,0,2026-03-11 01:49:19.497+00
U-0041,T-008,0,2,0,0,0,2026-03-09 09:43:06.875+00
U-0041,all,0,0,0,0,0,2026-03-28 16:55:53.63+00
U-0041,hack-6-2,1,2,0,0,0,2026-03-25 08:08:30.687+00
U-0041,hack-11,0,0,0,0,1,2026-03-25 03:50:25.667+00
U-0041,ended,0,0,0,0,0,2026-03-28 10:39:43.134+00
U-0041,hack-4-2,2,2,0,0,0,2026-03-28 22:49:54.052+00
U-0041,/matcher,0,0,0,0,0,2026-03-17 22:31:15.099+00
U-0041,T-029,0,1,0,0,0,2026-03-23 14:00:01.545+00
U-0041,hack-9-1,1,1,0,0,0,2026-03-28 20:39:32.854+00
U-0041,/profile/notifications,0,0,0,0,0,2026-03-10 16:37:32.001+00
U-0041,INV-170742,0,0,0,0,0,2026-03-07 07:25:48.061+00
U-0041,T-013,0,1,0,0,0,2026-03-07 08:28:05.162+00
U-0041,T-016,0,0,0,0,0,2026-03-07 07:27:47.061+00
U-0041,hack-5-2,1,2,0,0,0,2026-03-23 12:45:09.412+00
U-0041,hack-5,2,2,0,1,0,2026-03-25 08:17:03.687+00
U-0041,hack-12,0,0,0,0,1,2026-03-17 13:58:33.34+00
U-0041,hack-2,2,3,1,1,0,2026-03-28 04:21:53.004+00
U-0041,/submit/hack-12,0,0,0,0,0,2026-03-17 13:54:20.34+00
U-0041,T-028,0,3,0,0,0,2026-03-28 11:01:02.774+00
U-0041,/camp,0,0,0,0,0,2026-03-28 20:38:13.854+00
U-0041,notification_panel,0,0,0,0,0,2026-03-07 07:27:57.061+00
U-0041,ongoing,0,0,0,0,0,2026-03-28 04:18:17.004+00
U-0041,INV-719974,0,0,0,0,0,2026-03-10 16:39:24.001+00
U-0041,Team-U-0041-116,0,0,0,0,0,2026-03-07 08:29:17.162+00
U-0041,hack-4,1,1,0,0,0,2026-03-28 10:52:08.774+00
U-0041,hack-8-1,1,3,0,0,0,2026-03-25 08:12:05.687+00
U-0041,hack-5-1,0,1,0,0,0,2026-03-28 22:45:35.052+00
U-0041,hack-7-1,1,2,1,0,0,2026-03-28 17:03:24.63+00
U-0041,T-018,0,2,0,0,0,2026-03-23 14:25:43.192+00
U-0041,open,0,0,0,0,0,2026-03-28 20:38:54.854+00
U-0041,hack-10-1,1,2,0,0,1,2026-03-28 16:58:08.63+00
U-0041,/chat,0,0,0,0,0,2026-03-17 12:19:09.394+00
U-0041,/team/T-001/manage,0,0,0,0,0,2026-03-17 02:36:53.337+00
U-0041,T-9478,0,0,0,0,0,2026-03-07 08:31:12.162+00
U-0041,hackathons_list,0,0,0,0,0,2026-03-28 22:40:45.052+00
U-0041,/submit/hack-11,0,0,0,0,0,2026-03-25 03:47:48.667+00
U-0041,closed,0,0,0,0,0,2026-03-23 13:49:25.545+00
U-0041,Cloud,0,0,0,0,0,2026-03-25 08:05:14.687+00
U-0041,T-001,0,2,0,0,0,2026-03-25 00:58:44.597+00
U-0042,/submit/hack-3-2,0,0,0,0,0,2026-03-26 03:45:12.013+00
U-0042,hack-3-1,0,0,0,0,1,2026-03-08 19:45:52.489+00
U-0042,Data,0,0,0,0,0,2026-03-24 10:59:07.048+00
U-0042,false,0,0,0,0,0,2026-03-28 10:32:09.543+00
U-0042,hack-9-1,0,3,0,0,0,2026-03-10 11:18:36.836+00
U-0042,notification_panel,0,0,0,0,0,2026-03-01 04:40:07.547+00
U-0042,T-004,0,0,0,0,0,2026-03-08 11:53:51.841+00
U-0042,hack-4,0,0,0,0,1,2026-03-28 04:03:21.568+00
U-0042,INV-369093,0,0,0,0,0,2026-03-22 04:21:44.398+00
U-0042,/team/T-004/manage,0,0,0,0,0,2026-03-28 15:54:21.647+00
U-0042,hack-10-1,2,3,0,0,0,2026-03-24 11:13:25.048+00
U-0042,T-007,0,0,0,0,0,2026-03-08 05:05:36.01+00
U-0042,/team/T-007/manage,0,0,0,0,0,2026-03-08 05:03:00.01+00
U-0042,T-017,0,0,0,0,0,2026-03-22 13:26:38.181+00
U-0042,hack-5,1,1,0,0,0,2026-03-26 10:50:26.079+00
U-0042,T-030,0,0,0,0,0,2026-03-28 12:21:47.367+00
U-0042,/team/T-017/manage,0,0,0,0,0,2026-03-22 13:25:11.181+00
U-0042,Blockchain,0,0,0,0,0,2026-03-08 21:46:31.815+00
U-0042,ongoing,0,0,0,0,0,2026-03-11 10:02:38.059+00
U-0042,hackathons_list,0,0,0,0,0,2026-03-26 09:37:03.892+00
U-0042,/camp,0,0,0,0,0,2026-03-27 12:05:17.098+00
U-0042,chatbot_room,0,0,0,0,0,2026-03-28 14:54:23.5+00
U-0042,hack-6-1,0,0,0,0,0,2026-03-24 05:57:07.696+00
U-0042,T-006,0,1,0,0,0,2026-03-24 06:07:50.696+00
U-0042,hack-2,1,2,0,0,0,2026-03-28 10:33:08.543+00
U-0042,hack-7,0,0,0,0,0,2026-03-23 23:40:50.261+00
U-0042,hack-5-2,1,1,0,0,1,2026-03-27 10:44:15.786+00
U-0042,/team/T-027/manage,0,0,0,0,0,2026-03-09 09:36:37.767+00
U-0042,INV-517114,0,0,0,0,0,2026-03-02 00:32:55.288+00
U-0042,T-002,0,0,0,0,0,2026-03-13 07:27:49.006+00
U-0042,true,0,0,0,0,0,2026-03-23 23:39:51.261+00
U-0042,hack-11,1,1,0,0,0,2026-03-22 12:02:15.108+00
U-0042,INV-348899,0,0,0,0,0,2026-03-27 11:07:48.102+00
U-0042,hack-14,0,0,0,0,0,2026-03-18 11:36:45.08+00
U-0042,hack-3,1,1,0,0,1,2026-03-27 14:04:33.196+00
U-0042,all,0,0,0,0,0,2026-03-26 18:25:03.752+00
U-0042,team,0,0,0,0,0,2026-03-01 11:42:17.323+00
U-0042,hack-13,1,1,0,0,0,2026-03-11 10:07:45.059+00
U-0042,ended,0,0,0,0,0,2026-03-26 00:11:40.526+00
U-0042,hack-3-2,2,2,1,1,0,2026-03-24 08:33:00.828+00
U-0042,/team/T-026/manage,0,0,0,0,0,2026-03-04 11:05:47.366+00
U-0042,T-019,0,1,0,0,0,2026-03-18 11:50:15.08+00
U-0042,hack-8,0,1,0,0,0,2026-03-26 18:32:17.752+00
U-0042,T-010,0,3,0,0,0,2026-03-24 06:11:52.696+00
U-0042,hack-4-2,0,1,0,0,1,2026-03-26 09:43:06.892+00
U-0042,hack-2-2,1,4,0,0,0,2026-03-27 10:49:31.786+00
U-0042,/submit/hack-4,0,0,0,0,0,2026-03-28 04:00:09.568+00
U-0042,T-029,0,3,0,0,0,2026-03-26 11:10:14.079+00
U-0042,/submit/hack-5-2,0,0,0,0,0,2026-03-26 09:06:41.324+00
U-0042,/profile/notifications,0,0,0,0,0,2026-03-27 07:26:31.21+00
U-0042,/chat,0,0,0,0,0,2026-03-28 14:51:05.5+00
U-0042,T-027,0,2,0,0,0,2026-03-18 11:58:48.08+00
U-0042,Cloud,0,0,0,0,0,2026-03-24 08:20:07.828+00
U-0042,T-018,0,0,0,0,0,2026-03-28 10:14:11.532+00
U-0042,/submit/hack-5,0,0,0,0,0,2026-03-10 09:06:15.536+00
U-0042,user,0,0,0,0,0,2026-03-28 10:30:20.543+00
U-0042,hack-7-1,1,1,0,0,0,2026-03-24 08:40:27.828+00
U-0042,/hackathons,0,0,0,0,0,2026-03-26 18:24:13.752+00
U-0042,INV-247525,0,0,0,0,0,2026-03-27 16:37:52.617+00
U-0042,hack-8-1,2,3,0,0,0,2026-03-26 18:31:30.752+00
U-0042,hack-6-2,2,4,0,0,1,2026-03-26 18:32:24.752+00
U-0042,INV-383337,0,0,0,0,0,2026-03-17 13:50:14.614+00
U-0042,T-001,0,0,0,0,0,2026-03-01 03:12:20.188+00
U-0042,/team/T-009/manage,0,0,0,0,0,2026-03-13 02:34:40.219+00
U-0042,T-012,0,0,0,1,0,2026-03-27 16:39:35.617+00
U-0042,/matcher,0,0,0,0,0,2026-03-28 10:29:24.543+00
U-0042,/submit/hack-6-2,0,0,0,0,0,2026-03-10 23:16:36.569+00
U-0042,/submit/hack-3-1,0,0,0,0,0,2026-03-08 19:40:53.489+00
U-0042,/team/T-030/manage,0,0,0,0,0,2026-03-28 12:21:09.367+00
U-0042,hack-6,0,0,0,0,0,2026-03-22 13:29:21.419+00
U-0042,Web,0,0,0,0,0,2026-03-10 08:49:24.211+00
U-0042,T-009,0,0,0,0,0,2026-03-13 02:38:46.219+00
U-0042,closed,0,0,0,0,0,2026-03-07 12:50:53.529+00
U-0042,T-015,0,0,0,1,0,2026-03-22 04:22:46.398+00
U-0042,T-026,0,1,0,0,0,2026-03-18 11:44:35.08+00
U-0042,/team/T-002/manage,0,0,0,0,0,2026-03-13 07:24:32.006+00
U-0042,T-028,0,2,0,0,0,2026-03-07 00:40:04.699+00
U-0042,/team/T-029/manage,0,0,0,0,0,2026-03-22 14:55:47.662+00
U-0043,Web,0,0,0,0,0,2026-03-21 13:49:43.49+00
U-0043,hack-6-2,2,2,0,0,1,2026-03-25 13:28:28.306+00
U-0043,/profile/notifications,0,0,0,0,0,2026-03-26 11:16:11.825+00
U-0043,/team/T-010/manage,0,0,0,0,0,2026-03-18 05:54:56.633+00
U-0043,fallback-team_detail_open,0,0,0,0,0,2026-03-26 12:05:37.352+00
U-0043,T-020,0,1,0,0,0,2026-03-21 10:20:00.804+00
U-0043,INV-364459,0,0,0,0,0,2026-03-26 10:11:32.762+00
U-0043,T-019,0,2,0,0,0,2026-03-18 14:17:14.637+00
U-0043,/camp,0,0,0,0,0,2026-03-26 08:55:48.004+00
U-0043,T-003,0,1,0,0,0,2026-03-18 14:08:52.637+00
U-0043,chatbot_room,0,0,0,0,0,2026-03-26 12:05:21.352+00
U-0043,/hackathons,0,0,0,0,0,2026-03-26 11:36:42.869+00
U-0043,hack-5-1,1,1,0,0,0,2026-03-21 13:56:44.49+00
U-0043,T-012,0,1,0,0,0,2026-03-21 10:27:20.804+00
U-0043,hack-3,2,2,1,0,0,2026-03-25 10:10:36.235+00
U-0043,hack-9-1,3,2,0,0,0,2026-03-26 11:40:54.869+00
U-0043,T-013,0,0,0,0,0,2026-03-26 09:42:24.388+00
U-0043,T-026,0,5,0,0,0,2026-03-25 11:28:32.508+00
U-0043,hack-2,0,0,0,0,0,2026-03-16 07:33:30.719+00
U-0043,T-030,0,3,0,0,0,2026-03-15 15:15:10.49+00
U-0043,fallback-team_request_cancel,0,0,0,0,0,2026-03-25 13:28:35.306+00
U-0043,ongoing,0,0,0,0,0,2026-03-03 05:50:46.849+00
U-0043,/submit/hack-6,0,0,0,0,0,2026-03-17 18:50:24.756+00
U-0043,T-006,0,1,0,0,0,2026-03-15 15:23:43.49+00
U-0043,T-008,0,0,0,1,0,2026-03-25 08:14:19.605+00
U-0043,/matcher,0,0,0,0,0,2026-03-18 11:01:17.766+00
U-0043,/team/T-017/manage,0,0,0,0,0,2026-03-18 02:13:27.793+00
U-0043,T-004,0,0,0,0,0,2026-03-26 12:47:09.349+00
U-0043,team,0,0,0,0,0,2026-03-18 11:03:13.766+00
U-0043,hack-3-2,0,0,0,0,0,2026-03-26 08:58:00.004+00
U-0043,hack-10-1,1,1,1,0,0,2026-03-21 10:09:26.804+00
U-0043,true,0,0,0,0,0,2026-03-18 11:06:28.766+00
U-0043,Data,0,0,0,0,0,2026-03-03 05:52:27.849+00
U-0043,hack-6,0,1,0,0,1,2026-03-17 18:51:19.756+00
U-0043,T-010,0,0,0,0,0,2026-03-18 06:00:24.633+00
U-0043,T-002,0,0,0,0,0,2026-03-18 11:07:58.766+00
U-0043,all,0,0,0,0,0,2026-03-16 11:17:36.041+00
U-0043,INV-683429,0,0,0,0,0,2026-03-25 08:12:35.605+00
U-0043,hack-5-2,0,0,0,0,0,2026-03-26 11:46:17.869+00
U-0043,hack-2-2,0,1,0,0,0,2026-03-04 08:11:45.536+00
U-0043,hackathons_list,0,0,0,0,0,2026-03-26 11:38:30.869+00
U-0043,T-011,0,0,0,0,0,2026-03-26 08:59:12.004+00
U-0043,T-017,0,0,0,0,0,2026-03-18 11:08:33.766+00
U-0043,T-005,0,1,0,0,0,2026-03-21 10:36:17.804+00
U-0043,hack-4-2,0,0,0,0,0,2026-03-18 14:01:19.637+00
U-0043,/team/T-026/manage,0,0,0,0,0,2026-03-25 11:24:54.508+00
U-0043,fallback-tab_view,0,0,0,0,0,2026-03-17 18:51:42.756+00
U-0043,/submit/hack-6-2,0,0,0,0,0,2026-03-25 13:25:38.306+00
U-0043,/chat,0,0,0,0,0,2026-03-26 12:02:40.352+00
U-0043,hack-7-1,1,1,1,0,0,2026-03-25 10:04:36.235+00
U-0044,hack-5-2,5,5,0,1,0,2026-03-19 11:41:21.667+00
U-0044,ended,0,0,0,0,0,2026-03-19 01:08:46.595+00
U-0044,T-005,0,2,0,0,0,2026-03-17 09:45:40.143+00
U-0044,T-003,0,0,0,0,0,2026-03-22 21:14:46.02+00
U-0044,T-015,0,1,0,1,0,2026-03-16 06:33:41.828+00
U-0044,/camp,0,0,0,0,0,2026-03-20 13:13:02.456+00
U-0044,open,0,0,0,0,0,2026-03-17 09:17:27.143+00
U-0044,hack-8-1,2,3,1,0,0,2026-03-20 13:17:04.456+00
U-0044,hackathons_list,0,0,0,0,0,2026-03-23 11:48:51.776+00
U-0044,hack-6-2,0,2,0,0,0,2026-03-23 11:53:13.776+00
U-0044,INV-983517,0,0,0,0,0,2026-03-23 05:43:10.03+00
U-0044,hack-6,5,5,0,0,0,2026-03-19 01:18:44.595+00
U-0044,AI,0,0,0,0,0,2026-03-11 11:06:05.702+00
U-0044,T-018,0,0,0,0,0,2026-03-19 11:57:01.087+00
U-0044,hack-9-1,0,0,0,0,0,2026-03-17 09:18:30.143+00
U-0044,T-017,0,2,0,0,0,2026-03-14 10:46:35.036+00
U-0044,/team/T-013/manage,0,0,0,0,0,2026-03-09 19:59:21.886+00
U-0044,/profile/notifications,0,0,0,0,0,2026-03-23 05:42:04.03+00
U-0044,T-030,0,2,0,0,0,2026-03-13 09:25:29.873+00
U-0044,/chat,0,0,0,0,0,2026-03-13 03:06:54.271+00
U-0044,hack-7,0,0,0,0,0,2026-03-11 14:12:18.314+00
U-0044,team,0,0,0,0,0,2026-03-22 21:12:36.02+00
U-0044,hack-5,0,0,0,0,0,2026-03-22 21:12:55.02+00
U-0044,INV-349811,0,0,0,0,0,2026-03-11 14:18:46.045+00
U-0044,all,0,0,0,0,0,2026-03-23 11:45:57.776+00
U-0044,/matcher,0,0,0,0,0,2026-03-22 21:12:08.02+00
U-0044,hack-3-2,2,5,0,1,0,2026-03-19 11:37:42.667+00
U-0044,INV-985307,0,0,0,0,0,2026-03-14 10:01:22.559+00
U-0044,hack-7-1,1,1,0,0,1,2026-03-16 12:50:51.641+00
U-0044,closed,0,0,0,0,0,2026-03-10 09:35:19.218+00
U-0044,/team/T-028/manage,0,0,0,0,0,2026-03-20 12:33:14.492+00
U-0044,hack-3,1,2,0,0,0,2026-03-13 13:35:31.167+00
U-0044,Data,0,0,0,0,0,2026-03-23 11:46:51.776+00
U-0044,hack-9,1,1,0,0,0,2026-03-17 11:26:12.42+00
U-0044,/submit/hack-2,0,0,0,0,0,2026-03-19 06:46:16.824+00
U-0044,T-004,0,0,0,0,0,2026-03-14 13:05:57.023+00
U-0044,T-001,0,0,0,1,0,2026-03-11 14:20:41.045+00
U-0044,T-029,0,2,0,0,0,2026-03-22 21:14:10.02+00
U-0044,Web,0,0,0,0,0,2026-03-10 09:07:13.292+00
U-0044,INV-273478,0,0,0,0,0,2026-03-16 06:31:59.828+00
U-0044,hack-2,1,2,0,0,0,2026-03-17 11:22:12.42+00
U-0044,/team/T-004/manage,0,0,0,0,0,2026-03-14 13:04:18.023+00
U-0044,hack-15,1,2,0,0,0,2026-03-13 17:03:22.441+00
U-0044,T-028,0,1,0,0,0,2026-03-16 11:51:29.455+00
U-0044,Cloud,0,0,0,0,0,2026-03-16 12:45:32.641+00
U-0044,/hackathons,0,0,0,0,0,2026-03-23 11:45:52.776+00
U-0044,T-010,0,0,0,0,0,2026-03-14 10:36:16.361+00
U-0044,T-019,0,3,0,0,0,2026-03-19 08:00:36.825+00
U-0044,/submit/hack-7-1,0,0,0,0,0,2026-03-13 02:58:47.816+00
U-0044,Blockchain,0,0,0,0,0,2026-03-16 11:12:33.257+00
U-0044,T-006,0,2,0,1,0,2026-03-23 05:44:40.03+00
U-0044,T-020,0,1,0,0,0,2026-03-14 10:54:34.036+00
U-0044,T-014,0,1,0,0,0,2026-03-20 13:26:22.456+00
U-0044,T-013,0,1,0,0,0,2026-03-19 08:05:04.825+00
U-0044,hack-2-2,3,3,1,1,0,2026-03-23 11:52:46.776+00
U-0044,hack-11,1,1,1,0,0,2026-03-13 13:38:03.167+00
U-0044,T-026,0,0,0,0,0,2026-03-14 10:35:49.036+00
U-0044,chatbot_room,0,0,0,0,0,2026-03-20 06:34:14.186+00
U-0044,/submit/hack-4-2,0,0,0,0,0,2026-03-10 14:52:37.605+00
U-0044,hack-10-1,1,1,0,1,0,2026-03-11 17:19:10.864+00
U-0044,ongoing,0,0,0,0,0,2026-03-11 17:00:46.864+00
U-0044,hack-4-2,0,0,0,0,1,2026-03-10 14:54:02.605+00
U-0044,T-002,0,2,0,0,0,2026-03-20 13:32:31.456+00
U-0045,hack-15,2,1,0,0,1,2026-03-28 21:50:48.698+00
U-0045,ended,0,0,0,0,0,2026-03-21 03:51:04.888+00
U-0045,closed,0,0,0,0,0,2026-03-26 14:11:15.643+00
U-0045,T-013,0,2,0,0,0,2026-03-26 07:25:26.605+00
U-0045,INV-842676,0,0,0,0,0,2026-03-18 09:34:52.575+00
U-0045,/hackathons,0,0,0,0,0,2026-03-26 09:35:59.733+00
U-0045,T-012,0,0,0,1,0,2026-03-22 12:17:44.064+00
U-0045,/submit/hack-6,0,0,0,0,0,2026-03-26 09:51:13.388+00
U-0045,T-027,0,0,0,0,0,2026-03-18 01:30:45.33+00
U-0045,hack-5,1,1,1,1,0,2026-03-21 04:02:00.888+00
U-0045,T-008,0,1,0,0,0,2026-03-18 10:03:53.748+00
U-0045,/camp,0,0,0,0,0,2026-03-26 14:09:03.643+00
U-0045,ongoing,0,0,0,0,0,2026-03-03 12:48:03.331+00
U-0045,hack-2-1,0,0,0,0,1,2026-03-21 02:34:20.612+00
U-0045,chatbot_room,0,0,0,0,0,2026-03-21 10:37:04.44+00
U-0045,hack-9-1,2,2,0,1,0,2026-03-26 11:03:55.066+00
U-0045,hack-9,0,0,0,0,0,2026-03-26 07:23:08.605+00
U-0045,hack-10-1,2,2,0,0,0,2026-03-18 12:56:36.233+00
U-0045,hack-4-2,0,0,0,0,1,2026-03-22 12:09:53.738+00
U-0045,T-030,0,3,0,1,0,2026-03-26 14:15:02.643+00
U-0045,T-004,0,1,0,0,0,2026-03-13 12:49:12.547+00
U-0045,hack-4-1,1,0,0,0,0,2026-03-18 12:54:07.233+00
U-0045,false,0,0,0,0,0,2026-03-18 01:29:36.33+00
U-0045,/team/T-014/manage,0,0,0,0,0,2026-03-03 14:45:21.473+00
U-0045,hack-6-2,1,1,0,0,0,2026-03-21 11:02:42.128+00
U-0045,hack-2,1,2,0,0,0,2026-03-17 21:48:54.029+00
U-0045,/submit/hack-2-1,0,0,0,0,0,2026-03-21 02:29:53.612+00
U-0045,/matcher,0,0,0,0,0,2026-03-26 07:19:43.605+00
U-0045,T-003,0,0,0,0,0,2026-03-04 01:18:14.718+00
U-0045,T-014,0,0,0,0,0,2026-03-03 14:49:32.473+00
U-0045,/submit/hack-4-2,0,0,0,0,0,2026-03-22 12:07:54.738+00
U-0045,INV-297226,0,0,0,0,0,2026-03-22 12:15:45.064+00
U-0045,true,0,0,0,0,0,2026-03-18 10:01:46.748+00
U-0045,T-018,0,0,0,0,0,2026-03-18 01:32:35.33+00
U-0045,/profile/notifications,0,0,0,0,0,2026-03-22 12:15:19.064+00
U-0045,/team/T-003/manage,0,0,0,0,0,2026-03-04 01:14:02.718+00
U-0045,hack-6,0,0,0,0,0,2026-03-22 00:51:53.663+00
U-0045,hack-8,0,1,0,0,0,2026-03-18 12:58:30.233+00
U-0045,Web,0,0,0,0,0,2026-03-03 11:20:33.231+00
U-0045,T-016,0,0,0,0,0,2026-03-13 14:29:31.484+00
U-0045,hack-3-2,0,1,0,0,0,2026-03-10 07:24:41.777+00
U-0045,T-028,0,2,0,0,0,2026-03-26 02:04:23.226+00
U-0045,all,0,0,0,0,0,2026-03-18 09:37:33.261+00
U-0045,/chat,0,0,0,0,0,2026-03-21 10:35:33.44+00
U-0045,hackathons_list,0,0,0,0,0,2026-03-26 09:37:18.733+00
U-0045,hack-3,1,1,0,0,0,2026-03-21 03:59:03.888+00
U-0045,T-017,0,0,0,0,0,2026-03-18 10:03:07.748+00
U-0045,/team/T-004/manage,0,0,0,0,0,2026-03-13 12:47:21.547+00
U-0045,/submit/hack-5-2,0,0,0,0,0,2026-03-04 10:03:27.839+00
U-0045,T-015,0,0,0,0,0,2026-03-21 11:09:19.128+00
U-0045,AI,0,0,0,0,0,2026-03-21 03:52:12.888+00
U-0045,hack-5-2,2,2,0,1,0,2026-03-10 07:31:40.777+00
U-0045,hack-7-1,1,2,1,0,0,2026-03-26 01:38:58.226+00
U-0045,team,0,0,0,0,0,2026-03-26 07:21:43.605+00
U-0045,hack-7,1,1,0,0,0,2026-03-17 21:52:47.029+00
U-0045,hack-4,2,2,0,0,0,2026-03-18 09:48:18.261+00
U-0045,user,0,0,0,0,0,2026-03-10 14:46:59.19+00
U-0045,open,0,0,0,0,0,2026-03-13 11:27:36.67+00
U-0045,hack-2-2,1,1,0,0,0,2026-03-22 13:33:39.718+00
U-0045,/team/T-013/manage,0,0,0,0,0,2026-03-13 06:21:06.335+00
U-0045,Cloud,0,0,0,0,0,2026-03-25 19:02:16.785+00
U-0045,T-029,0,1,0,0,0,2026-03-13 11:34:12.67+00
U-0045,Data,0,0,0,0,0,2026-03-26 09:36:45.733+00
U-0045,hack-8-1,3,3,0,0,0,2026-03-26 09:48:49.733+00
U-0045,T-026,0,1,0,0,0,2026-03-26 07:41:09.17+00
U-0045,T-006,0,0,0,0,0,2026-03-10 10:19:11.895+00
U-0045,T-010,0,1,0,0,0,2026-03-26 07:24:04.605+00
U-0045,T-007,0,1,0,0,0,2026-03-26 01:43:44.226+00
U-0046,hack-13,0,0,0,0,0,2026-03-18 09:08:12.496+00
U-0046,T-028,0,3,0,0,0,2026-03-25 04:18:36.749+00
U-0046,T-011,0,1,0,0,0,2026-03-20 09:57:08.082+00
U-0046,hack-8-1,3,6,0,0,0,2026-03-25 10:02:47.756+00
U-0046,hack-7,1,1,0,0,0,2026-03-26 13:15:12.017+00
U-0046,hack-6-1,1,1,0,0,0,2026-03-25 10:10:13.756+00
U-0046,hack-7-1,1,1,1,0,0,2026-03-26 13:12:24.158+00
U-0046,T-003,0,1,0,0,0,2026-03-25 04:11:31.749+00
U-0046,user,0,0,0,0,0,2026-03-15 09:36:01.358+00
U-0046,T-015,0,0,0,0,0,2026-03-18 22:56:44.63+00
U-0046,T-019,0,0,0,0,0,2026-03-18 09:29:02.496+00
U-0046,hack-4-2,3,3,1,0,0,2026-03-26 13:17:44.017+00
U-0046,Data,0,0,0,0,0,2026-03-26 13:07:15.158+00
U-0046,hack-10,1,2,0,0,0,2026-03-17 15:17:31.482+00
U-0046,hack-10-1,2,2,0,0,1,2026-03-26 13:16:15.158+00
U-0046,T-002,0,2,0,0,0,2026-03-25 08:08:33.896+00
U-0046,T-026,0,2,0,0,0,2026-03-25 13:06:50.887+00
U-0046,Cloud,0,0,0,0,0,2026-03-26 03:11:09.807+00
U-0046,hackathons_list,0,0,0,0,0,2026-03-28 07:34:04.313+00
U-0046,T-001,0,0,0,1,0,2026-03-14 11:29:33.847+00
U-0046,/team/T-009/manage,0,0,0,0,0,2026-03-18 11:19:58.51+00
U-0046,/submit/hack-10-1,0,0,0,0,0,2026-03-03 13:13:48.72+00
U-0046,chatbot_room,0,0,0,0,0,2026-03-28 14:20:28.1+00
U-0046,hack-2,2,1,0,0,0,2026-03-26 06:20:23.399+00
U-0046,INV-883940,0,0,0,0,0,2026-03-14 11:28:41.847+00
U-0046,/team/T-027/manage,0,0,0,0,0,2026-03-15 10:51:01.668+00
U-0046,Web,0,0,0,0,0,2026-03-26 06:13:18.399+00
U-0046,all,0,0,0,0,0,2026-03-26 13:08:38.017+00
U-0046,T-020,0,1,0,0,0,2026-03-28 16:36:50.479+00
U-0046,Team-U-0046-839,0,0,0,0,0,2026-03-15 11:16:23.609+00
U-0046,hack-6-2,2,2,1,1,0,2026-03-25 08:58:06.89+00
U-0046,/submit/hack-2-2,0,0,0,0,0,2026-03-28 13:55:46.801+00
U-0046,T-004,0,1,0,0,0,2026-03-25 08:18:08.896+00
U-0046,hack-12,1,1,0,0,0,2026-03-25 10:07:36.756+00
U-0046,closed,0,0,0,0,0,2026-03-25 04:01:02.749+00
U-0046,fallback-recommendation_impression,0,0,0,0,0,2026-03-09 10:11:55.082+00
U-0046,/matcher,0,0,0,0,0,2026-03-25 13:04:19.887+00
U-0046,/team/T-026/manage,0,0,0,0,0,2026-03-19 11:09:06.54+00
U-0046,ended,0,0,0,0,0,2026-03-28 07:33:32.313+00
U-0046,fallback-team_notice_send,0,0,0,0,0,2026-03-14 11:33:36.847+00
U-0046,T-7350,0,0,0,0,0,2026-03-15 11:16:41.609+00
U-0046,Blockchain,0,0,0,0,0,2026-03-13 11:33:05.891+00
U-0046,/team/T-008/manage,0,0,0,0,0,2026-03-20 09:59:12.551+00
U-0046,T-030,0,3,0,0,0,2026-03-20 12:46:19.243+00
U-0046,team,0,0,0,0,0,2026-03-25 13:04:32.887+00
U-0046,T-014,0,0,0,0,0,2026-03-25 10:46:09.489+00
U-0046,hack-8,0,1,0,0,0,2026-03-03 10:34:04.122+00
U-0046,hack-2-2,3,4,0,0,1,2026-03-28 13:59:54.801+00
U-0046,T-016,0,1,0,0,0,2026-03-28 16:16:18.479+00
U-0046,hack-3-1,0,0,0,0,0,2026-03-25 08:03:20.896+00
U-0046,hack-4,0,0,1,0,0,2026-03-20 09:36:03.095+00
U-0046,hack-5-2,1,4,0,0,0,2026-03-28 07:37:23.313+00
U-0046,AI,0,0,0,0,0,2026-03-20 03:40:46.88+00
U-0046,T-013,0,1,0,0,0,2026-03-25 08:30:19.896+00
U-0046,T-008,0,0,0,0,0,2026-03-20 10:01:23.551+00
U-0046,/hackathons,0,0,0,0,0,2026-03-26 13:07:38.017+00
U-0046,T-010,0,0,0,1,0,2026-03-18 01:23:55.197+00
U-0046,ongoing,0,0,0,0,0,2026-03-25 09:58:57.756+00
U-0046,open,0,0,0,0,0,2026-03-19 11:07:18.405+00
U-0046,/camp,0,0,0,0,0,2026-03-25 08:01:11.896+00
U-0046,hack-3,1,2,1,0,0,2026-03-26 13:19:28.017+00
U-0046,T-009,0,1,0,0,0,2026-03-28 16:22:13.479+00
U-0046,/chat,0,0,0,0,0,2026-03-28 14:18:06.1+00
U-0046,hack-3-2,2,3,1,0,0,2026-03-26 13:12:48.017+00
U-0046,/profile/notifications,0,0,0,0,0,2026-03-18 13:04:00.08+00
U-0046,fallback-tab_view,0,0,0,0,0,2026-03-26 13:19:54.017+00
U-0046,T-027,0,1,0,0,0,2026-03-25 04:25:36.749+00
U-0046,hack-5,1,3,1,0,0,2026-03-26 06:31:49.399+00
U-0046,Team-U-0046-908,0,0,0,0,0,2026-03-19 01:45:12.223+00
U-0046,/team/T-017/manage,0,0,0,0,0,2026-03-18 12:39:29.804+00
U-0046,hack-6,1,1,0,0,0,2026-03-19 01:34:06.223+00
U-0046,hack-9-1,3,3,0,0,0,2026-03-28 16:12:41.479+00
U-0046,INV-723035,0,0,0,0,0,2026-03-18 01:23:44.197+00
U-0046,T-017,0,0,0,1,0,2026-03-18 12:41:16.804+00
U-0046,hack-9,0,0,0,0,0,2026-03-15 09:37:34.358+00
U-0047,hack-7,1,1,0,0,0,2026-03-26 10:28:42.834+00
U-0047,hack-3-2,2,1,0,1,0,2026-03-26 10:05:55.481+00
U-0047,/camp,0,0,0,0,0,2026-03-23 01:29:48.548+00
U-0047,T-018,0,2,0,1,0,2026-03-24 11:21:20.591+00
U-0047,/team/T-014/manage,0,0,0,0,0,2026-03-27 02:46:10.288+00
U-0047,/team/T-018/manage,0,0,0,0,0,2026-03-24 11:18:36.591+00
U-0047,Blockchain,0,0,0,0,0,2026-03-20 02:21:29.282+00
U-0047,INV-499092,0,0,0,0,0,2026-03-11 07:08:21.528+00
U-0047,/submit/hack-8,0,0,0,0,0,2026-03-17 09:53:20.063+00
U-0047,chatbot_room,0,0,0,0,0,2026-03-28 22:19:14.059+00
U-0047,hack-8,0,0,0,0,1,2026-03-17 09:54:58.063+00
U-0047,open,0,0,0,0,0,2026-03-21 20:24:12.261+00
U-0047,hack-3,1,1,1,1,0,2026-03-27 10:01:56.214+00
U-0047,/team/T-005/manage,0,0,0,0,0,2026-03-16 01:52:43.435+00
U-0047,hack-5-2,1,1,0,0,0,2026-03-17 13:19:56.291+00
U-0047,hack-14,1,1,0,0,0,2026-03-19 10:44:35.068+00
U-0047,/team/T-015/manage,0,0,0,0,0,2026-03-23 05:16:11.537+00
U-0047,T-005,0,0,0,0,0,2026-03-16 01:55:24.435+00
U-0047,fallback-team_request_review,0,0,0,0,0,2026-03-12 08:03:02.341+00
U-0047,hack-4-1,0,0,0,0,0,2026-03-16 12:29:13.054+00
U-0047,closed,0,0,0,0,0,2026-03-26 10:07:14.481+00
U-0047,Data,0,0,0,0,0,2026-03-26 03:00:30.347+00
U-0047,hack-9-1,0,1,0,0,0,2026-03-23 01:02:34.442+00
U-0047,hack-12,1,1,0,0,0,2026-03-19 17:10:52.286+00
U-0047,true,0,0,0,0,0,2026-03-24 08:11:43.622+00
U-0047,/submit/hack-6,0,0,0,0,0,2026-03-28 23:58:11.657+00
U-0047,INV-529301,0,0,0,0,0,2026-03-16 12:10:13.529+00
U-0047,T-027,0,4,0,0,0,2026-03-27 10:41:10.214+00
U-0047,T-006,0,1,0,0,0,2026-03-19 10:53:56.068+00
U-0047,T-009,0,0,0,1,0,2026-03-18 20:14:23.291+00
U-0047,T-026,0,1,0,0,0,2026-03-17 04:56:03.828+00
U-0047,ongoing,0,0,0,0,0,2026-03-26 09:26:00.823+00
U-0047,hack-2,2,2,0,0,0,2026-03-27 10:33:39.689+00
U-0047,T-028,0,2,0,0,0,2026-03-26 10:21:13.481+00
U-0047,hack-4,1,1,0,0,0,2026-03-26 09:30:23.823+00
U-0047,hack-7-1,1,3,1,0,0,2026-03-20 02:30:53.282+00
U-0047,T-016,0,1,0,0,0,2026-03-02 12:16:09.096+00
U-0047,hackathons_list,0,0,0,0,0,2026-03-27 10:29:47.689+00
U-0047,hack-4-2,2,2,0,0,0,2026-03-27 10:41:38.689+00
U-0047,/hackathons,0,0,0,0,0,2026-03-27 10:28:28.689+00
U-0047,hack-8-1,1,2,0,0,0,2026-03-20 02:24:35.282+00
U-0047,hack-6-1,0,0,0,0,0,2026-03-16 12:28:42.054+00
U-0047,T-013,0,1,0,1,0,2026-03-16 12:12:07.529+00
U-0047,T-002,0,2,0,0,0,2026-03-22 03:03:57.412+00
U-0047,all,0,0,0,0,0,2026-03-26 02:59:23.347+00
U-0047,INV-647339,0,0,0,0,0,2026-03-03 12:23:38.384+00
U-0047,/team/T-004/manage,0,0,0,0,0,2026-03-24 12:05:06.127+00
U-0047,T-019,0,2,0,1,0,2026-03-16 12:14:57.529+00
U-0047,hack-5,1,3,1,0,0,2026-03-27 10:39:38.689+00
U-0047,T-010,0,0,0,0,0,2026-03-17 13:21:32.291+00
U-0047,fallback-recommendation_click,0,0,0,0,0,2026-03-11 09:04:11.326+00
U-0047,T-004,0,0,0,0,0,2026-03-24 12:06:16.127+00
U-0047,/submit/hack-5-2,0,0,0,0,0,2026-03-12 12:43:22.893+00
U-0047,hack-6-2,3,4,0,0,0,2026-03-26 10:26:02.834+00
U-0047,T-030,0,6,0,0,0,2026-03-23 01:42:23.548+00
U-0047,T-008,0,0,0,0,0,2026-03-23 03:47:11.318+00
U-0047,hack-2-2,1,2,0,0,0,2026-03-22 02:56:26.412+00
U-0047,hack-15,1,0,0,0,0,2026-03-27 10:45:10.689+00
U-0047,/submit/hack-10-1,0,0,0,0,0,2026-03-12 10:11:01.085+00
U-0047,/matcher,0,0,0,0,0,2026-03-24 08:09:57.622+00
U-0047,hack-10-1,0,0,0,0,0,2026-03-16 12:27:16.054+00
U-0047,ended,0,0,0,0,0,2026-03-25 22:29:53.58+00
U-0047,AI,0,0,0,0,0,2026-03-10 22:18:55.751+00
U-0047,hack-5-1,0,0,0,0,0,2026-03-11 09:33:55.628+00
U-0047,T-014,0,1,0,0,0,2026-03-27 02:46:52.288+00
U-0047,/profile/notifications,0,0,0,0,0,2026-03-23 11:47:39.848+00
U-0047,hack-6,2,2,0,0,0,2026-03-23 04:36:45.885+00
U-0047,T-007,0,0,0,0,0,2026-03-17 13:22:22.291+00
U-0047,T-029,0,3,0,0,0,2026-03-12 07:56:47.341+00
U-0047,user,0,0,0,0,0,2026-03-23 01:02:19.442+00
U-0047,/chat,0,0,0,0,0,2026-03-28 22:16:21.059+00
U-0047,T-015,0,0,0,0,0,2026-03-23 05:17:03.537+00
U-0047,team,0,0,0,0,0,2026-03-24 08:10:42.622+00
U-0048,hack-2,2,4,0,0,0,2026-03-26 14:31:06.391+00
U-0048,Cloud,0,0,0,0,0,2026-03-14 05:52:13.874+00
U-0048,T-020,0,2,0,0,0,2026-03-20 09:43:48.477+00
U-0048,INV-926724,0,0,0,0,0,2026-03-10 06:54:04.386+00
U-0048,hack-6,0,3,0,0,0,2026-03-15 01:34:21.044+00
U-0048,hack-10-1,3,3,0,1,0,2026-03-13 15:31:30.262+00
U-0048,hack-5-1,0,0,0,0,0,2026-03-22 14:40:13.181+00
U-0048,T-004,0,1,0,0,0,2026-03-04 12:08:12.7+00
U-0048,hack-7-1,3,3,0,1,0,2026-03-27 02:04:02.417+00
U-0048,hack-8-1,1,2,0,0,0,2026-03-15 01:38:58.044+00
U-0048,/matcher,0,0,0,0,0,2026-03-27 04:49:25.265+00
U-0048,Web,0,0,0,0,0,2026-03-14 11:29:49.405+00
U-0048,true,0,0,0,0,0,2026-03-22 14:37:19.181+00
U-0048,ended,0,0,0,0,0,2026-03-10 09:33:27.512+00
U-0048,hack-5,3,4,0,0,0,2026-03-27 11:26:43.375+00
U-0048,chatbot_room,0,0,0,0,0,2026-03-27 10:19:59.507+00
U-0048,hack-15,0,0,0,0,0,2026-03-22 14:38:44.181+00
U-0048,Data,0,0,0,0,0,2026-03-10 02:07:49.252+00
U-0048,T-027,0,3,0,0,0,2026-03-06 14:59:59.999+00
U-0048,/submit/hack-4-2,0,0,0,0,0,2026-03-27 12:03:33.711+00
U-0048,INV-981063,0,0,0,0,0,2026-03-08 21:52:48.138+00
U-0048,AI,0,0,0,0,0,2026-03-07 14:27:06.316+00
U-0048,T-016,0,2,0,0,0,2026-03-20 12:04:16.143+00
U-0048,T-006,0,0,0,0,0,2026-03-04 08:52:19.209+00
U-0048,closed,0,0,0,0,0,2026-03-13 15:31:19.262+00
U-0048,hack-3,1,1,0,0,0,2026-03-26 14:29:15.391+00
U-0048,user,0,0,0,0,0,2026-03-27 04:50:50.265+00
U-0048,/profile/notifications,0,0,0,0,0,2026-03-26 11:55:54.606+00
U-0048,T-008,0,0,0,0,0,2026-03-20 06:05:53.008+00
U-0048,T-013,0,0,0,1,0,2026-03-05 10:21:28.203+00
U-0048,hack-4,4,6,1,1,0,2026-03-25 12:57:54.312+00
U-0048,all,0,0,0,0,0,2026-03-25 12:48:31.312+00
U-0048,hack-6-2,1,3,0,1,0,2026-03-25 12:59:49.312+00
U-0048,hack-4-2,0,1,0,0,0,2026-03-09 05:04:06.731+00
U-0048,open,0,0,0,0,0,2026-03-22 12:53:53.578+00
U-0048,/camp,0,0,0,0,0,2026-03-22 12:51:38.578+00
U-0048,T-019,0,1,0,0,0,2026-03-22 13:04:33.578+00
U-0048,INV-869007,0,0,0,0,0,2026-03-05 10:20:45.203+00
U-0048,hack-6-1,1,3,0,0,0,2026-03-27 04:52:34.265+00
U-0048,ongoing,0,0,0,0,0,2026-03-26 14:25:53.391+00
U-0048,T-029,0,2,0,0,0,2026-03-20 09:55:33.477+00
U-0048,T-015,0,1,0,0,0,2026-03-08 21:54:49.138+00
U-0048,hack-10,1,1,0,0,0,2026-03-26 14:32:56.391+00
U-0048,hack-8,0,0,0,0,0,2026-03-14 00:12:35.277+00
U-0048,INV-776680,0,0,0,0,0,2026-03-25 12:42:26.352+00
U-0048,hackathons_list,0,0,0,0,0,2026-03-26 14:27:56.391+00
U-0048,hack-13,0,1,0,0,0,2026-03-10 09:41:11.512+00
U-0048,T-011,0,1,0,1,0,2026-03-13 15:37:56.262+00
U-0048,T-028,0,1,0,0,0,2026-03-09 03:56:03.884+00
U-0048,hack-12,0,0,0,0,0,2026-03-14 00:11:47.277+00
U-0048,/chat,0,0,0,0,0,2026-03-27 10:18:33.507+00
U-0048,/team/T-008/manage,0,0,0,0,0,2026-03-20 06:01:36.008+00
U-0048,hack-5-2,0,2,0,0,0,2026-03-26 09:52:01.463+00
U-0048,hack-3-2,1,3,0,0,0,2026-03-27 11:23:19.375+00
U-0048,hack-9-1,1,2,1,1,0,2026-03-26 09:47:02.463+00
U-0048,Blockchain,0,0,0,0,0,2026-03-27 11:18:51.375+00
U-0048,T-007,0,2,0,0,0,2026-03-20 09:49:03.477+00
U-0048,/hackathons,0,0,0,0,0,2026-03-27 01:55:24.417+00
U-0049,hack-5,1,4,0,0,0,2026-03-24 10:38:02.794+00
U-0049,/hackathons,0,0,0,0,0,2026-03-26 21:37:13.097+00
U-0049,INV-219346,0,0,0,0,0,2026-03-07 14:35:08.852+00
U-0049,hack-3-2,4,4,1,0,0,2026-03-22 13:32:18.626+00
U-0049,/team/T-001/manage,0,0,0,0,0,2026-03-10 03:33:03.356+00
U-0049,T-029,0,3,0,0,0,2026-03-25 13:48:54.527+00
U-0049,T-014,0,1,0,0,0,2026-03-25 14:31:54.822+00
U-0049,T-001,0,1,0,0,0,2026-03-25 14:46:35.822+00
U-0049,hack-6-2,0,1,0,0,0,2026-03-18 08:09:01.54+00
U-0049,user,0,0,0,0,0,2026-03-24 14:49:37.727+00
U-0049,INV-176985,0,0,0,0,0,2026-03-18 20:20:12.435+00
U-0049,/submit/hack-15,0,0,0,0,0,2026-03-12 10:26:45.304+00
U-0049,T-020,0,2,0,0,0,2026-03-06 14:59:59.999+00
U-0049,T-016,0,1,0,1,0,2026-03-27 12:12:35.296+00
U-0049,hack-4-2,1,1,1,0,0,2026-03-10 11:22:04.596+00
U-0049,hack-2,2,2,1,0,0,2026-03-19 02:07:13.679+00
U-0049,/profile/notifications,0,0,0,0,0,2026-03-27 14:09:45.368+00
U-0049,/submit/hack-2,0,0,0,0,0,2026-03-23 13:15:41.862+00
U-0049,T-028,0,1,0,0,0,2026-03-24 12:42:20.045+00
U-0049,T-005,0,0,0,0,0,2026-03-12 08:03:10.239+00
U-0049,hack-7-1,0,1,1,0,0,2026-03-26 21:44:59.097+00
U-0049,T-010,0,0,0,1,0,2026-03-16 01:18:12.864+00
U-0049,/submit/hack-3,0,0,0,0,0,2026-03-08 04:22:31.231+00
U-0049,T-011,0,2,0,0,0,2026-03-24 12:51:09.045+00
U-0049,hack-5-2,3,4,0,0,0,2026-03-27 03:56:21.452+00
U-0049,Data,0,0,0,0,0,2026-03-12 14:39:43.079+00
U-0049,hack-10-1,1,2,1,0,0,2026-03-27 04:04:18.452+00
U-0049,hack-9-1,3,3,1,0,1,2026-03-27 04:08:22.452+00
U-0049,open,0,0,0,0,0,2026-03-25 14:20:26.822+00
U-0049,hack-14,1,1,0,0,0,2026-03-15 10:17:14.461+00
U-0049,/team/T-011/manage,0,0,0,0,0,2026-03-12 08:34:17.588+00
U-0049,fallback-team_request_review,0,0,0,0,0,2026-03-09 01:18:53.783+00
U-0049,T-019,0,2,0,0,0,2026-03-19 10:47:06.865+00
U-0049,/submit/hack-9-1,0,0,0,0,0,2026-03-26 07:59:52.45+00
U-0049,INV-658698,0,0,0,0,0,2026-03-19 14:20:14.135+00
U-0049,T-003,0,1,0,0,0,2026-03-25 02:23:07.779+00
U-0049,hack-2-2,0,1,0,0,0,2026-03-19 13:15:51.361+00
U-0049,chatbot_room,0,0,0,0,0,2026-03-26 12:57:32.036+00
U-0049,ended,0,0,0,0,0,2026-03-24 14:09:16.116+00
U-0049,/camp,0,0,0,0,0,2026-03-27 07:37:43.655+00
U-0049,INV-262570,0,0,0,0,0,2026-03-16 01:16:57.864+00
U-0049,INV-930683,0,0,0,0,0,2026-03-16 17:48:10.692+00
U-0049,T-030,0,1,0,0,0,2026-03-27 08:05:19.655+00
U-0049,T-008,0,0,0,1,0,2026-03-15 11:08:49.826+00
U-0049,INV-144057,0,0,0,0,0,2026-03-15 11:08:02.826+00
U-0049,hack-3-1,1,1,0,0,0,2026-03-15 10:21:25.461+00
U-0049,T-015,0,2,0,0,0,2026-03-25 02:40:26.779+00
U-0049,hack-3,0,0,0,0,1,2026-03-26 03:03:47.736+00
U-0049,/team/T-005/manage,0,0,0,0,0,2026-03-12 08:00:31.239+00
U-0049,fallback-hackathon_interest_toggle,0,0,0,0,0,2026-03-25 10:14:25.749+00
U-0049,hack-11,1,2,0,0,0,2026-03-24 14:13:01.116+00
U-0049,/matcher,0,0,0,0,0,2026-03-25 13:45:17.527+00
U-0049,AI,0,0,0,0,0,2026-03-26 21:39:13.097+00
U-0049,Cloud,0,0,0,0,0,2026-03-27 03:53:08.452+00
U-0049,/team/T-020/manage,0,0,0,0,0,2026-03-06 14:08:52.74+00
U-0049,T-017,0,1,0,0,0,2026-03-24 12:37:09.045+00
U-0049,INV-340960,0,0,0,0,0,2026-03-16 23:16:59.717+00
U-0049,notification_panel,0,0,0,0,0,2026-03-19 09:43:29.513+00
U-0049,T-009,0,1,0,0,0,2026-03-23 23:53:22.869+00
U-0049,T-013,0,2,0,0,0,2026-03-19 10:56:19.865+00
U-0049,team,0,0,0,0,0,2026-03-25 13:47:04.527+00
U-0049,true,0,0,0,0,0,2026-03-24 14:50:08.727+00
U-0049,/team/T-017/manage,0,0,0,0,0,2026-03-22 06:46:22.344+00
U-0049,hack-5-1,1,1,0,0,0,2026-03-07 13:44:20.274+00
U-0049,T-012,0,0,0,1,0,2026-03-16 17:49:51.692+00
U-0049,T-004,0,1,0,0,0,2026-03-27 14:12:31.368+00
U-0049,INV-278719,0,0,0,0,0,2026-03-23 23:51:46.869+00
U-0049,T-007,0,1,0,1,0,2026-03-25 02:27:54.779+00
U-0049,Blockchain,0,0,0,0,0,2026-03-10 11:14:18.596+00
U-0049,closed,0,0,0,0,0,2026-03-18 14:02:49.324+00
U-0049,ongoing,0,0,0,0,0,2026-03-07 13:39:37.274+00
U-0049,hack-15,0,0,0,0,1,2026-03-12 10:31:29.304+00
U-0049,hack-8-1,2,2,0,0,0,2026-03-25 14:21:38.822+00
U-0049,INV-144075,0,0,0,0,0,2026-03-15 15:41:58.686+00
U-0049,Team-U-0049-682,0,0,0,0,0,2026-03-06 11:40:20.596+00
U-0049,T-006,0,1,0,0,0,2026-03-17 13:52:32.23+00
U-0049,T-002,0,0,0,1,0,2026-03-16 23:17:20.717+00
U-0049,T-026,0,8,0,1,0,2026-03-23 12:50:44.792+00
U-0049,all,0,0,0,0,0,2026-03-26 21:38:20.097+00
U-0049,hackathons_list,0,0,0,0,0,2026-03-26 21:39:39.097+00
U-0049,hack-6,1,1,0,0,0,2026-03-27 07:38:16.655+00
U-0049,hack-9,0,0,0,0,0,2026-03-24 14:51:47.727+00
U-0049,fallback-invite_response,0,0,0,0,0,2026-03-26 12:57:48.036+00
U-0049,fallback-hackathon_view,0,0,0,0,0,2026-03-17 03:32:49.281+00
U-0049,hack-4,3,4,0,0,0,2026-03-24 07:01:53.253+00
U-0049,T-4278,0,0,0,0,0,2026-03-06 11:42:15.596+00
U-0049,/chat,0,0,0,0,0,2026-03-26 12:54:23.036+00
U-0049,T-027,0,5,0,0,0,2026-03-26 03:42:01.736+00
U-0050,/team/T-003/manage,0,0,0,0,0,2026-03-01 04:27:08.675+00
U-0050,/team/T-029/manage,0,0,0,0,0,2026-03-16 21:50:32.09+00
U-0050,T-030,0,1,0,0,0,2026-03-26 07:12:01.31+00
U-0050,hack-6-2,5,5,1,0,1,2026-03-27 12:18:27.132+00
U-0050,/submit/hack-4-2,0,0,0,0,0,2026-03-10 13:24:24.381+00
U-0050,chatbot_room,0,0,0,0,0,2026-03-27 11:55:12.543+00
U-0050,Web,0,0,0,0,0,2026-03-15 11:28:29.883+00
U-0050,T-027,0,1,0,0,0,2026-03-26 06:57:29.31+00
U-0050,true,0,0,0,0,0,2026-03-19 13:48:58.806+00
U-0050,hack-5-2,3,3,0,0,0,2026-03-26 17:22:46.262+00
U-0050,INV-142912,0,0,0,0,0,2026-03-15 05:52:49.691+00
U-0050,/submit/hack-5,0,0,0,0,0,2026-03-03 07:11:44.292+00
U-0050,/team/T-016/manage,0,0,0,0,0,2026-03-23 14:05:01.892+00
U-0050,T-001,0,0,0,0,0,2026-03-24 12:38:03.124+00
U-0050,/submit/hack-10-1,0,0,0,0,0,2026-03-26 04:57:11.462+00
U-0050,T-008,0,1,0,1,0,2026-03-16 22:16:51.055+00
U-0050,hack-10,0,0,0,0,0,2026-03-24 11:44:59.77+00
U-0050,INV-235313,0,0,0,0,0,2026-03-16 13:25:00.712+00
U-0050,T-015,0,1,0,0,0,2026-03-16 22:06:02.055+00
U-0050,hack-2-2,1,2,1,0,0,2026-03-19 05:13:36.115+00
U-0050,INV-251468,0,0,0,0,0,2026-03-15 02:31:15.382+00
U-0050,/matcher,0,0,0,0,0,2026-03-24 12:53:56.291+00
U-0050,team,0,0,0,0,0,2026-03-24 12:35:46.124+00
U-0050,hack-14,0,0,0,0,0,2026-03-17 11:30:14.233+00
U-0050,fallback-team_create,0,0,0,0,0,2026-03-19 03:19:01.765+00
U-0050,T-009,0,3,0,1,0,2026-03-25 21:43:56.843+00
U-0050,hackathons_list,0,0,0,0,0,2026-03-27 10:00:37.209+00
U-0050,/submit/hack-3-1,0,0,0,0,0,2026-03-21 14:07:03.618+00
U-0050,T-026,0,1,0,0,0,2026-03-23 19:49:41.359+00
U-0050,T-010,0,1,0,0,0,2026-03-16 13:13:04.888+00
U-0050,/submit/hack-3-2,0,0,0,0,0,2026-03-19 18:43:52.171+00
U-0050,hack-11,0,1,0,0,0,2026-03-06 14:57:04.114+00
U-0050,hack-3-1,0,0,0,0,0,2026-03-26 06:50:48.31+00
U-0050,closed,0,0,0,0,0,2026-03-25 21:30:37.843+00
U-0050,/submit/hack-5-2,0,0,0,0,0,2026-03-26 09:15:05.361+00
U-0050,hack-4-1,0,0,0,0,0,2026-03-06 13:06:54.849+00
U-0050,hack-8-1,3,4,1,1,0,2026-03-27 05:16:54.763+00
U-0050,T-014,0,1,0,0,0,2026-03-27 12:44:38.132+00
U-0050,T-011,0,2,0,1,0,2026-03-24 03:49:38.258+00
U-0050,hack-3-2,1,2,0,0,1,2026-03-23 05:23:09.433+00
U-0050,user,0,0,0,0,0,2026-03-19 13:47:18.806+00
U-0050,hack-10-1,2,3,0,0,1,2026-03-26 05:00:08.462+00
U-0050,hack-2,2,2,0,1,0,2026-03-23 19:43:43.359+00
U-0050,notification_panel,0,0,0,0,0,2026-03-24 03:49:47.258+00
U-0050,Data,0,0,0,0,0,2026-03-27 09:59:12.209+00
U-0050,/camp,0,0,0,0,0,2026-03-27 12:16:21.132+00
U-0050,/team/T-012/manage,0,0,0,0,0,2026-03-06 05:09:33.754+00
U-0050,T-012,0,0,0,0,0,2026-03-06 05:12:27.754+00
U-0050,ended,0,0,0,0,0,2026-03-27 09:57:45.209+00
U-0050,ongoing,0,0,0,0,0,2026-03-27 05:12:08.763+00
U-0050,/submit/hack-8,0,0,0,0,0,2026-03-23 04:34:45.493+00
U-0050,T-029,0,1,0,0,0,2026-03-26 17:30:37.262+00
U-0050,hack-5,0,1,0,0,1,2026-03-23 21:30:03.181+00
U-0050,hack-4,3,4,0,0,0,2026-03-24 12:56:57.291+00
U-0050,/submit/hack-6-2,0,0,0,0,0,2026-03-20 11:00:44.531+00
U-0050,T-003,0,2,0,0,0,2026-03-23 14:59:59.999+00
U-0050,hack-9-1,3,3,0,0,0,2026-03-15 11:34:06.883+00
U-0050,hack-4-2,1,1,1,0,1,2026-03-24 12:57:48.291+00
U-0050,Cloud,0,0,0,0,0,2026-03-27 05:13:37.763+00
U-0050,hack-12,0,0,0,0,0,2026-03-24 12:57:14.291+00
U-0050,T-002,0,1,0,0,0,2026-03-20 20:29:29.128+00
U-0050,T-013,0,2,0,0,0,2026-03-26 06:56:26.31+00
U-0050,false,0,0,0,0,0,2026-03-06 13:07:25.849+00
U-0050,AI,0,0,0,0,0,2026-03-06 14:51:48.114+00
U-0050,/chat,0,0,0,0,0,2026-03-27 11:53:51.543+00
U-0050,fallback-card_click,0,0,0,0,0,2026-03-15 11:39:47.883+00
U-0050,/hackathons,0,0,0,0,0,2026-03-27 09:56:40.209+00
U-0050,T-017,0,0,0,0,0,2026-03-17 09:21:08.022+00
U-0050,T-028,0,4,0,0,0,2026-03-20 11:19:08.108+00
U-0050,hack-6,1,1,0,0,0,2026-03-06 14:59:30.114+00
U-0050,/submit/hack-10,0,0,0,0,0,2026-03-24 11:44:42.77+00
U-0050,hack-7-1,1,2,0,0,0,2026-03-20 02:46:07.462+00
U-0050,hack-3,4,5,1,1,0,2026-03-27 10:05:19.209+00
U-0050,all,0,0,0,0,0,2026-03-23 14:38:54.842+00
U-0050,T-006,0,0,0,1,0,2026-03-16 13:25:30.712+00
U-0050,/profile/notifications,0,0,0,0,0,2026-03-24 03:47:53.258+00
U-0050,T-019,0,1,0,0,0,2026-03-20 20:22:35.128+00
U-0050,hack-7,0,0,0,0,0,2026-03-06 13:07:55.849+00
U-0050,T-016,0,0,0,0,0,2026-03-27 12:47:18.132+00
U-0050,hack-15,0,0,0,0,0,2026-03-09 08:54:40.324+00
U-0051,T-002,0,1,0,0,0,2026-03-22 14:59:59.999+00
U-0051,T-8085,0,0,0,0,0,2026-03-02 14:49:58.891+00
U-0051,/submit/hack-9-1,0,0,0,0,0,2026-03-23 17:09:12.48+00
U-0051,T-007,0,1,0,0,0,2026-03-13 08:27:57.804+00
U-0051,hack-8-1,4,4,0,0,0,2026-03-27 02:11:42.565+00
U-0051,T-003,0,1,0,1,0,2026-03-22 14:10:22.727+00
U-0051,hack-6-2,1,2,1,1,0,2026-03-26 13:36:04.577+00
U-0051,T-014,0,2,0,0,0,2026-03-22 14:59:59.999+00
U-0051,/team/T-001/manage,0,0,0,0,0,2026-03-17 07:50:51.553+00
U-0051,ended,0,0,0,0,0,2026-03-27 14:39:28.765+00
U-0051,/hackathons,0,0,0,0,0,2026-03-27 14:38:10.765+00
U-0051,AI,0,0,0,0,0,2026-03-24 05:58:09.51+00
U-0051,T-6651,0,0,0,0,0,2026-03-12 09:56:49.618+00
U-0051,/matcher,0,0,0,0,0,2026-03-26 13:06:18.567+00
U-0051,hack-5,1,1,1,0,0,2026-03-26 12:25:34.401+00
U-0051,hack-4-2,0,0,0,0,0,2026-03-16 02:45:18.299+00
U-0051,ongoing,0,0,0,0,0,2026-03-27 02:05:38.565+00
U-0051,T-027,0,3,0,0,0,2026-03-27 12:29:30.88+00
U-0051,/team/T-017/manage,0,0,0,0,0,2026-03-07 09:01:32.179+00
U-0051,/submit/hack-3,0,0,0,0,0,2026-03-22 10:21:40.655+00
U-0051,hack-10-1,2,5,0,0,1,2026-03-26 20:27:22.687+00
U-0051,hack-6,1,1,1,1,0,2026-03-24 11:35:28.29+00
U-0051,/camp,0,0,0,0,0,2026-03-28 06:13:41.626+00
U-0051,INV-884518,0,0,0,0,0,2026-03-16 04:05:45.26+00
U-0051,/submit/hack-10-1,0,0,0,0,0,2026-03-07 14:59:43.205+00
U-0051,all,0,0,0,0,0,2026-03-26 20:21:32.687+00
U-0051,T-029,0,3,0,0,0,2026-03-26 12:36:39.401+00
U-0051,Web,0,0,0,0,0,2026-03-22 00:37:50.571+00
U-0051,closed,0,0,0,0,0,2026-03-13 08:00:16.444+00
U-0051,hack-7,1,1,0,0,0,2026-03-05 11:54:20.067+00
U-0051,hack-4-1,0,0,0,0,0,2026-03-26 06:23:32+00
U-0051,Team-U-0051-124,0,0,0,0,0,2026-03-24 11:49:42.29+00
U-0051,T-028,0,1,0,0,0,2026-03-22 14:59:59.999+00
U-0051,T-016,0,2,0,1,0,2026-03-27 01:11:19.641+00
U-0051,Data,0,0,0,0,0,2026-03-22 04:05:59.765+00
U-0051,Cloud,0,0,0,0,0,2026-03-26 20:21:40.687+00
U-0051,false,0,0,0,0,0,2026-03-12 09:36:09.016+00
U-0051,hack-5-2,0,1,0,0,0,2026-03-22 04:20:13.765+00
U-0051,/submit/hack-2,0,0,0,0,0,2026-03-12 13:11:56.672+00
U-0051,/chat,0,0,0,0,0,2026-03-28 09:56:48.441+00
U-0051,T-013,0,2,0,0,0,2026-03-26 06:28:37+00
U-0051,T-012,0,1,0,1,0,2026-03-16 11:59:35.729+00
U-0051,T-015,0,0,0,1,0,2026-03-17 09:25:29.013+00
U-0051,open,0,0,0,0,0,2026-03-27 12:01:32.88+00
U-0051,hack-7-1,2,3,0,0,0,2026-03-27 14:45:08.765+00
U-0051,hack-9-1,3,1,0,1,1,2026-03-27 02:16:11.565+00
U-0051,INV-149132,0,0,0,0,0,2026-03-12 10:14:30.008+00
U-0051,T-020,0,1,0,0,0,2026-03-06 18:59:12.475+00
U-0051,INV-323424,0,0,0,0,0,2026-03-21 13:24:31.476+00
U-0051,T-017,0,0,0,0,0,2026-03-07 09:04:01.179+00
U-0051,hack-2,2,5,1,1,0,2026-03-28 06:14:36.626+00
U-0051,hack-4,3,2,0,1,0,2026-03-17 10:40:35.042+00
U-0051,hack-2-2,2,3,0,1,0,2026-03-24 09:43:19.753+00
U-0051,hack-15,1,1,0,0,0,2026-03-17 10:45:00.042+00
U-0051,T-030,0,3,0,0,0,2026-03-24 11:49:05.29+00
U-0051,hack-3,0,0,0,0,1,2026-03-27 12:03:18.88+00
U-0051,hack-3-2,0,0,0,0,0,2026-03-22 14:59:59.999+00
U-0051,/profile/notifications,0,0,0,0,0,2026-03-26 13:53:20.338+00
U-0051,team,0,0,0,0,0,2026-03-26 13:06:44.567+00
U-0051,chatbot_room,0,0,0,0,0,2026-03-28 10:01:57.441+00
U-0051,/team/T-016/manage,0,0,0,0,0,2026-03-27 01:06:59.641+00
U-0051,T-011,0,3,0,0,0,2026-03-26 13:10:40.567+00
U-0051,T-019,0,3,0,0,0,2026-03-16 03:04:09.299+00
U-0051,T-026,0,4,0,0,0,2026-03-28 06:33:13.626+00
U-0051,T-001,0,0,0,0,0,2026-03-26 06:33:38+00
U-0051,hackathons_list,0,0,0,0,0,2026-03-27 14:41:14.765+00
U-0051,hack-13,0,1,0,0,0,2026-03-26 20:31:11.687+00
U-0051,hack-8,0,1,0,0,0,2026-03-27 02:16:59.565+00
U-0051,INV-270366,0,0,0,0,0,2026-03-17 13:58:01.344+00
U-0051,/team/T-029/manage,0,0,0,0,0,2026-03-05 05:41:15.006+00
U-0051,Team-U-0051-930,0,0,0,0,0,2026-03-02 14:49:45.891+00
U-0052,hack-15,0,0,0,0,0,2026-03-28 11:11:56.499+00
U-0052,hack-6-2,0,1,0,0,0,2026-03-20 01:09:43.546+00
U-0052,T-014,0,0,0,0,0,2026-03-24 14:13:28.829+00
U-0052,hack-6,0,0,0,1,0,2026-03-28 23:12:07.782+00
U-0052,T-028,0,2,0,0,0,2026-03-22 17:35:43.454+00
U-0052,hack-5,1,1,1,0,0,2026-03-26 14:15:31.297+00
U-0052,T-020,0,1,0,0,0,2026-03-18 02:31:49.397+00
U-0052,/team/T-012/manage,0,0,0,0,0,2026-03-28 11:43:53.29+00
U-0052,T-009,0,0,0,0,0,2026-03-16 11:18:54.101+00
U-0052,T-018,0,0,0,0,0,2026-03-23 04:56:31.385+00
U-0052,fallback-team_filter,0,0,0,0,0,2026-03-26 14:35:22.678+00
U-0052,/team/T-017/manage,0,0,0,0,0,2026-03-14 02:09:35.028+00
U-0052,T-010,0,2,0,1,0,2026-03-28 08:47:27.649+00
U-0052,/team/T-027/manage,0,0,0,0,0,2026-03-15 22:52:49.491+00
U-0052,T-015,0,1,0,1,0,2026-03-28 23:14:43.782+00
U-0052,/team/T-003/manage,0,0,0,0,0,2026-03-22 13:39:32.172+00
U-0052,T-007,0,1,0,0,0,2026-03-22 10:24:33.142+00
U-0052,T-013,0,1,0,0,0,2026-03-22 17:25:35.454+00
U-0052,/profile/notifications,0,0,0,0,0,2026-03-28 14:34:55.253+00
U-0052,hack-8,0,0,0,0,0,2026-03-24 02:31:41.51+00
U-0052,true,0,0,0,0,0,2026-03-13 08:06:07.662+00
U-0052,open,0,0,0,0,0,2026-03-24 02:31:20.51+00
U-0052,hackathons_list,0,0,0,0,0,2026-03-28 07:58:40.167+00
U-0052,hack-8-1,0,0,0,0,0,2026-03-16 13:03:29.793+00
U-0052,hack-4,3,6,1,0,0,2026-03-28 08:00:55.167+00
U-0052,hack-7,0,0,0,0,0,2026-03-24 13:41:40.705+00
U-0052,/submit/hack-2,0,0,0,0,0,2026-03-20 10:04:34.754+00
U-0052,team,0,0,0,0,0,2026-03-28 23:10:32.782+00
U-0052,hack-11,0,0,0,0,0,2026-03-28 11:10:48.499+00
U-0052,hack-3-2,1,1,0,0,1,2026-03-21 12:51:22.232+00
U-0052,/team/T-030/manage,0,0,0,0,0,2026-03-23 12:47:41.887+00
U-0052,INV-407131,0,0,0,0,0,2026-03-03 07:56:24.425+00
U-0052,ongoing,0,0,0,0,0,2026-03-26 14:04:40.297+00
U-0052,T-011,0,0,0,0,0,2026-03-28 08:57:38.649+00
U-0052,/submit/hack-4-2,0,0,0,0,0,2026-03-22 01:33:09.676+00
U-0052,T-029,0,1,0,0,0,2026-03-27 21:22:24.213+00
U-0052,T-001,0,1,0,0,0,2026-03-18 10:58:03.392+00
U-0052,T-030,0,0,0,0,0,2026-03-23 12:47:50.887+00
U-0052,/team/T-009/manage,0,0,0,0,0,2026-03-16 11:15:10.101+00
U-0052,T-027,0,1,0,0,0,2026-03-22 10:32:34.142+00
U-0052,T-003,0,0,0,0,0,2026-03-22 13:42:51.172+00
U-0052,/submit/hack-3-2,0,0,0,0,0,2026-03-21 12:48:13.232+00
U-0052,hack-4-2,1,2,0,0,0,2026-03-28 08:02:54.167+00
U-0052,INV-486523,0,0,0,0,0,2026-03-21 12:12:07.806+00
U-0052,T-012,0,0,0,0,0,2026-03-28 11:46:33.29+00
U-0052,hack-2-2,1,2,1,0,0,2026-03-26 14:22:23.297+00
U-0052,hack-5-2,2,2,0,0,0,2026-03-24 10:41:27.226+00
U-0052,user,0,0,0,0,0,2026-03-28 11:10:04.499+00
U-0052,hack-3-1,0,0,0,0,0,2026-03-24 13:41:12.705+00
U-0052,/chat,0,0,0,0,0,2026-03-22 06:54:35.124+00
U-0052,false,0,0,0,0,0,2026-03-28 23:13:08.782+00
U-0052,/hackathons,0,0,0,0,0,2026-03-26 14:03:06.297+00
U-0052,INV-234106,0,0,0,0,0,2026-03-28 14:35:53.253+00
U-0052,/matcher,0,0,0,0,0,2026-03-28 11:08:56.499+00
U-0052,hack-7-1,2,3,0,0,0,2026-03-26 14:08:45.297+00
U-0052,all,0,0,0,0,0,2026-03-28 07:56:50.167+00
U-0052,T-017,0,3,0,1,0,2026-03-27 21:18:00.213+00
U-0052,hack-2,1,1,0,0,1,2026-03-28 08:05:02.167+00
U-0052,hack-9-1,1,2,0,0,1,2026-03-26 06:44:48.059+00
U-0052,T-016,0,0,0,0,0,2026-03-24 02:37:36.51+00
U-0052,/submit/hack-5-2,0,0,0,0,0,2026-03-24 10:41:12.226+00
U-0052,T-019,0,1,0,0,0,2026-03-22 10:36:27.142+00
U-0052,Team-U-0052-557,0,0,0,0,0,2026-03-13 10:31:15.239+00
U-0052,fallback-matcher_filter,0,0,0,0,0,2026-03-23 06:47:01.589+00
U-0052,chatbot_room,0,0,0,0,0,2026-03-23 22:45:27.854+00
U-0052,Web,0,0,0,0,0,2026-03-25 22:02:09.668+00
U-0052,T-026,0,1,0,0,0,2026-03-18 11:06:58.392+00
U-0052,/camp,0,0,0,0,0,2026-03-27 21:05:59.213+00
U-0052,fallback-team_detail_close,0,0,0,0,0,2026-03-20 01:12:26.546+00
U-0052,hack-3,1,0,0,0,0,2026-03-26 14:18:02.297+00
U-0053,/hackathons,0,0,0,0,0,2026-03-27 08:40:37.25+00
U-0053,INV-257835,0,0,0,0,0,2026-03-22 12:33:02.269+00
U-0053,T-014,0,1,0,0,0,2026-03-26 09:51:08.339+00
U-0053,T-008,0,0,0,0,0,2026-02-28 09:41:03+00
U-0053,hack-12,1,1,0,0,0,2026-03-26 00:58:23.192+00
U-0053,hack-5,2,3,0,0,0,2026-03-26 17:32:28.41+00
U-0053,ongoing,0,0,0,0,0,2026-02-28 01:24:38.799+00
U-0053,hack-4-1,0,0,0,0,0,2026-03-19 16:30:34.861+00
U-0053,hack-3-2,1,1,0,1,0,2026-03-26 00:58:56.192+00
U-0053,/submit/hack-4-2,0,0,0,0,0,2026-03-27 11:46:23.112+00
U-0053,/team/T-015/manage,0,0,0,0,0,2026-03-19 14:18:36.804+00
U-0053,user,0,0,0,0,0,2026-03-26 00:56:02.192+00
U-0053,T-028,0,3,0,0,0,2026-03-23 21:43:03.031+00
U-0053,T-013,0,0,0,0,0,2026-03-16 14:59:59.999+00
U-0053,hack-10-1,3,4,1,0,0,2026-03-26 17:39:34.41+00
U-0053,/team/T-004/manage,0,0,0,0,0,2026-03-27 10:52:34.282+00
U-0053,T-016,0,1,0,1,0,2026-03-26 10:01:03.339+00
U-0053,T-4650,0,0,0,0,0,2026-03-16 14:59:59.999+00
U-0053,false,0,0,0,0,0,2026-03-19 16:28:42.861+00
U-0053,T-020,0,0,0,0,0,2026-03-19 00:41:55.395+00
U-0053,/camp,0,0,0,0,0,2026-03-23 23:07:43.617+00
U-0053,chatbot_room,0,0,0,0,0,2026-03-26 13:07:07.338+00
U-0053,T-011,0,0,0,0,0,2026-02-27 16:40:05+00
U-0053,hack-3,0,1,0,0,0,2026-03-26 17:23:59.41+00
U-0053,hack-6-2,3,4,0,1,0,2026-03-26 23:09:09.642+00
U-0053,T-026,0,3,0,0,0,2026-03-26 05:41:43.099+00
U-0053,T-015,0,0,0,0,0,2026-03-19 14:22:27.804+00
U-0053,T-002,0,0,0,0,0,2026-03-20 11:36:22.766+00
U-0053,hack-15,1,1,1,0,0,2026-03-26 23:04:38.642+00
U-0053,hackathons_list,0,0,0,0,0,2026-03-26 17:20:52.41+00
U-0053,INV-624311,0,0,0,0,0,2026-03-24 13:56:42.498+00
U-0053,true,0,0,0,0,0,2026-03-23 03:27:21.13+00
U-0053,T-003,0,1,0,0,0,2026-03-27 03:16:20.527+00
U-0053,Team-U-0053-700,0,0,0,0,0,2026-03-23 23:29:10.617+00
U-0053,hack-14,1,1,0,0,0,2026-03-22 04:37:57.855+00
U-0053,hack-2-1,2,1,1,0,0,2026-03-27 08:53:32.25+00
U-0053,/profile/notifications,0,0,0,0,0,2026-03-27 03:14:18.527+00
U-0053,hack-5-1,0,1,0,0,0,2026-03-26 02:18:25.851+00
U-0053,INV-998342,0,0,0,0,0,2026-03-17 20:13:06.468+00
U-0053,T-027,0,1,0,0,0,2026-03-11 02:17:10.881+00
U-0053,T-004,0,0,0,0,0,2026-02-27 17:52:42+00
U-0053,all,0,0,0,0,0,2026-03-26 12:38:21.184+00
U-0053,hack-3-1,0,0,0,0,0,2026-03-26 05:41:14.099+00
U-0053,AI,0,0,0,0,0,2026-03-22 08:15:06.712+00
U-0053,/chat,0,0,0,0,0,2026-03-26 13:03:48.338+00
U-0053,/submit/hack-5-2,0,0,0,0,0,2026-03-18 10:12:39.082+00
U-0053,/team/T-014/manage,0,0,0,0,0,2026-03-19 13:23:15.363+00
U-0053,INV-799834,0,0,0,0,0,2026-03-23 12:49:41.184+00
U-0053,hack-9,1,1,0,0,0,2026-03-22 04:34:19.855+00
U-0053,hack-2,3,3,0,1,0,2026-03-27 08:50:48.25+00
U-0053,/team/T-001/manage,0,0,0,0,0,2026-03-22 23:19:06.755+00
U-0053,hack-4,0,1,0,0,0,2026-03-18 13:07:44.853+00
U-0053,hack-5-2,2,2,0,0,1,2026-03-23 03:26:53.13+00
U-0053,T-007,0,0,0,0,0,2026-02-28 08:55:23+00
U-0053,hack-2-2,6,6,1,0,0,2026-03-20 11:47:31.237+00
U-0053,T-6814,0,0,0,0,0,2026-03-23 23:30:07.617+00
U-0053,Cloud,0,0,0,0,0,2026-03-26 02:15:26.851+00
U-0053,hack-10,0,0,0,0,0,2026-03-14 14:07:13.729+00
U-0053,T-005,0,1,0,0,0,2026-03-12 12:17:59.136+00
U-0053,hack-7-1,0,2,0,0,0,2026-03-26 17:26:52.41+00
U-0053,team,0,0,0,0,0,2026-03-19 00:39:16.395+00
U-0053,T-6452,0,0,0,0,0,2026-03-11 14:03:11.127+00
U-0053,fallback-hackathon_view,0,0,0,0,0,2026-03-19 09:25:04.809+00
U-0053,hack-13,0,0,0,0,0,2026-03-11 02:08:55.881+00
U-0053,Team-U-0053-128,0,0,0,0,0,2026-03-11 14:02:45.127+00
U-0053,/submit/hack-2-2,0,0,0,0,0,2026-03-19 09:24:58.809+00
U-0053,T-030,0,2,0,0,0,2026-03-18 12:27:47.283+00
U-0053,T-029,0,0,0,0,0,2026-02-27 23:17:22+00
U-0053,hack-8,0,0,0,0,0,2026-03-18 14:28:23.163+00
U-0053,hack-8-1,2,4,0,0,0,2026-03-27 08:46:54.25+00
U-0053,ended,0,0,0,0,0,2026-03-26 22:58:28.642+00
U-0053,Web,0,0,0,0,0,2026-03-20 10:01:07.515+00
U-0053,T-017,0,2,0,0,0,2026-03-16 14:59:59.999+00
U-0053,INV-805496,0,0,0,0,0,2026-03-24 12:57:05.518+00
U-0053,T-019,0,1,0,0,0,2026-03-19 00:41:43.395+00
U-0053,T-001,0,2,0,0,0,2026-03-23 23:24:14.617+00
U-0053,Team-U-0053-449,0,0,0,0,0,2026-03-16 14:59:59.999+00
U-0053,T-018,0,1,0,0,0,2026-03-18 14:33:46.163+00
U-0053,/submit/hack-6,0,0,0,0,0,2026-03-22 11:54:11.626+00
U-0053,hack-6,1,3,0,0,1,2026-03-26 23:10:18.642+00
U-0053,T-009,0,1,0,0,0,2026-03-27 13:43:07.317+00
U-0053,closed,0,0,0,0,0,2026-03-11 02:07:56.881+00
U-0053,/matcher,0,0,0,0,0,2026-03-26 05:39:34.099+00
U-0053,hack-9-1,1,1,1,0,0,2026-03-11 10:53:50.023+00
U-0053,Blockchain,0,0,0,0,0,2026-03-27 08:42:08.25+00
U-0053,T-010,0,1,0,0,0,2026-03-26 10:05:47.339+00
U-0053,INV-855020,0,0,0,0,0,2026-03-20 03:16:15.042+00
U-0053,/team/T-002/manage,0,0,0,0,0,2026-03-20 11:35:33.766+00
U-0054,/submit/hack-3,0,0,0,0,0,2026-03-27 14:35:32.478+00
U-0054,chatbot_room,0,0,0,0,0,2026-03-28 12:04:20.499+00
U-0054,/team/T-019/manage,0,0,0,0,0,2026-03-04 13:23:38.468+00
U-0054,hack-3,1,1,0,0,1,2026-03-27 14:39:18.478+00
U-0054,hack-8-1,0,1,0,0,0,2026-03-23 13:05:32.159+00
U-0054,hack-2,1,1,0,0,0,2026-03-24 10:11:30.887+00
U-0054,T-7572,0,0,0,0,0,2026-03-05 06:50:27.667+00
U-0054,Team-U-0054-474,0,0,0,0,0,2026-03-05 06:50:20.667+00
U-0054,hack-2-2,1,1,0,0,0,2026-03-26 14:59:59.999+00
U-0054,hack-10-1,1,3,1,0,0,2026-03-24 14:55:19.687+00
U-0054,/camp,0,0,0,0,0,2026-03-26 09:02:17.229+00
U-0054,Team-U-0054-610,0,0,0,0,0,2026-03-06 23:02:07.618+00
U-0054,ongoing,0,0,0,0,0,2026-03-27 12:11:03.566+00
U-0054,T-019,0,1,0,0,0,2026-03-05 06:41:46.667+00
U-0054,ended,0,0,0,0,0,2026-03-07 14:48:03.542+00
U-0054,T-029,0,1,0,0,0,2026-03-24 12:30:40.875+00
U-0054,INV-274343,0,0,0,0,0,2026-03-27 22:16:07.746+00
U-0054,hack-4,1,1,0,0,1,2026-03-26 09:05:27.229+00
U-0054,hack-4-2,0,0,0,0,0,2026-03-06 17:54:21.865+00
U-0054,T-007,0,2,0,0,0,2026-03-17 12:13:29.676+00
U-0054,T-027,0,1,0,0,0,2026-03-27 11:38:44.851+00
U-0054,/matcher,0,0,0,0,0,2026-03-23 13:03:28.159+00
U-0054,T-001,0,1,0,0,0,2026-03-06 18:08:08.865+00
U-0054,T-017,0,1,0,1,0,2026-03-09 00:20:37.129+00
U-0054,/team/T-017/manage,0,0,0,0,0,2026-03-09 00:17:23.129+00
U-0054,hack-14,0,0,0,0,0,2026-03-11 02:12:24.183+00
U-0054,Blockchain,0,0,0,0,0,2026-03-11 14:23:05.811+00
U-0054,hack-7-1,1,4,0,1,0,2026-03-24 14:48:56.687+00
U-0054,INV-604126,0,0,0,0,0,2026-03-08 17:52:32.646+00
U-0054,hack-6,1,2,1,0,0,2026-03-24 10:21:53.887+00
U-0054,INV-323370,0,0,0,0,0,2026-03-09 10:40:38.015+00
U-0054,/submit/hack-3-2,0,0,0,0,0,2026-03-11 08:11:41.164+00
U-0054,/profile/notifications,0,0,0,0,0,2026-03-27 11:38:17.851+00
U-0054,team,0,0,0,0,0,2026-03-23 13:03:40.159+00
U-0054,hack-6-2,2,3,1,0,0,2026-03-19 08:34:08.091+00
U-0054,/hackathons,0,0,0,0,0,2026-03-27 12:09:36.566+00
U-0054,T-004,0,0,0,0,0,2026-03-17 12:20:01.676+00
U-0054,hackathons_list,0,0,0,0,0,2026-03-27 12:11:11.566+00
U-0054,T-028,0,3,0,0,0,2026-03-26 09:31:06.229+00
U-0054,T-014,0,0,0,1,0,2026-03-08 17:56:31.646+00
U-0054,hack-3-1,0,1,0,0,0,2026-03-18 23:56:24.819+00
U-0054,user,0,0,0,0,0,2026-03-23 10:04:41.728+00
U-0054,/team/T-013/manage,0,0,0,0,0,2026-03-28 06:42:59.241+00
U-0054,notification_panel,0,0,0,0,0,2026-03-08 17:56:39.646+00
U-0054,INV-171868,0,0,0,0,0,2026-03-13 13:24:15.86+00
U-0054,T-006,0,1,0,0,0,2026-03-04 13:18:52.84+00
U-0054,T-026,0,1,0,0,0,2026-03-05 01:44:41.631+00
U-0054,T-7426,0,0,0,0,0,2026-03-06 23:02:36.618+00
U-0054,T-018,0,0,0,1,0,2026-03-23 09:41:29.143+00
U-0054,hack-5-2,0,0,0,0,1,2026-03-17 12:07:02.676+00
U-0054,hack-15,0,0,0,0,0,2026-03-05 06:24:32.667+00
U-0054,T-013,0,2,0,0,0,2026-03-23 13:05:57.159+00
U-0054,T-010,0,0,0,1,0,2026-03-13 13:25:16.86+00
U-0054,hack-6-1,0,1,0,0,0,2026-03-11 14:25:09.811+00
U-0054,/team/T-011/manage,0,0,0,0,0,2026-03-04 06:18:31.608+00
U-0054,all,0,0,0,0,0,2026-03-26 14:54:23.504+00
U-0054,true,0,0,0,0,0,2026-03-23 10:05:11.728+00
U-0054,T-009,0,1,0,0,0,2026-03-05 06:49:16.667+00
U-0054,hack-7,1,0,0,0,0,2026-03-24 06:51:38.26+00
U-0054,INV-553231,0,0,0,0,0,2026-03-09 13:05:57.212+00
U-0054,/submit/hack-8-1,0,0,0,0,0,2026-03-17 06:43:50.892+00
U-0054,hack-5,1,0,0,0,0,2026-03-24 12:20:39.875+00
U-0054,T-002,0,0,0,0,0,2026-03-23 09:36:41.409+00
U-0054,/submit/hack-4,0,0,0,0,0,2026-03-23 10:28:16.052+00
U-0054,closed,0,0,0,0,0,2026-03-24 12:19:29.875+00
U-0054,hack-9,0,0,0,0,0,2026-03-05 01:37:40.631+00
U-0054,T-005,0,1,0,1,0,2026-03-08 13:05:05.644+00
U-0054,T-030,0,4,0,1,0,2026-03-23 04:16:35.157+00
U-0054,hack-3-2,4,4,1,1,0,2026-03-23 23:41:59.045+00
U-0054,hack-10,0,0,0,0,0,2026-03-05 11:48:46.3+00
U-0054,INV-318668,0,0,0,0,0,2026-03-08 13:03:22.644+00
U-0054,T-008,0,1,0,0,0,2026-03-06 18:13:20.865+00
U-0054,hack-9-1,1,2,1,0,0,2026-03-27 12:12:45.566+00
U-0054,T-011,0,1,0,0,0,2026-03-04 13:30:00.84+00
U-0054,/chat,0,0,0,0,0,2026-03-28 12:03:13.499+00
U-0055,T-019,0,0,0,0,0,2026-02-28 12:31:58.44+00
U-0055,fallback-chatbot_response,0,0,0,0,0,2026-02-28 07:43:12.145+00
U-0055,T-017,0,0,0,0,0,2026-02-28 00:42:56+00
U-0055,T-008,0,1,0,0,0,2026-03-27 04:16:38.137+00
U-0055,T-029,0,0,0,0,0,2026-03-26 06:42:46.656+00
U-0055,hack-4,1,2,0,0,0,2026-03-10 13:14:29.129+00
U-0055,hack-8,0,0,0,0,0,2026-03-19 13:08:52.758+00
U-0055,/submit/hack-9-1,0,0,0,0,0,2026-03-10 13:20:43.897+00
U-0055,T-003,0,0,0,0,0,2026-02-28 05:18:02+00
U-0055,T-007,0,1,0,1,0,2026-03-26 12:23:03.007+00
U-0055,hack-2,1,2,0,0,0,2026-03-28 13:28:13.573+00
U-0055,T-005,0,0,0,0,0,2026-03-24 14:12:47.418+00
U-0055,hack-5-2,1,0,1,1,0,2026-03-26 11:24:15.859+00
U-0055,INV-452022,0,0,0,0,0,2026-03-24 10:12:09.489+00
U-0055,T-030,0,2,0,0,0,2026-03-27 18:31:35.893+00
U-0055,hack-8-1,1,1,0,1,0,2026-03-19 09:45:53.378+00
U-0055,T-016,0,2,0,0,0,2026-03-26 09:29:47.618+00
U-0055,T-028,0,4,0,0,0,2026-03-26 06:44:14.656+00
U-0055,/profile/notifications,0,0,0,0,0,2026-03-26 12:19:29.007+00
U-0055,hack-4-2,0,1,0,0,0,2026-02-28 03:14:48.398+00
U-0055,T-002,0,0,0,0,0,2026-03-16 11:52:36.667+00
U-0055,/team/T-016/manage,0,0,0,0,0,2026-03-16 12:45:49.114+00
U-0055,/chat,0,0,0,0,0,2026-03-28 12:14:45.065+00
U-0055,Team-U-0055-568,0,0,0,0,0,2026-03-27 13:35:31.839+00
U-0055,hack-14,0,0,0,0,0,2026-03-26 06:41:54.656+00
U-0055,T-020,0,2,0,0,0,2026-03-26 09:22:33.618+00
U-0055,T-026,0,3,0,0,0,2026-03-28 10:46:02.047+00
U-0055,T-013,0,2,0,0,0,2026-03-27 13:52:51.763+00
U-0055,T-011,0,0,0,0,0,2026-02-28 13:11:51+00
U-0055,fallback-team_join,0,0,0,0,0,2026-03-28 02:55:03.275+00
U-0055,hack-9-1,0,3,0,0,0,2026-03-27 13:49:27.763+00
U-0055,hack-10-1,1,3,0,0,0,2026-03-19 13:31:50.037+00
U-0055,Data,0,0,0,0,0,2026-03-15 22:28:55.085+00
U-0055,hackathons_list,0,0,0,0,0,2026-03-27 10:47:53.113+00
U-0055,T-8502,0,0,0,0,0,2026-03-26 09:35:09.618+00
U-0055,T-027,0,3,0,0,0,2026-03-27 15:36:08.644+00
U-0055,T-004,0,2,0,0,0,2026-03-26 09:33:26.618+00
U-0055,/team/T-015/manage,0,0,0,0,0,2026-03-15 10:22:19.419+00
U-0055,fallback-team_recruit_toggle,0,0,0,0,0,2026-03-27 04:17:02.137+00
U-0055,INV-264845,0,0,0,0,0,2026-03-26 07:31:58.093+00
U-0055,notification_panel,0,0,0,0,0,2026-03-26 12:23:10.007+00
U-0055,hack-3-1,1,1,1,0,0,2026-03-28 13:33:47.573+00
U-0055,/submit/hack-5-2,0,0,0,0,0,2026-03-10 13:25:20.844+00
U-0055,INV-624654,0,0,0,0,0,2026-03-26 12:21:05.007+00
U-0055,hack-11,0,0,0,0,0,2026-03-26 09:09:03.618+00
U-0055,/submit/hack-2-2,0,0,0,0,0,2026-03-28 02:54:07.275+00
U-0055,hack-6-2,2,3,0,0,0,2026-03-15 22:35:04.085+00
U-0055,T-001,0,0,0,0,0,2026-02-27 17:52:27+00
U-0055,ended,0,0,0,0,0,2026-03-24 13:03:20.328+00
U-0055,T-015,0,1,0,0,0,2026-03-15 10:28:29.419+00
U-0055,/team/T-026/manage,0,0,0,0,0,2026-03-28 10:42:37.047+00
U-0055,true,0,0,0,0,0,2026-03-26 02:03:36.286+00
U-0055,/team/T-019/manage,0,0,0,0,0,2026-02-28 12:25:23.44+00
U-0055,fallback-team_create_attempt,0,0,0,0,0,2026-03-14 22:09:07.806+00
U-0055,hack-6,3,5,1,0,0,2026-03-27 13:15:26.839+00
U-0055,/camp,0,0,0,0,0,2026-03-27 13:13:15.839+00
U-0055,hack-7-1,3,3,0,0,0,2026-03-15 04:04:38.381+00
U-0055,hack-4-1,1,1,1,0,0,2026-03-04 19:37:54.188+00
U-0055,hack-15,1,1,0,0,0,2026-03-16 02:42:42.626+00
U-0055,hack-6-1,0,0,0,0,0,2026-03-13 02:39:18.628+00
U-0055,T-018,0,0,0,0,0,2026-02-28 00:04:04+00
U-0055,T-014,0,0,0,0,0,2026-03-27 15:34:45.644+00
U-0055,hack-5,3,4,1,0,0,2026-03-26 02:02:26.286+00
U-0055,/submit/hack-3-2,0,0,0,0,0,2026-03-13 09:06:12.569+00
U-0055,fallback-recommendation_impression,0,0,0,0,0,2026-03-15 18:53:54.07+00
U-0055,chatbot_room,0,0,0,0,0,2026-03-28 12:15:46.065+00
U-0055,AI,0,0,0,0,0,2026-03-27 10:46:14.113+00
U-0055,Cloud,0,0,0,0,0,2026-02-28 03:09:39.398+00
U-0055,/hackathons,0,0,0,0,0,2026-03-28 13:19:55.573+00
U-0055,hack-3-2,2,1,1,0,1,2026-03-27 09:54:21.386+00
U-0055,fallback-team_request_result,0,0,0,0,0,2026-03-19 13:32:18.037+00
U-0055,user,0,0,0,0,0,2026-03-27 07:31:00.258+00
U-0055,Team-U-0055-868,0,0,0,0,0,2026-03-04 12:01:04.331+00
U-0055,Web,0,0,0,0,0,2026-03-26 11:16:16.859+00
U-0055,T-006,0,0,0,0,0,2026-03-24 02:16:36.069+00
U-0055,/team/T-030/manage,0,0,0,0,0,2026-03-27 18:26:37.893+00
U-0055,team,0,0,0,0,0,2026-03-27 15:33:30.644+00
U-0055,all,0,0,0,0,0,2026-03-27 09:46:20.386+00
U-0055,closed,0,0,0,0,0,2026-03-13 01:44:28.71+00
U-0055,hack-3,3,3,1,0,0,2026-03-28 13:24:09.573+00
U-0055,hack-2-2,2,4,1,1,1,2026-03-28 13:35:21.573+00
U-0055,Team-U-0055-239,0,0,0,0,0,2026-03-26 09:34:03.618+00
U-0055,ongoing,0,0,0,0,0,2026-03-15 03:56:33.381+00
U-0055,hack-2-1,1,0,0,0,0,2026-03-19 09:40:20.378+00
U-0055,/matcher,0,0,0,0,0,2026-03-27 15:33:21.644+00
U-0056,hack-2,0,0,0,0,1,2026-03-23 10:56:14.251+00
U-0056,INV-988083,0,0,0,0,0,2026-03-26 13:02:37.401+00
U-0056,/submit/hack-9-1,0,0,0,0,0,2026-03-21 14:44:46.425+00
U-0056,T-010,0,0,0,1,0,2026-03-21 02:23:26.191+00
U-0056,hackathons_list,0,0,0,0,0,2026-03-28 13:24:13.68+00
U-0056,/team/T-030/manage,0,0,0,0,0,2026-03-28 10:47:19.187+00
U-0056,/submit/hack-3-1,0,0,0,0,0,2026-03-12 17:13:04.049+00
U-0056,/team/T-010/manage,0,0,0,0,0,2026-03-21 02:19:56.191+00
U-0056,/submit/hack-2-2,0,0,0,0,0,2026-03-28 03:23:24.624+00
U-0056,fallback-hackathon_interest_toggle,0,0,0,0,0,2026-03-20 23:05:55.725+00
U-0056,hack-4,1,1,0,0,0,2026-03-25 09:18:45.442+00
U-0056,hack-8-1,0,1,0,0,0,2026-03-25 09:25:56.442+00
U-0056,/submit/hack-2,0,0,0,0,0,2026-03-21 07:58:10.877+00
U-0056,fallback-team_recruit_toggle,0,0,0,0,0,2026-03-21 14:47:40.425+00
U-0056,T-020,0,0,0,0,0,2026-03-28 18:16:16.896+00
U-0056,Team-U-0056-854,0,0,0,0,0,2026-03-22 19:11:46.167+00
U-0056,ended,0,0,0,0,0,2026-03-19 04:59:31.201+00
U-0056,T-007,0,0,0,0,0,2026-03-03 09:05:32.026+00
U-0056,/team/T-004/manage,0,0,0,0,0,2026-03-25 20:09:45.739+00
U-0056,INV-247205,0,0,0,0,0,2026-03-28 13:44:41.497+00
U-0056,/team/T-007/manage,0,0,0,0,0,2026-03-03 09:02:43.026+00
U-0056,T-028,0,1,0,0,0,2026-03-19 05:09:08.433+00
U-0056,hack-13,0,0,0,0,0,2026-03-19 13:22:33.285+00
U-0056,hack-6-2,1,1,0,0,0,2026-03-28 13:26:08.68+00
U-0056,fallback-matcher_filter,0,0,0,0,0,2026-03-28 03:26:06.624+00
U-0056,hack-5,0,0,0,0,0,2026-03-22 18:57:58.167+00
U-0056,all,0,0,0,0,0,2026-03-25 09:13:03.442+00
U-0056,T-001,0,0,0,0,0,2026-03-22 16:43:04.334+00
U-0056,fallback-team_create_attempt,0,0,0,0,0,2026-03-28 13:46:19.497+00
U-0056,hack-7-1,1,1,0,0,0,2026-03-26 13:37:59.729+00
U-0056,T-006,0,1,0,1,0,2026-03-26 13:04:14.401+00
U-0056,/profile/notifications,0,0,0,0,0,2026-03-28 13:43:58.497+00
U-0056,T-016,0,1,0,0,0,2026-03-25 00:02:20.396+00
U-0056,T-002,0,1,0,0,0,2026-03-23 10:04:16.531+00
U-0056,open,0,0,0,0,0,2026-03-05 13:15:48.467+00
U-0056,true,0,0,0,0,0,2026-03-28 18:15:07.896+00
U-0056,hack-5-2,0,0,0,0,0,2026-03-06 13:36:33.48+00
U-0056,T-026,0,1,0,0,0,2026-03-23 11:05:54.251+00
U-0056,/matcher,0,0,0,0,0,2026-03-28 08:16:22.035+00
U-0056,T-4513,0,0,0,0,0,2026-03-22 19:12:32.167+00
U-0056,/chat,0,0,0,0,0,2026-03-26 13:16:51.701+00
U-0056,T-029,0,7,0,1,0,2026-03-28 13:45:58.497+00
U-0056,hack-6,0,0,0,0,0,2026-03-28 18:14:42.896+00
U-0056,hack-6-1,0,1,0,0,0,2026-03-28 13:32:44.68+00
U-0056,/camp,0,0,0,0,0,2026-03-28 03:34:58.677+00
U-0056,/team/T-017/manage,0,0,0,0,0,2026-03-25 09:51:04.543+00
U-0056,T-030,0,8,0,0,0,2026-03-28 10:47:26.187+00
U-0056,hack-2-2,1,1,0,0,1,2026-03-28 03:25:51.624+00
U-0056,hack-4-2,0,0,0,0,0,2026-03-28 03:36:00.677+00
U-0056,user,0,0,0,0,0,2026-03-26 01:02:44.71+00
U-0056,hack-3-1,0,0,0,0,1,2026-03-12 17:15:01.049+00
U-0056,hack-9-1,0,1,0,0,1,2026-03-21 14:47:33.425+00
U-0056,/submit/hack-3,0,0,0,0,0,2026-03-23 05:12:08.141+00
U-0056,T-018,0,1,0,0,0,2026-03-28 03:58:12.677+00
U-0056,T-011,0,1,0,0,0,2026-03-22 16:43:46.334+00
U-0056,T-003,0,2,0,0,0,2026-03-05 00:32:57.45+00
U-0056,chatbot_room,0,0,0,0,0,2026-03-28 03:39:53.543+00
U-0056,closed,0,0,0,0,0,2026-03-28 03:37:11.677+00
U-0056,hack-3-2,1,2,0,0,0,2026-03-20 23:04:06.725+00
U-0056,T-004,0,0,0,0,0,2026-03-25 20:11:26.739+00
U-0056,Data,0,0,0,0,0,2026-03-25 09:14:43.442+00
U-0056,T-015,0,1,0,0,0,2026-03-25 12:07:10.191+00
U-0056,team,0,0,0,0,0,2026-03-28 18:13:55.896+00
U-0056,hack-3,2,4,0,1,1,2026-03-28 13:30:05.68+00
U-0056,/hackathons,0,0,0,0,0,2026-03-28 13:22:21.68+00
U-0056,AI,0,0,0,0,0,2026-03-12 12:51:17.141+00
U-0056,hack-10,1,1,0,0,0,2026-03-26 09:13:09.281+00
U-0056,T-017,0,2,0,0,0,2026-03-25 09:53:22.543+00
U-0056,hack-8,0,0,0,0,0,2026-03-25 01:44:46.09+00
U-0056,T-012,0,0,0,0,0,2026-03-28 08:17:16.035+00
U-0057,T-009,0,2,0,0,0,2026-03-22 10:25:29.469+00
U-0057,T-018,0,0,0,0,0,2026-03-14 23:15:58.167+00
U-0057,T-002,0,0,0,0,0,2026-03-14 23:15:30.167+00
U-0057,hack-13,0,1,0,0,0,2026-03-27 03:34:14.32+00
U-0057,hack-8-1,0,1,0,0,0,2026-03-20 13:51:07.014+00
U-0057,T-010,0,0,0,0,0,2026-03-15 05:32:18.733+00
U-0057,true,0,0,0,0,0,2026-03-09 07:39:30.857+00
U-0057,hack-5-2,2,2,0,0,1,2026-03-27 10:28:42.9+00
U-0057,hack-14,0,0,0,0,0,2026-03-12 09:20:37.648+00
U-0057,T-007,0,1,0,0,0,2026-03-12 09:43:40.648+00
U-0057,all,0,0,0,0,0,2026-03-20 13:39:30.014+00
U-0057,hack-3-2,1,1,0,0,1,2026-03-27 03:23:57.32+00
U-0057,hack-10-1,0,0,0,0,0,2026-03-22 11:46:18.464+00
U-0057,chatbot_room,0,0,0,0,0,2026-03-26 12:18:41.334+00
U-0057,hack-2,3,4,0,0,0,2026-03-22 07:18:18.097+00
U-0057,hack-9-1,1,2,0,0,0,2026-03-23 13:37:02.191+00
U-0057,Cloud,0,0,0,0,0,2026-03-23 13:33:18.191+00
U-0057,Team-U-0057-127,0,0,0,0,0,2026-03-12 09:53:47.757+00
U-0057,T-020,0,1,0,0,0,2026-03-22 12:04:47.464+00
U-0057,hack-5-1,0,0,0,0,0,2026-03-27 09:16:10.201+00
U-0057,ongoing,0,0,0,0,0,2026-03-23 13:33:10.191+00
U-0057,/team/T-013/manage,0,0,0,0,0,2026-03-12 13:16:38.641+00
U-0057,/submit/hack-3-2,0,0,0,0,0,2026-03-25 10:03:28.81+00
U-0057,T-001,0,0,0,1,0,2026-03-12 04:15:26.527+00
U-0057,T-013,0,1,0,0,0,2026-03-12 13:18:37.641+00
U-0057,T-029,0,0,0,1,0,2026-03-20 10:18:51.078+00
U-0057,/profile/notifications,0,0,0,0,0,2026-03-27 14:57:52.16+00
U-0057,T-014,0,2,0,0,0,2026-03-20 13:56:58.417+00
U-0057,hack-3,2,2,1,0,0,2026-03-12 11:39:44.652+00
U-0057,INV-894931,0,0,0,0,0,2026-03-19 02:09:06.328+00
U-0057,team,0,0,0,0,0,2026-03-25 09:20:02.436+00
U-0057,T-028,0,0,0,0,0,2026-03-20 13:53:59.417+00
U-0057,hack-4,1,1,0,0,1,2026-03-27 03:27:32.32+00
U-0057,T-016,0,0,0,1,0,2026-03-27 14:59:59.999+00
U-0057,T-019,0,1,0,0,0,2026-03-19 12:49:42.161+00
U-0057,T-006,0,1,0,0,0,2026-03-19 13:01:36.161+00
U-0057,T-030,0,3,0,0,0,2026-03-19 01:31:32.491+00
U-0057,hack-6-2,1,1,0,0,0,2026-03-15 05:29:34.733+00
U-0057,hack-2-2,1,1,0,0,0,2026-03-23 10:32:15.296+00
U-0057,hack-7-1,2,2,0,0,1,2026-03-25 09:34:55.392+00
U-0057,T-005,0,0,0,0,0,2026-03-06 17:12:31.503+00
U-0057,T-015,0,1,0,0,0,2026-03-09 07:40:41.857+00
U-0057,hackathons_list,0,0,0,0,0,2026-03-27 03:19:52.32+00
U-0057,/submit/hack-5-2,0,0,0,0,0,2026-03-27 10:24:06.9+00
U-0057,T-027,0,0,0,1,0,2026-03-06 12:13:05.077+00
U-0057,T-017,0,2,0,0,0,2026-03-23 10:42:47.296+00
U-0057,user,0,0,0,0,0,2026-03-22 01:33:15.574+00
U-0057,AI,0,0,0,0,0,2026-03-20 13:41:14.014+00
U-0057,/submit/hack-4,0,0,0,0,0,2026-03-27 05:42:36.88+00
U-0057,INV-301340,0,0,0,0,0,2026-03-27 14:59:39.16+00
U-0057,ended,0,0,0,0,0,2026-03-26 11:00:05.134+00
U-0057,/hackathons,0,0,0,0,0,2026-03-27 12:06:17.881+00
U-0057,closed,0,0,0,0,0,2026-03-20 13:43:21.417+00
U-0057,/submit/hack-7-1,0,0,0,0,0,2026-03-25 09:31:00.392+00
U-0057,Blockchain,0,0,0,0,0,2026-03-22 07:10:38.097+00
U-0057,hack-4-2,1,1,0,0,0,2026-03-26 11:02:09.134+00
U-0057,/matcher,0,0,0,0,0,2026-03-27 09:12:08.201+00
U-0057,INV-526616,0,0,0,0,0,2026-03-12 04:14:43.527+00
U-0057,Web,0,0,0,0,0,2026-03-06 04:02:58.482+00
U-0057,T-004,0,0,0,1,0,2026-03-19 02:10:48.328+00
U-0057,/camp,0,0,0,0,0,2026-03-22 11:44:34.464+00
U-0057,INV-962622,0,0,0,0,0,2026-03-06 12:11:47.077+00
U-0057,T-008,0,0,0,0,0,2026-03-25 09:21:38.436+00
U-0057,hack-6-1,0,0,0,0,0,2026-03-23 02:03:28.501+00
U-0057,INV-801827,0,0,0,0,0,2026-03-20 10:17:50.078+00
U-0057,hack-6,0,0,0,0,0,2026-03-19 01:07:24.491+00
U-0057,/chat,0,0,0,0,0,2026-03-26 12:17:52.334+00
U-0058,hack-6,1,2,0,0,0,2026-03-27 14:36:55.427+00
U-0058,T-019,0,1,0,0,0,2026-03-26 14:43:55.622+00
U-0058,ended,0,0,0,0,0,2026-03-11 02:52:03.784+00
U-0058,hack-4-1,0,0,0,0,0,2026-03-13 05:42:54.404+00
U-0058,/team/T-008/manage,0,0,0,0,0,2026-03-07 12:33:16.671+00
U-0058,user,0,0,0,0,0,2026-03-24 10:30:01.197+00
U-0058,hack-10,0,0,0,0,0,2026-03-06 05:23:09.435+00
U-0058,T-016,0,1,0,0,0,2026-03-08 18:51:49.13+00
U-0058,hack-3-1,0,0,0,0,0,2026-03-24 09:26:30.198+00
U-0058,T-001,0,2,0,0,0,2026-03-14 13:50:57.587+00
U-0058,T-005,0,1,0,0,0,2026-03-24 11:55:23.019+00
U-0058,hack-7-1,2,6,0,1,0,2026-03-27 14:27:29.176+00
U-0058,/team/T-015/manage,0,0,0,0,0,2026-03-20 04:00:07.755+00
U-0058,T-014,0,0,0,1,0,2026-03-07 11:31:56.631+00
U-0058,T-010,0,2,0,0,0,2026-03-24 08:16:24.609+00
U-0058,hack-5-1,0,1,0,0,0,2026-03-20 03:32:08.199+00
U-0058,T-029,0,5,0,0,0,2026-03-24 11:46:41.019+00
U-0058,Blockchain,0,0,0,0,0,2026-03-18 12:35:48.581+00
U-0058,T-006,0,0,0,1,0,2026-03-19 12:54:44.326+00
U-0058,T-008,0,0,0,0,0,2026-03-07 12:34:05.671+00
U-0058,INV-352093,0,0,0,0,0,2026-03-18 11:04:47.312+00
U-0058,open,0,0,0,0,0,2026-03-24 08:01:03.609+00
U-0058,hack-4-2,2,3,1,0,0,2026-03-27 13:42:25.785+00
U-0058,/team/T-027/manage,0,0,0,0,0,2026-03-09 11:10:08.257+00
U-0058,/submit/hack-5,0,0,0,0,0,2026-03-11 09:41:04.317+00
U-0058,hack-10-1,4,6,0,0,0,2026-03-28 12:07:51.005+00
U-0058,ongoing,0,0,0,0,0,2026-03-28 11:55:48.005+00
U-0058,all,0,0,0,0,0,2026-03-28 04:58:42.335+00
U-0058,T-018,0,0,0,1,0,2026-03-18 11:05:59.312+00
U-0058,Web,0,0,0,0,0,2026-03-14 14:41:27.589+00
U-0058,T-020,0,3,0,0,0,2026-03-28 05:52:15.761+00
U-0058,fallback-team_request_create,0,0,0,0,0,2026-03-10 23:15:17.661+00
U-0058,hack-2-2,0,2,0,0,0,2026-03-28 05:45:02.761+00
U-0058,T-015,0,2,0,1,0,2026-03-24 12:31:43.776+00
U-0058,/team/T-029/manage,0,0,0,0,0,2026-03-09 09:01:36.087+00
U-0058,INV-514815,0,0,0,0,0,2026-03-07 11:27:29.631+00
U-0058,hack-5,2,2,0,0,1,2026-03-28 11:59:24.005+00
U-0058,false,0,0,0,0,0,2026-03-19 12:30:53.477+00
U-0058,T-030,0,1,0,0,0,2026-03-14 14:06:49.587+00
U-0058,hack-3-2,3,2,1,0,0,2026-03-28 05:04:11.335+00
U-0058,Cloud,0,0,0,0,0,2026-03-21 12:11:58.194+00
U-0058,team,0,0,0,0,0,2026-03-27 08:41:11.041+00
U-0058,closed,0,0,0,0,0,2026-03-28 11:49:57.526+00
U-0058,hack-7,0,0,0,0,0,2026-03-19 12:29:58.477+00
U-0058,/chat,0,0,0,0,0,2026-03-27 08:10:05.473+00
U-0058,/team/T-003/manage,0,0,0,0,0,2026-03-27 08:12:01.165+00
U-0058,T-017,0,1,0,0,0,2026-03-16 13:03:47.313+00
U-0058,/team/T-026/manage,0,0,0,0,0,2026-03-13 13:33:21.372+00
U-0058,INV-598042,0,0,0,0,0,2026-03-19 09:43:27.823+00
U-0058,/camp,0,0,0,0,0,2026-03-28 11:48:17.526+00
U-0058,T-009,0,0,0,0,0,2026-03-25 20:19:34.185+00
U-0058,/team/T-009/manage,0,0,0,0,0,2026-03-14 12:14:44.379+00
U-0058,AI,0,0,0,0,0,2026-03-27 13:35:54.785+00
U-0058,hack-2,2,2,0,0,0,2026-03-19 16:24:04.177+00
U-0058,/submit/hack-3,0,0,0,0,0,2026-03-26 13:27:20.745+00
U-0058,/team/T-019/manage,0,0,0,0,0,2026-03-26 14:42:21.622+00
U-0058,T-027,0,3,0,0,0,2026-03-09 11:13:31.257+00
U-0058,T-028,0,1,0,0,0,2026-03-27 08:45:02.041+00
U-0058,hackathons_list,0,0,0,0,0,2026-03-28 11:57:18.005+00
U-0058,T-011,0,4,0,0,0,2026-03-28 12:02:35.526+00
U-0058,hack-4,2,1,0,1,0,2026-03-27 14:42:23.427+00
U-0058,T-004,0,1,0,0,0,2026-03-17 15:17:36.873+00
U-0058,chatbot_room,0,0,0,0,0,2026-03-27 08:11:11.473+00
U-0058,/matcher,0,0,0,0,0,2026-03-27 08:39:52.041+00
U-0058,hack-6-2,0,5,0,0,0,2026-03-28 12:03:17.005+00
U-0058,hack-9-1,4,6,0,0,0,2026-03-28 11:50:17.526+00
U-0058,INV-847138,0,0,0,0,0,2026-03-19 12:52:56.326+00
U-0058,hack-8-1,2,2,0,0,0,2026-03-28 12:00:48.005+00
U-0058,fallback-recommendation_click,0,0,0,0,0,2026-03-06 05:23:19.435+00
U-0058,hack-12,0,0,0,0,0,2026-03-08 18:44:17.13+00
U-0058,/profile/notifications,0,0,0,0,0,2026-03-28 13:47:51.872+00
U-0058,T-002,0,2,0,0,0,2026-03-28 05:47:58.761+00
U-0058,T-026,0,3,0,0,0,2026-03-16 09:02:15.538+00
U-0058,hack-3,1,3,1,0,1,2026-03-27 14:32:20.427+00
U-0058,T-007,0,1,0,0,0,2026-03-11 13:08:22.774+00
U-0058,T-013,0,0,0,1,0,2026-03-07 11:28:03.631+00
U-0058,INV-736377,0,0,0,0,0,2026-03-24 12:30:41.776+00
U-0058,true,0,0,0,0,0,2026-03-06 05:21:26.435+00
U-0058,/team/T-028/manage,0,0,0,0,0,2026-03-14 12:17:57.845+00
U-0058,hack-13,0,0,0,0,0,2026-03-15 08:11:55.605+00
U-0058,T-003,0,0,0,0,0,2026-03-27 08:14:02.165+00
U-0058,hack-5-2,1,1,0,0,0,2026-03-20 03:29:08.199+00
U-0058,/hackathons,0,0,0,0,0,2026-03-28 11:54:06.005+00
U-0059,/profile/notifications,0,0,0,0,0,2026-03-28 08:56:33.223+00
U-0059,/submit/hack-2-2,0,0,0,0,0,2026-03-16 11:21:45.078+00
U-0059,all,0,0,0,0,0,2026-03-22 10:53:04.052+00
U-0059,hack-12,0,0,0,0,0,2026-03-08 12:57:37.346+00
U-0059,T-001,0,0,0,0,0,2026-03-20 11:21:48.873+00
U-0059,fallback-team_create,0,0,0,0,0,2026-03-16 08:15:49.466+00
U-0059,hack-9-1,3,2,0,1,0,2026-03-28 11:24:46.281+00
U-0059,/submit/hack-5-2,0,0,0,0,0,2026-03-22 06:17:08.212+00
U-0059,T-013,0,1,0,0,0,2026-03-05 11:44:53.832+00
U-0059,T-014,0,0,0,0,0,2026-03-04 02:31:56.775+00
U-0059,hack-6-1,1,1,0,0,0,2026-03-28 11:17:29.281+00
U-0059,true,0,0,0,0,0,2026-03-25 07:22:17.763+00
U-0059,hack-5,2,3,1,0,0,2026-03-28 02:20:08.229+00
U-0059,Web,0,0,0,0,0,2026-03-04 14:19:55.075+00
U-0059,T-029,0,2,0,0,0,2026-03-24 11:10:51.481+00
U-0059,hack-4,0,0,0,0,0,2026-03-05 08:03:36.403+00
U-0059,INV-162702,0,0,0,0,0,2026-03-09 10:19:37.357+00
U-0059,T-030,0,7,0,0,0,2026-03-28 05:11:27.078+00
U-0059,/submit/hack-7-1,0,0,0,0,0,2026-03-25 11:24:15.762+00
U-0059,hack-4-1,1,1,0,0,0,2026-03-22 14:02:27.316+00
U-0059,hack-2-2,2,2,0,1,1,2026-03-22 14:42:00.126+00
U-0059,ongoing,0,0,0,0,0,2026-03-28 09:47:47.061+00
U-0059,/submit/hack-6,0,0,0,0,0,2026-03-04 13:09:03.277+00
U-0059,T-002,0,0,0,0,0,2026-03-20 11:16:13.873+00
U-0059,Cloud,0,0,0,0,0,2026-03-22 13:50:13.316+00
U-0059,T-028,0,2,0,0,0,2026-03-28 05:22:15.078+00
U-0059,T-010,0,2,0,0,0,2026-03-05 11:48:33.832+00
U-0059,false,0,0,0,0,0,2026-03-24 09:51:15.149+00
U-0059,/submit/hack-8-1,0,0,0,0,0,2026-03-16 08:15:26.466+00
U-0059,INV-516805,0,0,0,0,0,2026-03-03 06:03:18.257+00
U-0059,T-006,0,1,0,0,0,2026-03-24 09:51:27.149+00
U-0059,T-026,0,7,0,0,0,2026-03-25 05:52:21.516+00
U-0059,ended,0,0,0,0,0,2026-03-25 10:36:28.501+00
U-0059,T-009,0,1,0,0,0,2026-03-10 12:51:35.463+00
U-0059,AI,0,0,0,0,0,2026-03-28 11:14:10.281+00
U-0059,hack-5-2,2,2,1,0,1,2026-03-28 11:30:22.281+00
U-0059,hack-3,3,3,0,0,0,2026-03-25 10:40:18.501+00
U-0059,T-020,0,2,0,0,0,2026-03-24 05:08:27.301+00
U-0059,T-012,0,2,0,0,0,2026-03-05 14:15:46.863+00
U-0059,hack-10-1,3,7,0,1,0,2026-03-28 09:56:04.061+00
U-0059,chatbot_room,0,0,0,0,0,2026-03-28 00:34:11.07+00
U-0059,hack-3-2,2,3,0,0,0,2026-03-22 13:57:55.316+00
U-0059,hack-6,1,1,0,0,0,2026-03-25 07:26:02.763+00
U-0059,Team-U-0059-649,0,0,0,0,0,2026-03-05 08:12:07.403+00
U-0059,T-017,0,0,0,1,0,2026-03-09 10:21:55.357+00
U-0059,/matcher,0,0,0,0,0,2026-03-25 07:19:55.763+00
U-0059,fallback-recommendation_click,0,0,0,0,0,2026-03-05 09:40:42.316+00
U-0059,/hackathons,0,0,0,0,0,2026-03-28 09:46:32.061+00
U-0059,hack-2,0,0,0,0,0,2026-03-25 05:39:06.516+00
U-0059,fallback-team_request_create,0,0,0,0,0,2026-03-28 08:56:48.223+00
U-0059,/camp,0,0,0,0,0,2026-03-28 05:01:58.078+00
U-0059,T-004,0,1,0,0,0,2026-03-24 04:57:08.301+00
U-0059,T-005,0,1,0,0,0,2026-03-22 11:10:49.052+00
U-0059,/chat,0,0,0,0,0,2026-03-28 00:31:44.07+00
U-0059,T-016,0,4,0,0,0,2026-03-28 05:32:39.078+00
U-0059,hackathons_list,0,0,0,0,0,2026-03-28 11:14:17.281+00
U-0059,open,0,0,0,0,0,2026-03-24 04:40:18.301+00
U-0059,hack-6-2,0,1,0,0,0,2026-03-24 10:58:40.481+00
U-0059,hack-8-1,3,3,1,1,0,2026-03-28 02:16:57.229+00
U-0059,hack-7-1,0,0,0,0,1,2026-03-25 14:03:01.546+00
U-0059,hack-4-2,1,1,0,0,0,2026-03-21 01:07:49.263+00
U-0059,T-019,0,3,0,0,0,2026-03-25 14:11:56.546+00
U-0059,T-007,0,3,0,0,0,2026-03-21 09:39:59.481+00
U-0059,team,0,0,0,0,0,2026-03-24 09:49:15.149+00
U-0059,T-008,0,1,0,0,0,2026-03-21 09:49:40.481+00
U-0059,user,0,0,0,0,0,2026-03-25 07:21:20.763+00
U-0059,fallback-hackathon_filter,0,0,0,0,0,2026-03-10 13:08:41.463+00
U-0059,T-011,0,1,0,1,0,2026-03-25 14:21:06.546+00
U-0059,closed,0,0,0,0,0,2026-03-25 05:37:32.516+00
U-0059,hack-8,1,2,0,0,0,2026-03-28 09:51:30.061+00
U-0060,ongoing,0,0,0,0,0,2026-03-25 13:14:15.244+00
U-0060,/team/T-019/manage,0,0,0,0,0,2026-03-22 15:47:19.203+00
U-0060,/team/T-027/manage,0,0,0,0,0,2026-03-05 10:22:04.493+00
U-0060,hack-7,0,0,0,0,0,2026-03-17 04:06:07.536+00
U-0060,T-005,0,0,0,0,0,2026-03-07 11:40:42.464+00
U-0060,hack-6,1,1,0,0,1,2026-03-22 11:36:04.82+00
U-0060,/team/T-028/manage,0,0,0,0,0,2026-03-23 07:59:36.084+00
U-0060,T-027,0,1,0,0,0,2026-03-05 10:24:15.493+00
U-0060,T-006,0,1,0,0,0,2026-03-26 15:49:58.639+00
U-0060,/team/T-007/manage,0,0,0,0,0,2026-03-25 11:43:56.624+00
U-0060,INV-371962,0,0,0,0,0,2026-03-24 10:48:10.522+00
U-0060,hackathons_list,0,0,0,0,0,2026-03-27 09:25:00.066+00
U-0060,hack-2-2,0,1,0,0,1,2026-03-20 14:04:36.171+00
U-0060,/submit/hack-2-2,0,0,0,0,0,2026-03-17 13:54:14.769+00
U-0060,INV-822960,0,0,0,0,0,2026-03-09 03:28:50.152+00
U-0060,/submit/hack-6,0,0,0,0,0,2026-03-22 11:35:26.82+00
U-0060,hack-3-2,1,2,0,0,0,2026-03-24 05:47:43.585+00
U-0060,T-007,0,1,0,0,0,2026-03-25 11:48:34.624+00
U-0060,/submit/hack-7-1,0,0,0,0,0,2026-03-23 23:29:42.025+00
U-0060,T-003,0,2,0,1,0,2026-03-26 15:35:10.639+00
U-0060,hack-8-1,2,2,0,0,0,2026-03-24 05:51:24.585+00
U-0060,fallback-hackathon_view,0,0,0,0,0,2026-03-11 05:26:48.357+00
U-0060,/team/T-010/manage,0,0,0,0,0,2026-03-05 06:25:30.424+00
U-0060,T-004,0,1,0,0,0,2026-03-22 06:35:41.791+00
U-0060,hack-5,3,3,1,0,0,2026-03-22 12:29:49.792+00
U-0060,Cloud,0,0,0,0,0,2026-03-17 08:39:15.402+00
U-0060,/chat,0,0,0,0,0,2026-03-25 12:25:59.47+00
U-0060,/hackathons,0,0,0,0,0,2026-03-27 09:21:36.066+00
U-0060,T-014,0,1,0,0,0,2026-03-22 06:19:50.791+00
U-0060,hack-13,0,1,0,0,0,2026-03-22 03:30:12.106+00
U-0060,hack-9-1,2,3,0,0,0,2026-03-25 09:18:30.092+00
U-0060,hack-5-1,1,1,0,0,0,2026-03-11 10:32:01.88+00
U-0060,open,0,0,0,0,0,2026-03-22 06:07:58.791+00
U-0060,hack-4-2,1,2,0,0,0,2026-03-27 09:26:14.066+00
U-0060,chatbot_room,0,0,0,0,0,2026-03-25 12:27:35.47+00
U-0060,/camp,0,0,0,0,0,2026-03-26 15:23:44.639+00
U-0060,hack-5-2,0,1,0,0,0,2026-03-25 13:22:40.244+00
U-0060,INV-658668,0,0,0,0,0,2026-03-07 10:30:56.251+00
U-0060,hack-6-2,3,3,1,0,0,2026-03-22 03:28:27.106+00
U-0060,INV-486228,0,0,0,0,0,2026-03-05 05:51:42.435+00
U-0060,hack-10-1,2,3,1,0,0,2026-03-25 09:16:06.092+00
U-0060,hack-7-1,1,1,0,0,1,2026-03-23 23:32:25.025+00
U-0060,hack-4,0,0,0,0,0,2026-03-27 05:53:51.272+00
U-0060,all,0,0,0,0,0,2026-03-27 05:53:05.272+00
U-0060,hack-2,3,3,1,0,0,2026-03-24 05:17:26.267+00
U-0060,/team/T-005/manage,0,0,0,0,0,2026-03-07 11:36:23.464+00
U-0060,/submit/hack-3-1,0,0,0,0,0,2026-03-09 08:53:12.893+00
U-0060,T-018,0,1,0,0,0,2026-03-09 14:59:59.999+00
U-0060,T-029,0,2,0,1,0,2026-03-12 09:33:49.578+00
U-0060,/team/T-015/manage,0,0,0,0,0,2026-03-11 14:37:01.502+00
U-0060,hack-14,2,2,0,0,0,2026-03-25 13:19:03.244+00
U-0060,INV-431440,0,0,0,0,0,2026-03-12 09:32:25.578+00
U-0060,T-028,0,3,0,0,0,2026-03-27 06:10:27.272+00
U-0060,fallback-matcher_filter,0,0,0,0,0,2026-03-24 12:45:05.774+00
U-0060,hack-11,1,1,1,0,0,2026-03-24 05:32:14.267+00
U-0060,Data,0,0,0,0,0,2026-03-17 13:58:20.762+00
U-0060,hack-3-1,0,0,0,0,1,2026-03-09 08:57:09.893+00
U-0060,ended,0,0,0,0,0,2026-03-27 09:23:05.066+00
U-0060,T-001,0,1,0,1,0,2026-03-24 10:48:48.522+00
U-0060,T-017,0,1,0,0,0,2026-03-12 10:36:26.071+00
U-0060,hack-3,0,1,0,0,0,2026-03-22 12:27:06.792+00
U-0060,T-019,0,0,0,0,0,2026-03-22 15:48:47.203+00
U-0060,/profile/notifications,0,0,0,0,0,2026-03-24 10:46:52.522+00
U-0060,T-015,0,0,0,1,0,2026-03-11 14:37:41.502+00
U-0060,closed,0,0,0,0,0,2026-03-09 14:59:59.999+00
U-0061,/team/T-007/manage,0,0,0,0,0,2026-03-23 12:59:19.413+00
U-0061,/team/T-004/manage,0,0,0,0,0,2026-03-18 11:36:54.825+00
U-0061,Blockchain,0,0,0,0,0,2026-03-09 09:50:05.685+00
U-0061,T-016,0,2,0,0,0,2026-03-25 10:58:18.838+00
U-0061,/matcher,0,0,0,0,0,2026-03-27 10:21:22.035+00
U-0061,hack-6-1,1,1,0,0,1,2026-03-25 10:43:19.838+00
U-0061,all,0,0,0,0,0,2026-03-27 14:13:22.512+00
U-0061,T-004,0,1,0,0,0,2026-03-25 07:09:41.157+00
U-0061,T-010,0,2,0,0,0,2026-03-23 03:09:05.835+00
U-0061,user,0,0,0,0,0,2026-03-22 14:45:41.716+00
U-0061,hack-4,7,7,0,1,0,2026-03-27 10:14:10.769+00
U-0061,T-006,0,3,0,0,0,2026-03-27 13:01:08.045+00
U-0061,hack-15,0,1,0,0,0,2026-03-11 00:18:44.327+00
U-0061,false,0,0,0,0,0,2026-03-25 10:49:07.685+00
U-0061,Team-U-0061-147,0,0,0,0,0,2026-03-09 11:22:33.2+00
U-0061,/submit/hack-12,0,0,0,0,0,2026-03-12 12:42:55.521+00
U-0061,/team/T-012/manage,0,0,0,0,0,2026-03-26 09:40:38.324+00
U-0061,/submit/hack-6,0,0,0,0,0,2026-03-05 01:36:07.701+00
U-0061,hack-9-1,5,11,0,1,0,2026-03-28 16:03:20.129+00
U-0061,closed,0,0,0,0,0,2026-03-23 01:21:57.682+00
U-0061,fallback-card_click,0,0,0,0,0,2026-03-20 11:21:00.34+00
U-0061,/camp,0,0,0,0,0,2026-03-27 12:39:17.045+00
U-0061,ongoing,0,0,0,0,0,2026-03-26 09:46:48.401+00
U-0061,T-009,0,1,0,1,0,2026-03-25 07:07:49.157+00
U-0061,hack-8-1,2,1,0,0,0,2026-03-22 15:56:46.25+00
U-0061,INV-424606,0,0,0,0,0,2026-03-18 09:52:22.82+00
U-0061,hack-9,0,1,1,0,0,2026-03-27 14:24:16.512+00
U-0061,team,0,0,0,0,0,2026-03-25 10:46:23.685+00
U-0061,hack-7-1,2,5,0,0,0,2026-03-28 16:11:43.129+00
U-0061,/profile/notifications,0,0,0,0,0,2026-03-27 06:25:47.32+00
U-0061,/team/T-026/manage,0,0,0,0,0,2026-03-14 10:10:14.221+00
U-0061,T-012,0,1,0,1,0,2026-03-27 06:26:57.32+00
U-0061,hack-4-1,1,1,0,0,1,2026-03-20 09:19:34.517+00
U-0061,T-026,0,7,0,1,0,2026-03-14 10:15:40.221+00
U-0061,T-008,0,1,0,0,0,2026-03-23 02:58:28.835+00
U-0061,T-001,0,1,0,0,0,2026-03-28 23:09:55.096+00
U-0061,hack-4-2,3,2,0,1,1,2026-03-28 22:51:37.096+00
U-0061,/hackathons,0,0,0,0,0,2026-03-28 15:51:46.129+00
U-0061,T-018,0,0,0,0,0,2026-03-27 12:50:28.045+00
U-0061,T-6968,0,0,0,0,0,2026-03-09 11:22:53.2+00
U-0061,hack-5,3,4,0,1,0,2026-03-27 09:11:31.4+00
U-0061,hack-6,3,5,1,1,1,2026-03-28 16:09:59.129+00
U-0061,fallback-submit_project,0,0,0,0,0,2026-03-22 15:24:57.887+00
U-0061,/submit/hack-4-2,0,0,0,0,0,2026-03-19 11:55:41.177+00
U-0061,hack-6-2,3,3,0,1,0,2026-03-26 10:09:43.401+00
U-0061,INV-228098,0,0,0,0,0,2026-03-09 12:03:29.789+00
U-0061,T-028,0,9,0,0,0,2026-03-27 13:04:16.045+00
U-0061,INV-685854,0,0,0,0,0,2026-03-15 14:31:38.425+00
U-0061,/team/T-009/manage,0,0,0,0,0,2026-03-07 11:07:00.568+00
U-0061,Team-U-0061-663,0,0,0,0,0,2026-03-07 09:00:00.341+00
U-0061,hack-10-1,2,4,1,0,0,2026-03-26 10:10:40.401+00
U-0061,hack-14,1,1,1,0,0,2026-03-22 01:30:03.511+00
U-0061,hack-12,0,0,0,0,1,2026-03-27 10:27:11.035+00
U-0061,INV-574696,0,0,0,0,0,2026-03-25 13:04:08.312+00
U-0061,T-019,0,0,0,0,0,2026-03-19 08:28:25.028+00
U-0061,Data,0,0,0,0,0,2026-02-28 08:33:15.263+00
U-0061,INV-651753,0,0,0,0,0,2026-03-19 10:50:11.657+00
U-0061,INV-588888,0,0,0,0,0,2026-03-15 10:29:42.084+00
U-0061,hack-3,3,4,1,0,0,2026-03-27 03:59:29.766+00
U-0061,T-017,0,2,0,1,0,2026-03-28 23:20:20.096+00
U-0061,/submit/hack-6-1,0,0,0,0,0,2026-03-12 05:42:48.6+00
U-0061,/team/T-006/manage,0,0,0,0,0,2026-03-19 06:39:20.837+00
U-0061,Team-U-0061-412,0,0,0,0,0,2026-03-27 10:48:07.769+00
U-0061,AI,0,0,0,0,0,2026-03-12 12:16:38.283+00
U-0061,hack-3-2,4,5,0,0,0,2026-03-25 14:14:58.032+00
U-0061,T-007,0,1,0,0,0,2026-03-23 13:03:29.413+00
U-0061,T-005,0,2,0,0,0,2026-03-22 15:58:25.25+00
U-0061,fallback-matcher_filter,0,0,0,0,0,2026-03-02 04:09:45.599+00
U-0061,T-027,0,4,0,1,0,2026-03-18 12:13:54.488+00
U-0061,hackathons_list,0,0,0,0,0,2026-03-27 09:08:58.4+00
U-0061,INV-978425,0,0,0,0,0,2026-03-18 11:33:28.458+00
U-0061,hack-3-1,0,0,0,0,0,2026-03-22 14:49:37.716+00
U-0061,INV-765514,0,0,0,0,0,2026-03-19 03:37:59.484+00
U-0061,hack-7,1,2,0,0,0,2026-03-20 11:57:20.45+00
U-0061,/team/T-027/manage,0,0,0,0,0,2026-03-18 12:10:36.488+00
U-0061,/submit/hack-4-1,0,0,0,0,0,2026-03-20 09:19:03.517+00
U-0061,T-030,0,2,0,0,0,2026-03-11 10:01:35.855+00
U-0061,ended,0,0,0,0,0,2026-03-27 14:12:32.512+00
U-0061,hack-10,0,1,0,0,0,2026-03-14 07:10:14.664+00
U-0061,/team/T-002/manage,0,0,0,0,0,2026-03-25 02:18:17.758+00
U-0061,T-013,0,1,0,1,0,2026-03-28 22:55:08.096+00
U-0061,true,0,0,0,0,0,2026-03-22 14:48:34.716+00
U-0061,/team/T-028/manage,0,0,0,0,0,2026-03-15 01:13:11.767+00
U-0061,/team/T-019/manage,0,0,0,0,0,2026-03-19 08:25:45.028+00
U-0061,T-014,0,1,0,1,0,2026-03-27 13:17:31.045+00
U-0061,INV-940266,0,0,0,0,0,2026-03-09 14:44:10.248+00
U-0061,hack-2-2,2,4,0,0,0,2026-03-25 14:11:57.032+00
U-0061,/submit/hack-5-2,0,0,0,0,0,2026-03-11 16:13:25.415+00
U-0061,T-020,0,1,0,1,0,2026-03-25 07:06:06.157+00
U-0061,T-002,0,2,0,0,0,2026-03-25 02:18:34.758+00
U-0061,hack-2-1,0,0,0,0,0,2026-03-27 10:23:52.035+00
U-0061,hack-11,1,1,0,0,0,2026-03-18 04:55:49.287+00
U-0061,INV-455112,0,0,0,0,0,2026-02-28 10:19:06.696+00
U-0061,T-1095,0,0,0,0,0,2026-03-07 09:01:01.341+00
U-0061,T-015,0,3,0,0,0,2026-03-22 16:00:18.25+00
U-0061,fallback-recommendation_impression,0,0,0,0,0,2026-03-12 12:16:24.581+00
U-0061,hack-2,1,2,1,0,0,2026-03-27 14:26:16.512+00
U-0061,T-011,0,0,0,0,0,2026-03-26 03:13:45.848+00
U-0061,Team-U-0061-128,0,0,0,0,0,2026-03-19 01:44:19.455+00
U-0061,/submit/hack-7-1,0,0,0,0,0,2026-03-27 06:04:58.483+00
U-0061,chatbot_room,0,0,0,0,0,2026-03-27 09:22:36.065+00
U-0061,Web,0,0,0,0,0,2026-03-28 15:53:23.129+00
U-0061,hack-5-2,6,7,0,0,1,2026-03-28 16:09:32.129+00
U-0061,open,0,0,0,0,0,2026-03-25 10:42:23.838+00
U-0061,/chat,0,0,0,0,0,2026-03-26 11:48:11.402+00
U-0061,T-029,0,7,0,0,0,2026-03-23 01:47:54.682+00
U-0061,/team/T-029/manage,0,0,0,0,0,2026-03-26 12:54:56.883+00
U-0061,hack-8,1,0,0,0,0,2026-03-15 09:39:54.386+00
U-0062,fallback-matcher_filter,0,0,0,0,0,2026-03-22 08:44:41.021+00
U-0062,/profile/notifications,0,0,0,0,0,2026-03-26 14:35:56.838+00
U-0062,/team/T-017/manage,0,0,0,0,0,2026-03-24 04:03:58.817+00
U-0062,T-012,0,1,0,0,0,2026-03-20 13:16:34.323+00
U-0062,hack-5,1,1,0,1,0,2026-03-26 02:55:04.282+00
U-0062,T-011,0,1,0,0,0,2026-03-10 04:27:58.169+00
U-0062,T-015,0,1,0,0,0,2026-03-13 14:59:59.999+00
U-0062,hack-4-2,1,1,0,0,0,2026-03-22 22:01:42.324+00
U-0062,T-029,0,0,0,0,0,2026-03-25 06:39:50.319+00
U-0062,hack-8,0,1,0,0,0,2026-03-17 21:45:40.47+00
U-0062,chatbot_room,0,0,0,0,0,2026-03-26 10:37:17.803+00
U-0062,T-030,0,3,0,0,0,2026-03-22 08:30:00.021+00
U-0062,hack-12,0,0,0,0,0,2026-03-24 14:39:23.071+00
U-0062,hack-5-1,1,1,0,0,0,2026-03-20 13:32:02.548+00
U-0062,INV-800912,0,0,0,0,0,2026-03-21 14:47:18.768+00
U-0062,hack-7-1,4,5,0,0,1,2026-03-26 02:50:04.282+00
U-0062,hack-6-2,2,3,1,0,1,2026-03-25 13:38:47.236+00
U-0062,/submit/hack-3-1,0,0,0,0,0,2026-03-21 12:57:45.049+00
U-0062,/chat,0,0,0,0,0,2026-03-23 12:15:17.334+00
U-0062,T-008,0,0,0,0,0,2026-03-17 23:40:08.484+00
U-0062,all,0,0,0,0,0,2026-03-24 14:38:43.071+00
U-0062,AI,0,0,0,0,0,2026-02-28 14:37:53.372+00
U-0062,T-019,0,0,0,0,0,2026-03-13 12:29:20.801+00
U-0062,hack-9-1,3,2,1,1,0,2026-03-24 09:36:49.336+00
U-0062,T-005,0,0,0,0,0,2026-03-24 11:17:33.117+00
U-0062,hack-3-2,1,2,0,0,0,2026-03-22 22:22:35.039+00
U-0062,T-018,0,1,0,0,0,2026-03-10 04:33:21.169+00
U-0062,hack-10-1,2,3,0,0,0,2026-03-25 13:34:21.236+00
U-0062,open,0,0,0,0,0,2026-03-18 13:18:28.383+00
U-0062,hack-4,3,3,1,0,0,2026-03-21 06:18:17.015+00
U-0062,T-027,0,2,0,0,0,2026-03-24 14:51:59.071+00
U-0062,true,0,0,0,0,0,2026-03-20 13:14:42.323+00
U-0062,INV-190151,0,0,0,0,0,2026-03-21 01:44:48.283+00
U-0062,hack-8-1,1,3,1,0,0,2026-03-16 02:33:18.185+00
U-0062,T-017,0,1,0,0,0,2026-03-25 13:42:18.139+00
U-0062,/submit/hack-6-2,0,0,0,0,0,2026-03-13 14:14:17.34+00
U-0062,ended,0,0,0,0,0,2026-03-26 14:24:10.789+00
U-0062,T-003,0,1,0,0,0,2026-03-24 10:02:16.336+00
U-0062,hack-2-1,0,1,0,0,0,2026-03-22 02:58:40.802+00
U-0062,T-001,0,1,0,0,0,2026-03-24 09:52:18.336+00
U-0062,T-013,0,1,0,0,0,2026-03-24 09:43:12.336+00
U-0062,T-3463,0,0,0,0,0,2026-03-10 14:56:47.104+00
U-0062,INV-628584,0,0,0,0,0,2026-03-23 14:01:36.788+00
U-0062,hack-9,0,1,0,0,0,2026-03-20 13:38:57.548+00
U-0062,T-010,0,2,0,1,0,2026-03-22 08:44:21.021+00
U-0062,ongoing,0,0,0,0,0,2026-03-26 01:18:36.367+00
U-0062,hack-6,2,3,1,0,0,2026-03-26 14:36:35.789+00
U-0062,hackathons_list,0,0,0,0,0,2026-03-25 13:28:47.236+00
U-0062,Blockchain,0,0,0,0,0,2026-03-26 01:18:42.367+00
U-0062,hack-3,3,3,0,1,0,2026-03-25 13:31:15.236+00
U-0062,notification_panel,0,0,0,0,0,2026-03-24 09:05:05.857+00
U-0062,hack-5-2,4,4,0,0,0,2026-03-26 14:33:28.789+00
U-0062,hack-3-1,0,0,0,0,1,2026-03-21 12:59:04.049+00
U-0062,/team/T-019/manage,0,0,0,0,0,2026-03-13 12:26:18.801+00
U-0062,/team/T-029/manage,0,0,0,0,0,2026-03-25 06:33:23.319+00
U-0062,hack-6-1,2,2,0,0,0,2026-03-17 21:39:20.47+00
U-0062,T-006,0,0,0,0,0,2026-02-28 06:07:28+00
U-0062,INV-405845,0,0,0,0,0,2026-03-25 09:17:46.189+00
U-0062,T-009,0,0,0,0,0,2026-03-18 12:12:40.445+00
U-0062,/team/T-013/manage,0,0,0,0,0,2026-03-10 10:55:19.021+00
U-0062,/hackathons,0,0,0,0,0,2026-03-26 14:24:00.789+00
U-0062,/submit/hack-7-1,0,0,0,0,0,2026-03-24 14:22:04.797+00
U-0062,/team/T-030/manage,0,0,0,0,0,2026-03-19 18:18:07.004+00
U-0062,/submit/hack-6,0,0,0,0,0,2026-03-20 06:33:54.021+00
U-0062,Cloud,0,0,0,0,0,2026-03-17 21:36:29.47+00
U-0062,/team/T-016/manage,0,0,0,0,0,2026-03-24 09:57:16.174+00
U-0062,Team-U-0062-405,0,0,0,0,0,2026-03-10 14:55:52.104+00
U-0062,T-026,0,1,0,0,0,2026-03-16 21:09:01.097+00
U-0062,T-028,0,4,0,0,0,2026-03-24 14:44:42.071+00
U-0062,fallback-team_detail_close,0,0,0,0,0,2026-03-21 12:59:20.049+00
U-0062,/camp,0,0,0,0,0,2026-03-26 10:09:09.785+00
U-0062,team,0,0,0,0,0,2026-03-25 13:39:52.139+00
U-0062,T-020,0,1,0,0,0,2026-03-18 12:13:49.445+00
U-0062,hack-2,4,4,1,0,0,2026-03-26 01:31:16.367+00
U-0062,/matcher,0,0,0,0,0,2026-03-25 13:37:59.139+00
U-0062,T-016,0,2,0,0,0,2026-03-26 10:16:51.785+00
U-0062,hack-2-2,3,6,0,0,0,2026-03-26 14:29:42.789+00
U-0062,closed,0,0,0,0,0,2026-03-17 14:21:44.307+00
U-0062,user,0,0,0,0,0,2026-03-22 22:00:18.324+00
U-0062,T-004,0,2,0,1,0,2026-03-23 14:04:24.788+00
U-0063,hack-2-1,2,2,0,0,0,2026-03-27 12:22:11.897+00
U-0063,fallback-chatbot_response,0,0,0,0,0,2026-03-04 11:32:57.426+00
U-0063,/team/T-006/manage,0,0,0,0,0,2026-03-20 13:28:08.498+00
U-0063,hack-4-1,0,0,0,0,0,2026-03-25 08:46:38.493+00
U-0063,T-006,0,2,0,0,0,2026-03-21 04:21:30.748+00
U-0063,hack-8-1,7,10,1,1,0,2026-03-24 21:20:52.041+00
U-0063,hack-6-2,8,11,0,0,0,2026-03-27 13:59:44.382+00
U-0063,hack-10,1,1,0,0,0,2026-03-21 21:45:54.393+00
U-0063,INV-765094,0,0,0,0,0,2026-03-23 20:06:31.274+00
U-0063,INV-346617,0,0,0,0,0,2026-03-22 13:07:00.66+00
U-0063,hack-2-2,5,7,0,1,0,2026-03-27 07:30:08.262+00
U-0063,false,0,0,0,0,0,2026-03-28 09:43:41.369+00
U-0063,Data,0,0,0,0,0,2026-03-18 09:12:16.651+00
U-0063,T-017,0,0,0,0,0,2026-03-27 10:51:46.12+00
U-0063,hack-8,1,1,0,0,0,2026-03-27 07:24:34.262+00
U-0063,INV-240852,0,0,0,0,0,2026-03-28 03:40:17.063+00
U-0063,hack-6-1,2,2,0,0,0,2026-03-14 13:38:12.13+00
U-0063,/team/T-004/manage,0,0,0,0,0,2026-03-21 04:16:05.306+00
U-0063,/team/T-014/manage,0,0,0,0,0,2026-03-22 01:24:48.163+00
U-0063,hack-11,0,0,0,0,0,2026-03-22 03:36:38.649+00
U-0063,fallback-hackathon_filter,0,0,0,0,0,2026-03-22 14:24:06.151+00
U-0063,all,0,0,0,0,0,2026-03-25 01:40:05.607+00
U-0063,T-019,0,2,0,1,0,2026-03-18 19:35:35.735+00
U-0063,T-012,0,3,0,0,0,2026-03-27 12:19:36.844+00
U-0063,T-030,0,3,0,1,0,2026-03-22 04:37:58.66+00
U-0063,fallback-team_create,0,0,0,0,0,2026-02-28 05:48:14.489+00
U-0063,/chat,0,0,0,0,0,2026-03-28 21:34:05.755+00
U-0063,Team-U-0063-774,0,0,0,0,0,2026-03-25 04:11:26.564+00
U-0063,hack-7-1,12,11,1,1,0,2026-03-24 07:30:15.084+00
U-0063,/team/T-011/manage,0,0,0,0,0,2026-03-14 10:57:20.683+00
U-0063,chatbot_room,0,0,0,0,0,2026-03-28 21:39:44.755+00
U-0063,/submit/hack-4-2,0,0,0,0,0,2026-03-18 02:55:48.159+00
U-0063,INV-261245,0,0,0,0,0,2026-03-22 04:37:19.66+00
U-0063,/hackathons,0,0,0,0,0,2026-03-27 07:18:59.262+00
U-0063,T-009,0,3,0,0,0,2026-03-24 11:45:37.023+00
U-0063,Cloud,0,0,0,0,0,2026-03-21 11:57:24.515+00
U-0063,INV-878965,0,0,0,0,0,2026-03-19 09:54:54.718+00
U-0063,hack-3-2,3,5,0,0,0,2026-03-27 07:33:03.262+00
U-0063,hack-9-1,6,8,1,1,0,2026-03-27 14:09:48.382+00
U-0063,/team/T-026/manage,0,0,0,0,0,2026-03-04 08:37:06.639+00
U-0063,T-020,0,1,0,0,0,2026-03-22 03:47:47.649+00
U-0063,hack-13,1,2,0,0,0,2026-03-28 02:13:30.879+00
U-0063,fallback-team_detail_close,0,0,0,0,0,2026-03-13 14:17:29.332+00
U-0063,hack-15,0,1,0,0,0,2026-03-20 11:40:03.699+00
U-0063,/submit/hack-3,0,0,0,0,0,2026-03-26 04:57:58.054+00
U-0063,Team-U-0063-864,0,0,0,0,0,2026-03-24 10:27:27.604+00
U-0063,INV-874072,0,0,0,0,0,2026-03-26 10:11:13.356+00
U-0063,true,0,0,0,0,0,2026-03-18 00:47:56.822+00
U-0063,T-008,0,1,0,0,0,2026-03-22 12:04:16.748+00
U-0063,T-9326,0,0,0,0,0,2026-03-21 02:00:51.83+00
U-0063,Team-U-0063-251,0,0,0,0,0,2026-03-16 06:20:12.263+00
U-0063,fallback-team_notice_send,0,0,0,0,0,2026-03-18 11:49:22.117+00
U-0063,fallback-recommendation_click,0,0,0,0,0,2026-03-26 07:44:41.767+00
U-0063,hack-12,1,1,1,0,0,2026-03-16 16:17:29.226+00
U-0063,hack-9,0,0,0,0,0,2026-03-20 11:38:20.699+00
U-0063,Team-U-0063-669,0,0,0,0,0,2026-03-19 13:46:24.141+00
U-0063,T-5690,0,0,0,0,0,2026-03-22 04:08:55.649+00
U-0063,T-026,0,5,0,1,0,2026-03-26 14:59:59.999+00
U-0063,open,0,0,0,0,0,2026-03-25 03:59:59.564+00
U-0063,T-018,0,1,0,0,0,2026-03-27 12:15:36.844+00
U-0063,/team/T-019/manage,0,0,0,0,0,2026-03-18 05:53:21.5+00
U-0063,hack-4,8,8,1,0,0,2026-03-26 02:55:02.118+00
U-0063,team,0,0,0,0,0,2026-03-28 02:12:21.879+00
U-0063,INV-937285,0,0,0,0,0,2026-03-01 09:05:24.88+00
U-0063,T-013,0,4,0,1,0,2026-03-28 03:41:22.063+00
U-0063,ended,0,0,0,0,0,2026-03-25 04:37:43.383+00
U-0063,hack-3-1,0,0,0,0,0,2026-03-19 10:58:08.568+00
U-0063,AI,0,0,0,0,0,2026-03-25 04:38:15.383+00
U-0063,T-029,0,2,0,0,0,2026-03-22 08:59:08.045+00
U-0063,/camp,0,0,0,0,0,2026-03-25 08:44:19.493+00
U-0063,/team/T-012/manage,0,0,0,0,0,2026-03-23 13:58:19.152+00
U-0063,hack-5-1,0,0,0,0,0,2026-03-14 14:59:59.999+00
U-0063,T-002,0,3,0,0,0,2026-03-19 11:29:49.469+00
U-0063,Blockchain,0,0,0,0,0,2026-03-27 07:20:23.262+00
U-0063,/team/T-017/manage,0,0,0,0,0,2026-03-27 10:46:27.12+00
U-0063,T-007,0,1,0,1,0,2026-03-28 02:14:04.879+00
U-0063,/team/T-013/manage,0,0,0,0,0,2026-03-26 10:11:50.433+00
U-0063,T-001,0,2,0,0,0,2026-03-21 09:54:03.232+00
U-0063,T-028,0,9,0,0,0,2026-03-23 12:49:28.115+00
U-0063,T-016,0,5,0,1,0,2026-03-25 09:01:52.493+00
U-0063,T-005,0,3,0,0,0,2026-03-25 11:06:38.59+00
U-0063,/profile/notifications,0,0,0,0,0,2026-03-28 12:56:02.44+00
U-0063,Team-U-0063-377,0,0,0,0,0,2026-03-14 08:33:41.652+00
U-0063,fallback-submit_project,0,0,0,0,0,2026-03-26 14:59:59.999+00
U-0063,fallback-team_detail_open,0,0,0,0,0,2026-03-17 11:14:30.358+00
U-0063,INV-813193,0,0,0,0,0,2026-03-27 14:30:49.034+00
U-0063,fallback-team_member_kick,0,0,0,0,0,2026-03-19 08:06:15.533+00
U-0063,closed,0,0,0,0,0,2026-03-25 10:48:56.59+00
U-0063,/submit/hack-10-1,0,0,0,0,0,2026-03-14 02:27:11.63+00
U-0063,T-004,0,3,0,0,0,2026-03-22 04:00:00.649+00
U-0063,Team-U-0063-140,0,0,0,0,0,2026-03-21 01:58:54.83+00
U-0063,T-015,0,3,0,1,0,2026-03-22 13:08:24.66+00
U-0063,T-011,0,2,0,0,0,2026-03-19 13:18:28.141+00
U-0063,hackathons_list,0,0,0,0,0,2026-03-27 07:20:43.262+00
U-0063,/team/T-029/manage,0,0,0,0,0,2026-03-22 08:55:45.045+00
U-0063,hack-3,6,8,1,0,1,2026-03-26 14:45:01.516+00
U-0063,notification_panel,0,0,0,0,0,2026-03-21 09:54:16.232+00
U-0063,hack-4-2,7,7,0,1,1,2026-03-25 01:44:59.607+00
U-0063,hack-14,1,1,0,0,1,2026-03-25 04:45:24.383+00
U-0063,T-027,0,4,0,0,0,2026-03-27 14:59:59.999+00
U-0063,/matcher,0,0,0,0,0,2026-03-28 09:40:41.369+00
U-0063,T-7429,0,0,0,0,0,2026-03-14 08:34:17.652+00
U-0063,T-014,0,1,0,0,0,2026-03-22 01:25:05.163+00
U-0063,T-003,0,4,0,0,0,2026-03-26 10:56:24.742+00
U-0063,Team-U-0063-663,0,0,0,0,0,2026-03-24 21:31:11.041+00
U-0063,user,0,0,0,0,0,2026-03-28 09:40:53.369+00
U-0063,hack-2,3,7,1,1,0,2026-03-27 12:23:13.897+00
U-0063,hack-10-1,7,5,1,1,0,2026-03-25 04:49:42.383+00
U-0063,T-1877,0,0,0,0,0,2026-03-25 04:12:04.564+00
U-0063,ongoing,0,0,0,0,0,2026-03-24 17:25:44.32+00
U-0063,hack-6,6,10,1,1,0,2026-03-23 11:30:53.024+00
U-0063,hack-5,4,8,0,0,0,2026-03-28 09:42:45.369+00
U-0063,fallback-team_recruit_toggle,0,0,0,0,0,2026-03-27 07:35:00.262+00
U-0063,INV-849457,0,0,0,0,0,2026-03-13 14:04:01.399+00
U-0063,hack-5-2,7,9,0,1,0,2026-03-28 09:44:42.369+00
U-0063,/submit/hack-14,0,0,0,0,0,2026-03-22 13:44:25.752+00
U-0063,/team/T-001/manage,0,0,0,0,0,2026-03-05 05:44:26.749+00
U-0063,Web,0,0,0,0,0,2026-03-24 07:22:08.084+00
U-0063,Team-U-0063-743,0,0,0,0,0,2026-03-22 04:07:08.649+00
U-0063,/submit/hack-8-1,0,0,0,0,0,2026-03-04 11:32:56.426+00
U-0063,T-010,0,1,0,0,0,2026-03-26 10:56:33.742+00
U-0064,T-030,0,20,0,0,0,2026-03-27 10:11:39.346+00
U-0064,hack-2-2,2,2,0,0,0,2026-03-28 06:28:04.63+00
U-0064,/team/T-006/manage,0,0,0,0,0,2026-03-20 09:45:57.31+00
U-0064,INV-181681,0,0,0,0,0,2026-03-17 09:06:26.641+00
U-0064,INV-760027,0,0,0,0,0,2026-03-25 13:16:03.173+00
U-0064,Cloud,0,0,0,0,0,2026-03-17 05:01:24.32+00
U-0064,INV-403003,0,0,0,0,0,2026-03-25 10:21:17.369+00
U-0064,Team-U-0064-459,0,0,0,0,0,2026-03-24 12:52:26.075+00
U-0064,Data,0,0,0,0,0,2026-03-17 03:58:30.735+00
U-0064,/hackathons,0,0,0,0,0,2026-03-26 12:09:16.284+00
U-0064,T-004,0,1,0,0,0,2026-03-22 10:47:44.64+00
U-0064,T-8992,0,0,0,0,0,2026-03-24 12:53:55.075+00
U-0064,hack-8-1,2,9,0,0,0,2026-03-26 12:15:48.284+00
U-0064,INV-132310,0,0,0,0,0,2026-03-05 11:02:17.771+00
U-0064,hack-6-2,4,4,1,0,0,2026-03-26 12:03:34.224+00
U-0064,T-009,0,4,0,0,0,2026-03-24 12:36:51.075+00
U-0064,hack-5-2,3,5,1,1,0,2026-03-28 14:46:09.705+00
U-0064,T-001,0,2,0,1,0,2026-03-28 09:24:04.6+00
U-0064,/camp,0,0,0,0,0,2026-03-28 09:12:35.6+00
U-0064,INV-681603,0,0,0,0,0,2026-03-26 14:43:47.341+00
U-0064,hack-2,4,4,0,0,1,2026-03-27 14:45:34.177+00
U-0064,fallback-team_join,0,0,0,0,0,2026-03-02 03:19:40.862+00
U-0064,user,0,0,0,0,0,2026-03-24 13:23:49.042+00
U-0064,/submit/hack-8-1,0,0,0,0,0,2026-03-12 23:23:39.289+00
U-0064,hack-11,1,1,0,0,0,2026-03-21 14:13:21.481+00
U-0064,/chat,0,0,0,0,0,2026-03-27 09:42:33.131+00
U-0064,INV-458923,0,0,0,0,0,2026-03-27 23:54:12.379+00
U-0064,/submit/hack-9-1,0,0,0,0,0,2026-03-10 09:37:18.342+00
U-0064,hack-6-1,1,1,1,0,0,2026-03-21 14:40:44.376+00
U-0064,INV-853297,0,0,0,0,0,2026-03-19 12:59:27.887+00
U-0064,/team/T-014/manage,0,0,0,0,0,2026-03-19 11:56:12.754+00
U-0064,T-019,0,4,0,0,0,2026-03-20 02:18:29.737+00
U-0064,T-028,0,8,0,0,0,2026-03-27 09:42:52.786+00
U-0064,T-006,0,1,0,0,0,2026-03-28 09:28:58.6+00
U-0064,T-002,0,0,0,0,0,2026-03-27 12:31:28.011+00
U-0064,hack-3-1,0,0,0,0,0,2026-03-23 14:02:55.296+00
U-0064,Team-U-0064-330,0,0,0,0,0,2026-03-26 14:40:17.122+00
U-0064,fallback-team_request_review,0,0,0,0,0,2026-03-20 14:02:21.516+00
U-0064,T-029,0,4,0,0,0,2026-03-23 01:44:09.256+00
U-0064,T-8761,0,0,0,0,0,2026-03-01 11:01:01.262+00
U-0064,INV-365487,0,0,0,0,0,2026-03-17 09:59:39.273+00
U-0064,T-016,0,1,0,0,0,2026-03-22 23:04:02.867+00
U-0064,hack-9-1,3,5,0,0,0,2026-03-26 12:13:47.284+00
U-0064,fallback-page_view,0,0,0,0,0,2026-03-16 05:07:50.233+00
U-0064,closed,0,0,0,0,0,2026-03-28 09:14:19.6+00
U-0064,/submit/hack-7-1,0,0,0,0,0,2026-03-17 14:17:15.764+00
U-0064,hackathons_list,0,0,0,0,0,2026-03-26 14:32:49.825+00
U-0064,hack-14,1,1,0,0,0,2026-03-17 05:16:53.32+00
U-0064,T-015,0,1,0,1,0,2026-03-25 14:13:25.569+00
U-0064,T-008,0,4,0,0,0,2026-03-24 12:33:26.075+00
U-0064,INV-182168,0,0,0,0,0,2026-03-05 14:43:43.667+00
U-0064,Team-U-0064-634,0,0,0,0,0,2026-03-19 13:41:10.897+00
U-0064,Team-U-0064-657,0,0,0,0,0,2026-03-15 03:03:28.67+00
U-0064,/profile/notifications,0,0,0,0,0,2026-03-28 10:37:25.048+00
U-0064,hack-2-1,0,1,0,0,0,2026-03-21 14:14:02.481+00
U-0064,Team-U-0064-574,0,0,0,0,0,2026-03-27 09:43:59.786+00
U-0064,T-018,0,0,0,1,0,2026-03-28 14:48:54.705+00
U-0064,/submit/hack-2,0,0,0,0,0,2026-03-22 13:55:09.069+00
U-0064,INV-170901,0,0,0,0,0,2026-03-19 09:05:51.687+00
U-0064,hack-3-2,2,3,0,0,0,2026-03-19 12:45:33.251+00
U-0064,notification_panel,0,0,0,0,0,2026-03-05 11:04:17.771+00
U-0064,ongoing,0,0,0,0,0,2026-03-24 03:52:18.205+00
U-0064,hack-7,1,1,1,0,0,2026-03-24 13:26:37.042+00
U-0064,hack-15,1,1,0,0,0,2026-03-17 04:12:05.735+00
U-0064,T-003,0,1,0,0,0,2026-03-20 02:24:08.737+00
U-0064,T-010,0,0,0,1,0,2026-03-20 10:32:49.858+00
U-0064,false,0,0,0,0,0,2026-03-28 14:47:17.705+00
U-0064,Team-U-0064-953,0,0,0,0,0,2026-03-01 11:00:46.262+00
U-0064,all,0,0,0,0,0,2026-03-25 04:16:25.615+00
U-0064,INV-295431,0,0,0,0,0,2026-03-22 23:00:16.867+00
U-0064,T-020,0,0,0,1,0,2026-03-25 14:09:12.569+00
U-0064,open,0,0,0,0,0,2026-03-06 01:58:03.49+00
U-0064,hack-3,6,7,0,0,1,2026-03-28 10:23:07.012+00
U-0064,Team-U-0064-725,0,0,0,0,0,2026-03-23 14:59:59.999+00
U-0064,fallback-team_create_attempt,0,0,0,0,0,2026-03-01 09:00:06.665+00
U-0064,/submit/hack-3,0,0,0,0,0,2026-03-28 10:20:48.012+00
U-0064,/team/T-009/manage,0,0,0,0,0,2026-03-16 05:04:24.233+00
U-0064,T-027,0,0,0,0,0,2026-03-22 10:48:40.64+00
U-0064,T-026,0,7,0,0,0,2026-03-27 14:56:07.177+00
U-0064,T-1683,0,0,0,0,0,2026-03-15 03:04:18.67+00
U-0064,hack-4-2,4,5,1,0,0,2026-03-27 12:26:13.011+00
U-0064,AI,0,0,0,0,0,2026-03-26 14:32:24.825+00
U-0064,T-9401,0,0,0,0,0,2026-03-23 14:59:59.999+00
U-0064,ended,0,0,0,0,0,2026-03-26 12:09:30.284+00
U-0064,INV-744001,0,0,0,0,0,2026-03-19 09:50:24.627+00
U-0064,T-005,0,2,0,1,0,2026-03-28 14:47:58.705+00
U-0064,/matcher,0,0,0,0,0,2026-03-28 14:44:27.705+00
U-0064,chatbot_room,0,0,0,0,0,2026-03-27 09:44:29.131+00
U-0064,hack-6,5,8,1,1,0,2026-03-26 11:31:53.846+00
U-0064,hack-4-1,0,2,0,0,0,2026-03-23 13:42:21.4+00
U-0064,team,0,0,0,0,0,2026-03-28 14:45:56.705+00
U-0064,Blockchain,0,0,0,0,0,2026-03-16 10:47:23.329+00
U-0064,hack-4,5,5,0,0,0,2026-03-27 09:13:56.786+00
U-0064,hack-10-1,3,4,0,0,1,2026-03-26 11:38:34.846+00
U-0064,/submit/hack-10-1,0,0,0,0,0,2026-03-23 11:36:37.303+00
U-0064,T-007,0,3,0,0,0,2026-03-22 14:34:52.27+00
U-0064,hack-10,1,1,1,0,0,2026-03-17 09:19:36.101+00
U-0064,hack-5,4,6,1,1,0,2026-03-26 12:13:01.224+00
U-0064,T-017,0,1,0,1,0,2026-03-28 10:38:10.048+00
U-0064,Team-U-0064-648,0,0,0,0,0,2026-03-10 14:20:06.358+00
U-0064,hack-9,1,1,0,0,0,2026-03-22 14:30:12.27+00
U-0064,hack-7-1,9,9,0,1,0,2026-03-27 10:08:56.346+00
U-0064,T-012,0,1,0,1,0,2026-03-22 23:02:03.867+00
U-0064,true,0,0,0,0,0,2026-03-28 06:27:02.63+00
U-0064,hack-5-1,1,2,1,0,0,2026-03-24 07:20:11.479+00
U-0064,/team/T-005/manage,0,0,0,0,0,2026-03-23 23:52:19.723+00
U-0064,T-3036,0,0,0,0,0,2026-03-26 14:41:05.122+00
U-0064,T-014,0,3,0,1,0,2026-03-27 23:56:29.379+00
U-0064,/team/T-018/manage,0,0,0,0,0,2026-03-02 11:46:52.442+00
U-0064,fallback-submit_project,0,0,0,0,0,2026-03-19 09:09:01.687+00
U-0064,Web,0,0,0,0,0,2026-03-26 12:10:49.284+00
U-0064,Team-U-0064-379,0,0,0,0,0,2026-03-22 09:51:07.584+00
U-0065,Blockchain,0,0,0,0,0,2026-03-21 09:29:37.466+00
U-0065,T-004,0,0,0,0,0,2026-03-21 14:43:01.536+00
U-0065,T-007,0,1,0,0,0,2026-03-04 04:02:43.718+00
U-0065,INV-647635,0,0,0,0,0,2026-03-05 10:58:50.745+00
U-0065,/submit/hack-3-2,0,0,0,0,0,2026-03-11 14:59:59.999+00
U-0065,INV-839404,0,0,0,0,0,2026-03-28 16:41:22.06+00
U-0065,T-017,0,2,0,0,0,2026-03-27 03:36:33.502+00
U-0065,/team/T-029/manage,0,0,0,0,0,2026-03-18 06:27:59.754+00
U-0065,hack-3-1,0,1,0,0,1,2026-03-20 12:34:20.516+00
U-0065,hack-8-1,1,5,1,0,0,2026-03-27 03:18:10.035+00
U-0065,chatbot_room,0,0,0,0,0,2026-03-26 13:44:27.373+00
U-0065,T-014,0,1,0,0,0,2026-03-19 19:11:41.3+00
U-0065,/hackathons,0,0,0,0,0,2026-03-27 12:34:56.086+00
U-0065,T-016,0,2,0,0,0,2026-03-09 10:55:38.856+00
U-0065,T-027,0,7,0,1,0,2026-03-26 03:51:49.248+00
U-0065,ongoing,0,0,0,0,0,2026-03-24 04:26:36.006+00
U-0065,T-006,0,1,0,0,0,2026-03-27 03:50:39.502+00
U-0065,hack-3,2,4,1,0,0,2026-03-24 04:39:11.006+00
U-0065,/team/T-003/manage,0,0,0,0,0,2026-03-23 18:38:33.484+00
U-0065,/chat,0,0,0,0,0,2026-03-26 13:37:46.373+00
U-0065,T-015,0,2,0,0,0,2026-03-25 09:23:04.806+00
U-0065,Team-U-0065-235,0,0,0,0,0,2026-03-26 03:26:38.36+00
U-0065,T-030,0,0,0,0,0,2026-03-24 11:52:28.816+00
U-0065,hack-6,2,3,0,0,0,2026-03-21 09:47:22.727+00
U-0065,T-026,0,0,0,1,0,2026-03-20 08:36:43.03+00
U-0065,team,0,0,0,0,0,2026-03-26 01:03:37.62+00
U-0065,T-3126,0,0,0,0,0,2026-03-20 12:42:37.516+00
U-0065,T-005,0,0,0,0,0,2026-03-25 09:10:01.806+00
U-0065,ended,0,0,0,0,0,2026-03-24 18:09:04.069+00
U-0065,/submit/hack-3-1,0,0,0,0,0,2026-03-14 06:22:52.321+00
U-0065,hack-12,2,2,0,0,0,2026-03-25 10:49:03.87+00
U-0065,INV-739169,0,0,0,0,0,2026-03-08 15:19:39.317+00
U-0065,/team/T-012/manage,0,0,0,0,0,2026-03-26 04:35:21.513+00
U-0065,INV-119907,0,0,0,0,0,2026-03-05 11:08:01.476+00
U-0065,fallback-submit_project,0,0,0,0,0,2026-03-01 01:33:09.241+00
U-0065,Web,0,0,0,0,0,2026-03-21 07:51:17.349+00
U-0065,hack-2,5,7,0,1,0,2026-03-25 10:44:31.87+00
U-0065,user,0,0,0,0,0,2026-03-21 09:45:16.727+00
U-0065,fallback-team_member_kick,0,0,0,0,0,2026-03-21 07:58:05.349+00
U-0065,INV-776139,0,0,0,0,0,2026-03-18 02:10:42.591+00
U-0065,T-028,0,3,0,1,0,2026-03-26 03:25:21.36+00
U-0065,/team/T-004/manage,0,0,0,0,0,2026-03-01 02:17:18.304+00
U-0065,hack-2-2,4,4,0,0,0,2026-03-24 11:49:20.816+00
U-0065,T-008,0,0,0,0,0,2026-03-27 01:46:16.884+00
U-0065,T-003,0,1,0,0,0,2026-03-24 05:08:57.652+00
U-0065,T-002,0,0,0,0,0,2026-03-26 01:05:47.62+00
U-0065,open,0,0,0,0,0,2026-03-26 03:29:29.248+00
U-0065,hack-6-1,0,0,0,0,0,2026-03-17 05:48:36.423+00
U-0065,AI,0,0,0,0,0,2026-03-24 14:30:18.192+00
U-0065,hack-7-1,3,7,0,0,0,2026-03-27 12:44:52.086+00
U-0065,T-019,0,1,0,1,0,2026-03-27 12:22:59.591+00
U-0065,INV-357197,0,0,0,0,0,2026-03-07 10:16:57.595+00
U-0065,hack-3-2,4,5,1,0,0,2026-03-27 12:42:14.086+00
U-0065,hack-4,9,12,1,1,0,2026-03-26 03:01:19.36+00
U-0065,fallback-team_request_create,0,0,0,0,0,2026-03-18 02:10:53.591+00
U-0065,hack-5-2,5,1,0,1,0,2026-03-26 12:38:57.755+00
U-0065,INV-384848,0,0,0,0,0,2026-03-14 02:08:58.395+00
U-0065,/profile/notifications,0,0,0,0,0,2026-03-28 16:40:26.06+00
U-0065,T-011,0,1,0,0,0,2026-03-20 12:41:40.516+00
U-0065,hack-15,0,0,0,0,0,2026-03-17 12:16:56.191+00
U-0065,/matcher,0,0,0,0,0,2026-03-26 01:01:56.62+00
U-0065,hack-10-1,3,5,1,0,0,2026-03-27 03:28:08.035+00
U-0065,INV-746510,0,0,0,0,0,2026-03-26 14:56:26.178+00
U-0065,Team-U-0065-642,0,0,0,0,0,2026-03-24 05:12:59.652+00
U-0065,T-020,0,0,0,0,0,2026-03-26 13:06:39.755+00
U-0065,Team-U-0065-498,0,0,0,0,0,2026-03-20 12:42:06.516+00
U-0065,hack-8,2,1,0,0,0,2026-03-24 14:34:11.192+00
U-0065,T-012,0,2,0,1,0,2026-03-26 12:50:13.755+00
U-0065,hack-5,0,3,0,0,0,2026-03-25 12:08:21.054+00
U-0065,hack-9-1,5,11,0,1,0,2026-03-25 02:02:03.764+00
U-0065,hack-10,0,0,0,0,0,2026-03-21 09:47:06.727+00
U-0065,/camp,0,0,0,0,0,2026-03-27 03:31:55.502+00
U-0065,true,0,0,0,0,0,2026-03-24 11:50:19.816+00
U-0065,hack-7,2,2,1,0,0,2026-03-21 13:15:28.217+00
U-0065,/submit/hack-11,0,0,0,0,0,2026-03-23 23:43:09.244+00
U-0065,false,0,0,0,0,0,2026-03-21 14:41:20.536+00
U-0065,T-009,0,0,0,0,0,2026-03-25 13:02:16.141+00
U-0065,hack-11,1,0,0,0,0,2026-03-24 14:50:43.192+00
U-0065,T-010,0,0,0,0,0,2026-03-25 13:05:07.141+00
U-0065,/team/T-016/manage,0,0,0,0,0,2026-03-04 10:21:35.647+00
U-0065,closed,0,0,0,0,0,2026-03-24 04:46:34.652+00
U-0065,INV-492232,0,0,0,0,0,2026-03-19 22:09:42.79+00
U-0065,/team/T-008/manage,0,0,0,0,0,2026-03-27 01:44:12.884+00
U-0065,T-029,0,6,0,1,0,2026-03-24 04:54:23.652+00
U-0065,hackathons_list,0,0,0,0,0,2026-03-27 12:37:13.086+00
U-0065,all,0,0,0,0,0,2026-03-25 11:59:16.054+00
U-0065,hack-4-1,1,1,0,0,0,2026-03-21 09:48:35.727+00
U-0065,hack-2-1,0,0,0,0,0,2026-03-17 12:19:36.191+00
U-0065,hack-6-2,5,10,1,1,0,2026-03-25 12:06:41.054+00
U-0065,T-018,0,0,0,0,0,2026-03-21 00:28:51.138+00
U-0065,T-001,0,0,0,0,0,2026-03-21 00:30:45.138+00
U-0065,fallback-team_create,0,0,0,0,0,2026-03-23 20:43:58.629+00
U-0065,hack-4-2,2,3,0,0,0,2026-03-26 01:05:04.62+00
U-0065,hack-14,0,0,0,0,0,2026-03-18 14:03:20.116+00
U-0066,T-014,0,3,0,0,0,2026-03-26 03:29:24.768+00
U-0066,/team/T-015/manage,0,0,0,0,0,2026-03-11 02:00:02.067+00
U-0066,Web,0,0,0,0,0,2026-03-15 13:56:19.42+00
U-0066,T-027,0,6,0,0,0,2026-03-28 03:55:34.489+00
U-0066,/submit/hack-2-2,0,0,0,0,0,2026-03-23 09:45:01.492+00
U-0066,hack-5-2,4,5,1,1,0,2026-03-28 09:38:01.577+00
U-0066,/team/T-005/manage,0,0,0,0,0,2026-03-19 12:59:56.157+00
U-0066,T-6278,0,0,0,0,0,2026-03-16 20:38:47.69+00
U-0066,hack-3,9,8,0,1,1,2026-03-27 16:54:59.032+00
U-0066,/team/T-027/manage,0,0,0,0,0,2026-03-24 22:11:53.87+00
U-0066,T-6794,0,0,0,0,0,2026-03-14 13:06:24.834+00
U-0066,/team/T-019/manage,0,0,0,0,0,2026-03-21 12:51:06.472+00
U-0066,/submit/hack-8-1,0,0,0,0,0,2026-03-23 06:19:18.806+00
U-0066,/team/T-001/manage,0,0,0,0,0,2026-03-04 14:41:49.705+00
U-0066,T-028,0,10,0,0,0,2026-03-27 12:17:55.362+00
U-0066,hack-2,5,7,0,0,0,2026-03-25 23:03:31.288+00
U-0066,hack-11,1,1,0,0,0,2026-03-20 23:01:32.709+00
U-0066,INV-366835,0,0,0,0,0,2026-03-01 11:24:45.306+00
U-0066,/camp,0,0,0,0,0,2026-03-26 14:37:31.588+00
U-0066,Data,0,0,0,0,0,2026-03-28 11:57:24.854+00
U-0066,hack-6,4,6,0,0,0,2026-03-26 03:55:52.276+00
U-0066,T-006,0,1,0,0,0,2026-03-28 08:52:08.662+00
U-0066,/team/T-006/manage,0,0,0,0,0,2026-03-24 17:06:59.132+00
U-0066,hack-4-1,0,0,0,0,0,2026-03-21 01:30:35.294+00
U-0066,T-030,0,14,0,0,0,2026-03-28 08:58:42.662+00
U-0066,T-008,0,1,0,0,0,2026-03-03 21:49:56.632+00
U-0066,T-016,0,2,0,1,0,2026-03-27 10:27:16.88+00
U-0066,ended,0,0,0,0,0,2026-03-21 20:33:37.192+00
U-0066,hack-7,1,0,0,0,0,2026-03-20 07:15:15.472+00
U-0066,T-017,0,3,0,0,0,2026-03-26 11:54:06.095+00
U-0066,false,0,0,0,0,0,2026-03-21 03:28:46.314+00
U-0066,T-019,0,3,0,0,0,2026-03-23 11:02:45.528+00
U-0066,AI,0,0,0,0,0,2026-03-24 14:41:13.797+00
U-0066,T-012,0,1,0,0,0,2026-03-28 03:54:46.489+00
U-0066,/team/T-003/manage,0,0,0,0,0,2026-03-10 10:47:17.518+00
U-0066,hack-4-2,9,15,0,1,0,2026-03-28 12:13:03.854+00
U-0066,/matcher,0,0,0,0,0,2026-03-28 03:52:05.489+00
U-0066,/team/T-030/manage,0,0,0,0,0,2026-03-12 19:10:44.385+00
U-0066,INV-761657,0,0,0,0,0,2026-03-28 14:29:13.255+00
U-0066,team,0,0,0,0,0,2026-03-28 03:52:59.489+00
U-0066,hack-13,1,2,0,0,0,2026-03-23 03:42:24.456+00
U-0066,INV-499702,0,0,0,0,0,2026-03-17 13:35:45.485+00
U-0066,/team/T-004/manage,0,0,0,0,0,2026-03-02 12:24:00.499+00
U-0066,T-005,0,1,0,1,0,2026-03-27 03:34:04.406+00
U-0066,T-015,0,3,0,0,0,2026-03-26 03:36:43.768+00
U-0066,/chat,0,0,0,0,0,2026-03-28 07:39:42.439+00
U-0066,Blockchain,0,0,0,0,0,2026-03-27 16:40:54.032+00
U-0066,hack-3-2,7,8,1,0,0,2026-03-28 09:36:26.577+00
U-0066,/hackathons,0,0,0,0,0,2026-03-28 11:56:57.854+00
U-0066,all,0,0,0,0,0,2026-03-28 09:31:27.577+00
U-0066,hack-2-2,4,6,0,1,1,2026-03-27 16:46:51.032+00
U-0066,hack-5,3,8,0,1,0,2026-03-28 12:13:50.854+00
U-0066,hack-15,0,1,0,0,0,2026-03-19 07:51:06.574+00
U-0066,hack-14,0,0,0,0,0,2026-03-11 17:32:43.417+00
U-0066,hack-9-1,5,7,1,0,1,2026-03-28 09:43:15.577+00
U-0066,T-007,0,2,0,1,0,2026-03-28 09:10:40.138+00
U-0066,T-004,0,2,0,1,0,2026-03-23 04:28:21.834+00
U-0066,hackathons_list,0,0,0,0,0,2026-03-28 11:59:16.854+00
U-0066,T-020,0,3,0,0,0,2026-03-23 19:28:09.764+00
U-0066,/submit/hack-2-1,0,0,0,0,0,2026-03-27 12:01:35.605+00
U-0066,/team/T-010/manage,0,0,0,0,0,2026-03-23 12:50:29.289+00
U-0066,T-018,0,1,0,1,0,2026-03-23 11:42:35.85+00
U-0066,hack-7-1,11,12,0,1,0,2026-03-28 12:07:55.854+00
U-0066,chatbot_room,0,0,0,0,0,2026-03-28 07:42:54.439+00
U-0066,INV-487319,0,0,0,0,0,2026-03-27 10:25:55.88+00
U-0066,Team-U-0066-182,0,0,0,0,0,2026-03-28 13:41:40.525+00
U-0066,user,0,0,0,0,0,2026-03-24 11:26:49.471+00
U-0066,closed,0,0,0,0,0,2026-03-26 11:48:22.095+00
U-0066,T-003,0,3,0,0,0,2026-03-23 11:19:29.528+00
U-0066,fallback-team_filter,0,0,0,0,0,2026-03-11 17:32:48.417+00
U-0066,hack-6-2,4,4,0,1,0,2026-03-28 12:04:17.854+00
U-0066,fallback-recommendation_click,0,0,0,0,0,2026-03-03 06:18:54.308+00
U-0066,hack-6-1,0,0,0,0,0,2026-03-11 17:31:10.417+00
U-0066,INV-119400,0,0,0,0,0,2026-03-17 08:28:09.521+00
U-0066,T-009,0,3,0,0,0,2026-03-28 03:56:24.489+00
U-0066,T-011,0,1,0,0,0,2026-03-26 12:25:03.265+00
U-0066,hack-2-1,2,4,0,0,0,2026-03-24 14:52:27.797+00
U-0066,Team-U-0066-930,0,0,0,0,0,2026-03-14 13:04:24.834+00
U-0066,/team/T-007/manage,0,0,0,0,0,2026-03-17 09:22:47.695+00
U-0066,/submit/hack-9-1,0,0,0,0,0,2026-03-11 05:32:09.266+00
U-0066,hack-4,7,8,0,1,0,2026-03-23 10:47:45.597+00
U-0066,hack-12,0,0,0,0,0,2026-03-28 09:04:34.138+00
U-0066,fallback-invite_response,0,0,0,0,0,2026-03-11 03:47:01.04+00
U-0066,hack-3-1,2,2,0,0,0,2026-03-22 14:08:55.087+00
U-0066,open,0,0,0,0,0,2026-03-28 09:04:15.138+00
U-0066,ongoing,0,0,0,0,0,2026-03-15 09:56:12.44+00
U-0066,T-001,0,2,0,0,0,2026-03-28 09:10:12.662+00
U-0066,T-010,0,3,0,0,0,2026-03-26 03:26:17.768+00
U-0066,T-026,0,6,0,0,0,2026-03-28 13:40:04.525+00
U-0066,hack-10,1,1,0,0,0,2026-03-09 20:11:13.523+00
U-0066,/team/T-018/manage,0,0,0,0,0,2026-03-11 04:20:32.595+00
U-0066,/team/T-020/manage,0,0,0,0,0,2026-03-23 19:24:57.764+00
U-0066,Cloud,0,0,0,0,0,2026-03-08 13:04:38.147+00
U-0066,T-002,0,3,0,1,0,2026-03-27 03:24:04.406+00
U-0066,/profile/notifications,0,0,0,0,0,2026-03-28 14:28:51.255+00
U-0066,T-029,0,6,0,0,0,2026-03-24 05:27:26.3+00
U-0066,true,0,0,0,0,0,2026-03-28 03:53:49.489+00
U-0066,/team/T-009/manage,0,0,0,0,0,2026-03-24 10:42:23.064+00
U-0066,hack-8-1,7,7,1,1,1,2026-03-28 12:20:32.854+00
U-0066,/team/T-011/manage,0,0,0,0,0,2026-03-26 12:24:56.265+00
U-0066,T-013,0,0,0,0,0,2026-03-12 20:29:28.727+00
U-0066,Team-U-0066-639,0,0,0,0,0,2026-03-24 05:29:24.3+00
U-0066,hack-10-1,5,6,0,1,0,2026-03-28 13:31:14.525+00
U-0066,fallback-matcher_profile_select,0,0,0,0,0,2026-03-21 03:30:32.314+00
U-0067,fallback-team_request_review,0,0,0,0,0,2026-03-26 17:00:37.506+00
U-0067,ongoing,0,0,0,0,0,2026-03-04 08:34:05.436+00
U-0067,/team/T-017/manage,0,0,0,0,0,2026-03-24 12:34:24.755+00
U-0067,hack-7-1,0,0,0,0,0,2026-03-07 09:04:55.23+00
U-0067,hack-2-1,0,1,0,0,0,2026-03-04 10:48:29.821+00
U-0067,hack-6-2,0,1,0,0,0,2026-03-28 13:49:12.567+00
U-0067,T-026,0,1,0,0,0,2026-03-15 07:58:45.358+00
U-0067,ended,0,0,0,0,0,2026-03-25 04:14:58.676+00
U-0067,T-020,0,0,0,0,0,2026-03-25 12:37:26.315+00
U-0067,T-007,0,0,0,0,0,2026-03-19 09:01:47.066+00
U-0067,/matcher,0,0,0,0,0,2026-03-19 14:26:15.16+00
U-0067,/team/T-011/manage,0,0,0,0,0,2026-03-07 01:31:38.198+00
U-0067,notification_panel,0,0,0,0,0,2026-03-09 13:19:44.733+00
U-0067,T-012,0,2,0,0,0,2026-03-28 14:01:07.567+00
U-0067,hack-3-2,1,3,0,1,0,2026-03-27 01:47:53.624+00
U-0067,/team/T-002/manage,0,0,0,0,0,2026-03-05 14:34:58.61+00
U-0067,/profile/notifications,0,0,0,0,0,2026-03-27 06:38:34.684+00
U-0067,fallback-invite_cancel,0,0,0,0,0,2026-03-24 09:10:54.28+00
U-0067,hackathons_list,0,0,0,0,0,2026-03-25 08:46:56.101+00
U-0067,/chat,0,0,0,0,0,2026-03-28 13:33:24.024+00
U-0067,T-027,0,0,0,0,0,2026-03-28 13:52:03.567+00
U-0067,/submit/hack-9-1,0,0,0,0,0,2026-03-05 01:24:49.545+00
U-0067,hack-2,1,0,0,0,1,2026-03-25 11:12:11.458+00
U-0067,hack-5-2,1,1,0,0,0,2026-03-27 12:50:25.889+00
U-0067,hack-8-1,2,2,0,0,0,2026-03-23 09:24:00.407+00
U-0067,hack-4-2,1,2,1,0,0,2026-03-27 12:55:26.889+00
U-0067,closed,0,0,0,0,0,2026-03-23 10:51:20.552+00
U-0067,hack-3-1,1,1,0,0,0,2026-03-23 09:13:54.099+00
U-0067,T-029,0,0,0,0,0,2026-03-15 09:58:35.871+00
U-0067,chatbot_room,0,0,0,0,0,2026-03-28 13:34:44.024+00
U-0067,/camp,0,0,0,0,0,2026-03-28 13:48:54.567+00
U-0067,hack-9-1,1,1,1,0,0,2026-03-23 10:07:18.093+00
U-0067,hack-5,0,0,0,0,0,2026-03-15 10:10:25.296+00
U-0067,T-006,0,0,0,0,0,2026-03-25 12:17:48.386+00
U-0067,hack-4,2,1,0,0,0,2026-03-24 13:35:43.766+00
U-0067,user,0,0,0,0,0,2026-03-15 10:08:03.296+00
U-0067,fallback-team_detail_close,0,0,0,0,0,2026-03-05 13:31:15.468+00
U-0067,Web,0,0,0,0,0,2026-03-27 12:45:35.889+00
U-0067,T-008,0,0,0,1,0,2026-03-07 12:35:27.786+00
U-0067,hack-9,0,1,0,0,0,2026-03-27 01:45:00.624+00
U-0067,INV-217564,0,0,0,0,0,2026-03-27 06:39:37.684+00
U-0067,T-019,0,1,0,0,0,2026-03-26 23:40:15.881+00
U-0067,T-014,0,0,0,0,0,2026-03-06 13:30:45.01+00
U-0067,T-011,0,0,0,0,0,2026-03-09 06:05:12.391+00
U-0067,hack-13,0,0,0,0,0,2026-03-25 12:25:16.315+00
U-0067,all,0,0,0,0,0,2026-03-27 01:42:07.624+00
U-0067,Team-U-0067-341,0,0,0,0,0,2026-03-26 23:41:00.881+00
U-0067,/hackathons,0,0,0,0,0,2026-03-25 08:41:43.101+00
U-0067,T-028,0,6,0,0,0,2026-03-24 13:52:37.766+00
U-0067,INV-449306,0,0,0,0,0,2026-03-06 13:30:29.01+00
U-0067,Blockchain,0,0,0,0,0,2026-03-20 04:48:12.673+00
U-0067,T-030,0,3,0,0,0,2026-03-18 19:37:23.764+00
U-0067,T-010,0,3,0,1,0,2026-03-25 12:09:13.386+00
U-0067,team,0,0,0,0,0,2026-03-15 14:00:36.56+00
U-0067,T-016,0,0,0,0,0,2026-03-28 05:38:03.153+00
U-0067,false,0,0,0,0,0,2026-03-15 09:57:07.871+00
U-0067,hack-6,2,4,0,0,0,2026-03-27 01:51:48.624+00
U-0067,hack-10-1,1,1,1,0,0,2026-03-19 14:29:20.16+00
U-0067,INV-650912,0,0,0,0,0,2026-03-07 12:33:32.786+00
U-0067,hack-2-2,1,1,0,0,0,2026-03-25 04:27:53.676+00
U-0067,hack-11,1,0,0,0,0,2026-03-27 12:49:30.889+00
U-0067,T-017,0,0,0,0,0,2026-03-25 11:57:16.386+00
U-0067,T-005,0,1,0,0,0,2026-03-09 12:47:11.385+00
U-0067,/submit/hack-2,0,0,0,0,0,2026-03-25 11:08:11.458+00
U-0067,T-013,0,1,0,0,0,2026-03-07 09:25:24.23+00
U-0067,/team/T-016/manage,0,0,0,0,0,2026-03-28 05:34:48.153+00
U-0067,/team/T-010/manage,0,0,0,0,0,2026-03-06 04:15:04.693+00
U-0067,T-018,0,1,0,0,0,2026-03-25 12:32:08.315+00
U-0067,hack-3,1,1,0,0,0,2026-03-20 04:51:33.673+00
U-0068,hack-9,0,0,0,0,1,2026-03-16 14:43:59.579+00
U-0068,/profile/notifications,0,0,0,0,0,2026-03-28 11:29:42.058+00
U-0068,hack-4,4,4,1,0,0,2026-03-28 14:37:18.086+00
U-0068,T-015,0,4,0,0,0,2026-03-26 11:42:27.871+00
U-0068,T-3819,0,0,0,0,0,2026-03-23 14:08:53.077+00
U-0068,/team/T-011/manage,0,0,0,0,0,2026-03-27 11:25:16.05+00
U-0068,T-007,0,2,0,0,0,2026-03-24 11:37:22.658+00
U-0068,open,0,0,0,0,0,2026-03-21 14:40:22.321+00
U-0068,hack-8,1,1,1,0,0,2026-03-28 13:49:34.341+00
U-0068,INV-913116,0,0,0,0,0,2026-03-23 14:48:04.805+00
U-0068,/submit/hack-2-2,0,0,0,0,0,2026-03-11 10:33:44.3+00
U-0068,AI,0,0,0,0,0,2026-03-27 12:01:08.087+00
U-0068,Team-U-0068-215,0,0,0,0,0,2026-03-04 10:03:58.75+00
U-0068,/submit/hack-5-2,0,0,0,0,0,2026-03-13 08:12:10.067+00
U-0068,hack-8-1,5,5,0,1,0,2026-03-12 11:11:04.866+00
U-0068,T-004,0,1,0,0,0,2026-03-16 14:41:46.115+00
U-0068,/submit/hack-2,0,0,0,0,0,2026-03-16 12:23:55.593+00
U-0068,hack-3,2,2,0,1,0,2026-03-26 12:52:57.21+00
U-0068,hack-10,1,1,0,0,0,2026-03-23 13:31:38.877+00
U-0068,/team/T-029/manage,0,0,0,0,0,2026-03-16 09:03:03.107+00
U-0068,hack-2,2,3,0,0,1,2026-03-27 04:00:20.416+00
U-0068,T-010,0,2,0,0,0,2026-03-18 10:26:06.517+00
U-0068,Team-U-0068-741,0,0,0,0,0,2026-03-23 14:08:02.077+00
U-0068,hack-15,0,0,0,0,0,2026-03-17 10:48:19.053+00
U-0068,false,0,0,0,0,0,2026-03-18 07:08:41.276+00
U-0068,/submit/hack-7-1,0,0,0,0,0,2026-03-16 02:16:49.202+00
U-0068,hack-14,1,1,0,0,0,2026-03-26 12:20:04.815+00
U-0068,/hackathons,0,0,0,0,0,2026-03-28 14:24:10.086+00
U-0068,hack-13,0,0,0,0,0,2026-03-21 05:33:14.284+00
U-0068,T-002,0,2,0,0,0,2026-03-28 12:56:11.612+00
U-0068,closed,0,0,0,0,0,2026-03-28 12:19:10.281+00
U-0068,T-1574,0,0,0,0,0,2026-03-18 02:02:58.651+00
U-0068,Team-U-0068-207,0,0,0,0,0,2026-03-13 02:15:53.126+00
U-0068,hack-2-1,2,1,0,0,0,2026-03-24 05:06:10.267+00
U-0068,T-028,0,3,0,0,0,2026-03-26 12:51:00.186+00
U-0068,hack-4-1,1,1,0,0,0,2026-03-17 13:48:19.745+00
U-0068,hack-3-1,0,0,0,0,0,2026-03-17 10:49:45.053+00
U-0068,ended,0,0,0,0,0,2026-03-26 13:06:27.706+00
U-0068,/matcher,0,0,0,0,0,2026-03-26 12:47:25.186+00
U-0068,/submit/hack-9,0,0,0,0,0,2026-03-14 10:15:36.297+00
U-0068,Blockchain,0,0,0,0,0,2026-03-14 00:44:27.862+00
U-0068,T-006,0,0,0,0,0,2026-03-28 12:27:47.281+00
U-0068,hack-6-1,0,0,0,0,0,2026-03-11 13:24:28.316+00
U-0068,T-012,0,1,0,0,0,2026-03-18 02:01:18.651+00
U-0068,hack-12,2,3,0,0,0,2026-03-24 05:10:18.267+00
U-0068,T-027,0,5,0,1,0,2026-03-24 12:27:56.854+00
U-0068,hack-3-2,2,2,0,0,0,2026-03-27 12:44:08.158+00
U-0068,Team-U-0068-750,0,0,0,0,0,2026-03-18 02:01:29.651+00
U-0068,T-8359,0,0,0,0,0,2026-03-13 02:16:10.126+00
U-0068,T-029,0,8,0,0,0,2026-03-28 11:36:41.747+00
U-0068,/camp,0,0,0,0,0,2026-03-28 12:32:33.612+00
U-0068,/team/T-013/manage,0,0,0,0,0,2026-03-24 07:20:58.678+00
U-0068,fallback-team_join,0,0,0,0,0,2026-03-26 14:26:14.898+00
U-0068,team,0,0,0,0,0,2026-03-26 12:49:11.186+00
U-0068,/submit/hack-10-1,0,0,0,0,0,2026-03-25 16:11:54.122+00
U-0068,hack-2-2,4,5,0,1,1,2026-03-26 13:14:23.706+00
U-0068,Team-U-0068-441,0,0,0,0,0,2026-03-28 13:57:36.341+00
U-0068,T-003,0,1,0,0,0,2026-03-18 11:20:00.055+00
U-0068,T-019,0,3,0,0,0,2026-03-28 12:49:55.612+00
U-0068,T-017,0,2,0,1,0,2026-03-23 14:49:01.805+00
U-0068,hack-6,3,4,0,1,0,2026-03-23 13:43:54.077+00
U-0068,user,0,0,0,0,0,2026-03-26 12:16:35.815+00
U-0068,/submit/hack-10,0,0,0,0,0,2026-03-23 13:31:34.877+00
U-0068,T-030,0,14,0,1,0,2026-03-23 14:49:55.805+00
U-0068,fallback-invite_cancel,0,0,0,0,0,2026-03-26 11:12:54.597+00
U-0068,ongoing,0,0,0,0,0,2026-03-28 14:10:16.069+00
U-0068,/team/T-009/manage,0,0,0,0,0,2026-03-10 20:20:59.877+00
U-0068,/submit/hack-3-2,0,0,0,0,0,2026-03-12 06:23:41.708+00
U-0068,hack-5-1,1,1,0,0,0,2026-03-12 12:25:52.537+00
U-0068,T-013,0,1,0,0,0,2026-03-24 11:37:29.658+00
U-0068,T-026,0,4,0,0,0,2026-03-27 04:28:02.416+00
U-0068,hack-6-2,5,4,0,1,0,2026-03-26 04:03:39.44+00
U-0068,/team/T-020/manage,0,0,0,0,0,2026-03-11 23:17:05.681+00
U-0068,hackathons_list,0,0,0,0,0,2026-03-28 14:26:38.086+00
U-0068,T-009,0,3,0,0,0,2026-03-21 14:43:35.253+00
U-0068,Web,0,0,0,0,0,2026-03-26 09:48:25.146+00
U-0068,T-001,0,2,0,0,0,2026-03-21 05:34:58.284+00
U-0068,hack-5,5,6,1,0,0,2026-03-28 14:43:10.086+00
U-0068,hack-10-1,3,7,1,0,0,2026-03-28 14:30:33.086+00
U-0068,T-1723,0,0,0,0,0,2026-03-16 11:25:30.743+00
U-0068,T-011,0,0,0,1,0,2026-03-28 13:03:07.612+00
U-0068,INV-169344,0,0,0,0,0,2026-03-28 11:30:20.058+00
U-0068,T-020,0,5,0,0,0,2026-03-23 12:44:47.433+00
U-0068,hack-7-1,4,5,0,0,1,2026-03-28 14:33:14.086+00
U-0068,hack-5-2,4,3,1,0,1,2026-03-28 12:33:32.612+00
U-0068,hack-9-1,5,8,0,0,0,2026-03-28 06:59:56.688+00
U-0068,Data,0,0,0,0,0,2026-03-15 17:21:25.035+00
U-0068,all,0,0,0,0,0,2026-03-28 12:35:28.612+00
U-0068,hack-4-2,3,6,0,0,0,2026-03-28 12:20:51.281+00
U-0068,T-005,0,2,0,0,0,2026-03-28 13:56:12.341+00
U-0068,T-008,0,2,0,0,0,2026-03-23 12:49:13.433+00
U-0068,T-014,0,3,0,0,0,2026-03-24 14:25:45.095+00
U-0068,true,0,0,0,0,0,2026-03-18 10:25:38.517+00
U-0068,T-5178,0,0,0,0,0,2026-03-04 10:04:57.75+00
U-0068,T-016,0,1,0,0,0,2026-03-18 11:04:57.055+00
U-0068,chatbot_room,0,0,0,0,0,2026-03-28 13:24:51.544+00
U-0068,/team/T-026/manage,0,0,0,0,0,2026-03-18 12:35:49.526+00
U-0068,/chat,0,0,0,0,0,2026-03-27 14:54:09.893+00
U-0068,Team-U-0068-615,0,0,0,0,0,2026-03-16 11:24:50.743+00
U-0068,Cloud,0,0,0,0,0,2026-03-28 14:11:19.069+00
U-0069,/team/T-029/manage,0,0,0,0,0,2026-03-12 12:35:22.351+00
U-0069,T-005,0,2,0,0,0,2026-03-21 09:48:52.237+00
U-0069,/profile/notifications,0,0,0,0,0,2026-03-26 13:33:12.597+00
U-0069,T-019,0,2,0,0,0,2026-03-19 13:18:44.825+00
U-0069,T-014,0,2,0,0,0,2026-03-19 10:15:04.168+00
U-0069,/team/T-006/manage,0,0,0,0,0,2026-03-13 12:01:28.436+00
U-0069,fallback-team_notice_send,0,0,0,0,0,2026-03-04 11:34:53.461+00
U-0069,hack-5-1,1,3,0,0,0,2026-03-20 08:55:37.03+00
U-0069,INV-395052,0,0,0,0,0,2026-03-19 13:05:42.217+00
U-0069,hack-3-2,5,6,0,0,0,2026-03-26 14:54:52.228+00
U-0069,hack-7,1,3,0,0,1,2026-03-25 06:21:53.691+00
U-0069,T-6805,0,0,0,0,0,2026-03-01 05:04:30.057+00
U-0069,T-007,0,4,0,0,0,2026-03-21 04:52:14.205+00
U-0069,Data,0,0,0,0,0,2026-03-13 14:20:44.475+00
U-0069,/team/T-013/manage,0,0,0,0,0,2026-03-12 13:41:25.097+00
U-0069,/submit/hack-5-2,0,0,0,0,0,2026-03-24 16:15:17.791+00
U-0069,/team/T-009/manage,0,0,0,0,0,2026-03-11 08:09:48.315+00
U-0069,/hackathons,0,0,0,0,0,2026-03-25 13:09:35.057+00
U-0069,hack-9-1,4,8,0,1,0,2026-03-25 06:26:57.691+00
U-0069,T-006,0,1,0,0,0,2026-03-15 07:23:57.846+00
U-0069,hack-15,1,1,0,0,0,2026-03-08 09:39:22.628+00
U-0069,AI,0,0,0,0,0,2026-03-24 06:35:12.455+00
U-0069,/matcher,0,0,0,0,0,2026-03-19 13:54:36.391+00
U-0069,T-013,0,1,0,0,0,2026-03-19 09:44:41.168+00
U-0069,hack-11,0,0,0,0,0,2026-03-15 07:18:39.846+00
U-0069,/submit/hack-4-2,0,0,0,0,0,2026-03-28 18:28:35.014+00
U-0069,T-020,0,3,0,0,0,2026-03-22 11:07:42.413+00
U-0069,hack-8,0,1,0,0,0,2026-03-18 13:32:19.887+00
U-0069,/chat,0,0,0,0,0,2026-03-26 05:06:39.802+00
U-0069,Blockchain,0,0,0,0,0,2026-03-19 07:30:58.308+00
U-0069,hack-5,6,7,1,0,1,2026-03-25 13:22:28.057+00
U-0069,hack-6,5,7,0,0,0,2026-03-25 03:30:55.531+00
U-0069,/submit/hack-7,0,0,0,0,0,2026-03-19 05:42:45.779+00
U-0069,hack-3-1,1,1,1,0,0,2026-03-04 13:09:52.467+00
U-0069,Team-U-0069-244,0,0,0,0,0,2026-03-21 09:49:26.237+00
U-0069,INV-698253,0,0,0,0,0,2026-03-22 04:36:40.332+00
U-0069,/submit/hack-5,0,0,0,0,0,2026-03-06 03:33:11.269+00
U-0069,T-003,0,1,0,0,0,2026-03-21 05:01:53.205+00
U-0069,fallback-team_join,0,0,0,0,0,2026-03-15 22:31:10.798+00
U-0069,all,0,0,0,0,0,2026-03-25 13:11:39.057+00
U-0069,hack-10,1,1,1,0,0,2026-03-01 11:04:39.277+00
U-0069,T-017,0,2,0,0,0,2026-03-19 10:09:45.168+00
U-0069,team,0,0,0,0,0,2026-03-19 13:55:54.391+00
U-0069,hack-7-1,1,6,0,0,0,2026-03-25 12:47:11.392+00
U-0069,T-026,0,5,0,0,0,2026-03-21 09:30:33.237+00
U-0069,T-027,0,3,0,0,0,2026-03-19 13:58:23.391+00
U-0069,hack-10-1,1,3,0,0,0,2026-03-25 06:26:35.691+00
U-0069,hack-4-2,2,4,1,0,1,2026-03-28 18:28:53.014+00
U-0069,INV-247533,0,0,0,0,0,2026-03-25 12:07:57.278+00
U-0069,hack-6-2,2,5,0,0,1,2026-03-25 13:18:50.057+00
U-0069,Team-U-0069-691,0,0,0,0,0,2026-03-26 13:42:41.029+00
U-0069,T-009,0,0,0,1,0,2026-03-15 15:41:20.588+00
U-0069,INV-311370,0,0,0,0,0,2026-03-25 12:00:43.685+00
U-0069,hack-2-2,3,7,1,0,0,2026-03-24 11:38:37.412+00
U-0069,T-016,0,5,0,0,0,2026-03-22 11:13:19.413+00
U-0069,T-012,0,2,0,1,0,2026-03-26 13:42:16.029+00
U-0069,hackathons_list,0,0,0,0,0,2026-03-25 05:04:31.777+00
U-0069,T-029,0,7,0,0,0,2026-03-26 14:58:39.228+00
U-0069,/camp,0,0,0,0,0,2026-03-26 13:31:03.029+00
U-0069,fallback-team_member_kick,0,0,0,0,0,2026-03-21 05:09:28.205+00
U-0069,T-008,0,1,0,1,0,2026-03-25 07:10:38.134+00
U-0069,ended,0,0,0,0,0,2026-03-24 13:27:22.321+00
U-0069,hack-2,0,2,0,0,0,2026-03-24 06:38:05.455+00
U-0069,T-004,0,0,0,0,0,2026-03-04 11:29:35.461+00
U-0069,Cloud,0,0,0,0,0,2026-03-25 12:37:44.392+00
U-0069,Team-U-0069-499,0,0,0,0,0,2026-03-01 05:04:00.057+00
U-0069,closed,0,0,0,0,0,2026-03-26 14:54:05.228+00
U-0069,T-9219,0,0,0,0,0,2026-03-21 09:50:43.237+00
U-0069,open,0,0,0,0,0,2026-03-21 09:25:30.237+00
U-0069,T-011,0,0,0,0,0,2026-03-15 05:49:44.884+00
U-0069,INV-602205,0,0,0,0,0,2026-03-04 11:07:53.756+00
U-0069,Web,0,0,0,0,0,2026-03-25 06:14:54.691+00
U-0069,/team/T-026/manage,0,0,0,0,0,2026-03-20 03:02:10.019+00
U-0069,hack-4,2,5,1,0,0,2026-03-25 13:25:21.057+00
U-0069,user,0,0,0,0,0,2026-03-18 13:27:55.887+00
U-0069,hack-8-1,4,6,1,0,0,2026-03-25 13:20:07.057+00
U-0069,chatbot_room,0,0,0,0,0,2026-03-26 05:14:11.802+00
U-0069,/team/T-002/manage,0,0,0,0,0,2026-03-22 14:41:23.2+00
U-0069,T-028,0,3,0,1,0,2026-03-21 03:01:31.725+00
U-0069,/submit/hack-2-2,0,0,0,0,0,2026-03-08 12:38:18.068+00
U-0069,hack-3,4,6,0,1,0,2026-03-24 14:59:59.999+00
U-0069,/team/T-003/manage,0,0,0,0,0,2026-03-19 12:38:36.313+00
U-0069,hack-5-2,5,7,1,0,0,2026-03-25 12:40:27.392+00
U-0069,T-7152,0,0,0,0,0,2026-03-26 13:43:35.029+00
U-0069,hack-13,0,0,0,0,0,2026-03-26 13:32:28.029+00
U-0069,Team-U-0069-891,0,0,0,0,0,2026-03-11 08:22:18.206+00
U-0069,hack-14,0,0,0,0,0,2026-03-10 19:53:58.704+00
U-0069,T-030,0,2,0,0,0,2026-03-12 11:58:45.548+00
U-0069,ongoing,0,0,0,0,0,2026-03-25 05:04:25.777+00
U-0069,false,0,0,0,0,0,2026-03-04 09:52:53.554+00
U-0069,fallback-team_detail_dwell,0,0,0,0,0,2026-03-18 13:32:33.887+00
U-0069,/submit/hack-6-2,0,0,0,0,0,2026-03-16 02:35:21.642+00
U-0069,hack-4-1,0,1,0,0,0,2026-03-24 13:33:37.321+00
U-0069,T-002,0,1,0,0,0,2026-03-22 14:44:21.2+00
U-0069,true,0,0,0,0,0,2026-03-15 08:22:58.432+00
U-0070,T-026,0,2,0,0,0,2026-03-16 13:09:28.317+00
U-0070,hack-9-1,4,5,0,0,0,2026-03-28 04:55:36.471+00
U-0070,/team/T-017/manage,0,0,0,0,0,2026-03-24 01:13:07.493+00
U-0070,/submit/hack-7-1,0,0,0,0,0,2026-03-24 23:33:57.713+00
U-0070,T-009,0,0,0,0,0,2026-03-19 13:18:11.365+00
U-0070,T-028,0,0,0,0,0,2026-02-27 21:01:24+00
U-0070,user,0,0,0,0,0,2026-03-25 10:48:30.714+00
U-0070,hack-2-1,0,0,0,0,0,2026-03-28 10:30:56.855+00
U-0070,/matcher,0,0,0,0,0,2026-03-26 11:19:38.473+00
U-0070,T-013,0,1,0,0,0,2026-03-21 03:12:54.439+00
U-0070,fallback-hackathon_join,0,0,0,0,0,2026-03-11 18:05:30.9+00
U-0070,T-015,0,1,0,0,0,2026-03-26 12:29:16.122+00
U-0070,T-003,0,1,0,0,0,2026-03-27 08:24:55.444+00
U-0070,T-011,0,0,0,0,0,2026-02-27 23:53:26+00
U-0070,Web,0,0,0,0,0,2026-03-21 09:31:49.306+00
U-0070,hack-5-1,0,0,0,0,0,2026-03-24 13:59:09.464+00
U-0070,T-008,0,1,0,0,0,2026-03-18 20:39:38.267+00
U-0070,INV-733001,0,0,0,0,0,2026-03-11 01:24:13.513+00
U-0070,T-016,0,4,0,1,0,2026-03-11 18:05:27.9+00
U-0070,hack-14,0,0,0,0,0,2026-03-11 14:09:22.81+00
U-0070,T-018,0,1,0,0,0,2026-03-26 12:34:40.122+00
U-0070,T-030,0,1,0,1,0,2026-03-26 14:47:50.248+00
U-0070,team,0,0,0,0,0,2026-03-26 11:20:14.473+00
U-0070,all,0,0,0,0,0,2026-03-27 08:22:28.444+00
U-0070,true,0,0,0,0,0,2026-03-24 13:58:14.464+00
U-0070,fallback-team_recruit_toggle,0,0,0,0,0,2026-03-06 08:16:38.157+00
U-0070,T-007,0,0,0,0,0,2026-03-11 01:24:50.513+00
U-0070,hack-8-1,1,1,0,0,0,2026-03-26 12:22:05.122+00
U-0070,hack-4-2,0,3,1,0,0,2026-03-28 10:28:03.855+00
U-0070,hack-3-2,3,4,0,0,0,2026-03-27 10:53:21.203+00
U-0070,hack-6-1,0,0,0,0,0,2026-03-23 12:42:39.317+00
U-0070,ended,0,0,0,0,0,2026-03-28 04:51:12.471+00
U-0070,hack-10,0,1,0,0,0,2026-03-19 09:36:20.816+00
U-0070,T-005,0,1,0,0,0,2026-03-12 21:08:14.601+00
U-0070,/submit/hack-2-2,0,0,0,0,0,2026-03-17 05:15:31.3+00
U-0070,INV-715672,0,0,0,0,0,2026-03-04 23:05:14.799+00
U-0070,/hackathons,0,0,0,0,0,2026-03-28 10:23:05.855+00
U-0070,T-010,0,0,0,0,0,2026-03-09 13:27:23.003+00
U-0070,INV-651621,0,0,0,0,0,2026-03-16 10:26:11.873+00
U-0070,/profile/notifications,0,0,0,0,0,2026-03-26 14:45:39.248+00
U-0070,INV-552733,0,0,0,0,0,2026-03-09 10:56:54.061+00
U-0070,T-6344,0,0,0,0,0,2026-03-11 14:37:51.81+00
U-0070,hack-4,1,1,0,1,0,2026-03-19 09:34:55.816+00
U-0070,hack-5-2,1,1,0,0,0,2026-03-19 08:05:21.152+00
U-0070,hack-4-1,0,1,0,0,0,2026-03-01 21:10:20.654+00
U-0070,closed,0,0,0,0,0,2026-03-11 17:46:44.9+00
U-0070,AI,0,0,0,0,0,2026-03-27 03:49:12.265+00
U-0070,INV-611950,0,0,0,0,0,2026-03-26 14:47:08.248+00
U-0070,/team/T-004/manage,0,0,0,0,0,2026-03-28 12:54:50.615+00
U-0070,/submit/hack-6-1,0,0,0,0,0,2026-03-06 08:16:04.157+00
U-0070,T-027,0,10,0,0,0,2026-03-26 12:41:44.122+00
U-0070,hack-3-1,0,0,0,0,0,2026-03-24 04:55:39.273+00
U-0070,open,0,0,0,0,0,2026-03-23 13:13:29.475+00
U-0070,fallback-hackathon_view,0,0,0,0,0,2026-03-05 03:36:09.462+00
U-0070,T-006,0,0,0,0,0,2026-03-16 01:11:29.203+00
U-0070,fallback-matcher_filter,0,0,0,0,0,2026-03-13 14:59:59.999+00
U-0070,hack-5,4,3,0,0,0,2026-03-27 13:35:41.635+00
U-0070,Data,0,0,0,0,0,2026-03-11 09:23:40.213+00
U-0070,hack-10-1,4,3,1,0,0,2026-03-27 08:22:52.444+00
U-0070,hackathons_list,0,0,0,0,0,2026-03-28 10:26:07.855+00
U-0070,hack-3,0,0,0,0,0,2026-03-25 10:49:51.714+00
U-0070,T-020,0,0,0,0,0,2026-02-28 01:39:24+00
U-0070,hack-6-2,2,5,0,1,0,2026-03-21 11:15:19.202+00
U-0070,/submit/hack-6-2,0,0,0,0,0,2026-03-19 10:07:58.45+00
U-0070,T-029,0,5,0,0,0,2026-03-24 02:54:51.219+00
U-0070,T-002,0,0,0,0,0,2026-03-06 07:07:19.377+00
U-0070,hack-2,3,4,1,0,0,2026-03-27 13:42:31.041+00
U-0070,hack-2-2,1,2,0,1,1,2026-03-21 11:11:01.202+00
U-0070,/team/T-006/manage,0,0,0,0,0,2026-03-16 01:09:28.203+00
U-0070,T-004,0,0,0,1,0,2026-03-28 12:54:57.615+00
U-0070,Cloud,0,0,0,0,0,2026-03-28 10:25:03.855+00
U-0070,ongoing,0,0,0,0,0,2026-03-21 11:05:29.202+00
U-0070,false,0,0,0,0,0,2026-03-19 13:16:33.365+00
U-0070,/chat,0,0,0,0,0,2026-03-24 13:54:55.608+00
U-0070,T-017,0,1,0,0,0,2026-03-24 01:16:50.493+00
U-0070,hack-6,1,3,1,1,0,2026-03-11 07:50:48.347+00
U-0070,chatbot_room,0,0,0,0,0,2026-03-27 10:23:54.332+00
U-0070,T-012,0,3,0,0,0,2026-03-12 20:57:54.601+00
U-0070,hack-7-1,2,3,1,0,0,2026-03-27 10:51:05.203+00
U-0070,Blockchain,0,0,0,0,0,2026-03-21 11:06:26.202+00
U-0070,Team-U-0070-316,0,0,0,0,0,2026-03-11 14:37:45.81+00
U-0070,/camp,0,0,0,0,0,2026-03-27 08:20:52.444+00
U-0071,ended,0,0,0,0,0,2026-03-22 15:30:17.304+00
U-0071,/submit/hack-13,0,0,0,0,0,2026-03-02 01:11:15.311+00
U-0071,T-014,0,3,0,0,0,2026-03-27 01:03:38.072+00
U-0071,T-001,0,1,0,0,0,2026-03-22 02:47:06.34+00
U-0071,/camp,0,0,0,0,0,2026-03-27 09:33:39.167+00
U-0071,hack-3-1,0,3,0,0,0,2026-03-22 15:43:06.304+00
U-0071,/team/T-027/manage,0,0,0,0,0,2026-03-07 02:55:13.193+00
U-0071,T-016,0,1,0,1,0,2026-03-23 12:35:41.358+00
U-0071,/submit/hack-9-1,0,0,0,0,0,2026-03-20 12:24:54.407+00
U-0071,hack-6-2,1,2,1,1,0,2026-03-22 09:28:50.348+00
U-0071,hack-5-1,0,2,0,0,0,2026-03-23 12:27:50.063+00
U-0071,INV-712786,0,0,0,0,0,2026-03-16 10:52:15.478+00
U-0071,fallback-team_detail_dwell,0,0,0,0,0,2026-03-07 08:00:49.89+00
U-0071,T-020,0,0,0,0,0,2026-03-27 01:13:17.072+00
U-0071,T-006,0,1,0,0,0,2026-03-24 10:43:40.373+00
U-0071,hack-4,0,3,0,0,0,2026-03-27 07:15:59.687+00
U-0071,T-005,0,3,0,1,0,2026-03-25 11:18:14.778+00
U-0071,ongoing,0,0,0,0,0,2026-03-27 01:37:57.842+00
U-0071,Team-U-0071-137,0,0,0,0,0,2026-03-20 03:40:05.243+00
U-0071,hack-6,3,3,0,0,0,2026-03-27 12:29:17.548+00
U-0071,all,0,0,0,0,0,2026-03-28 20:00:38.632+00
U-0071,hack-12,0,0,0,0,0,2026-03-23 12:25:53.063+00
U-0071,T-6051,0,0,0,0,0,2026-03-20 03:42:05.243+00
U-0071,/submit/hack-3,0,0,0,0,0,2026-03-22 10:51:45.151+00
U-0071,T-015,0,2,0,0,0,2026-03-25 05:44:32.327+00
U-0071,T-030,0,0,0,0,0,2026-03-20 03:38:52.243+00
U-0071,T-8844,0,0,0,0,0,2026-03-22 02:06:27.765+00
U-0071,/chat,0,0,0,0,0,2026-03-25 14:24:27.657+00
U-0071,true,0,0,0,0,0,2026-03-16 12:04:34.774+00
U-0071,/team/T-013/manage,0,0,0,0,0,2026-03-12 21:52:13.803+00
U-0071,/profile/notifications,0,0,0,0,0,2026-03-27 11:00:43.787+00
U-0071,T-009,0,2,0,0,0,2026-03-05 11:58:31.578+00
U-0071,fallback-team_filter,0,0,0,0,0,2026-03-27 12:31:39.333+00
U-0071,Web,0,0,0,0,0,2026-03-25 14:26:18.37+00
U-0071,T-010,0,2,0,0,0,2026-03-01 11:07:57.072+00
U-0071,hack-5-2,4,7,0,0,0,2026-03-24 07:17:43.814+00
U-0071,Cloud,0,0,0,0,0,2026-03-24 07:11:33.814+00
U-0071,Data,0,0,0,0,0,2026-03-22 10:13:34.694+00
U-0071,INV-677796,0,0,0,0,0,2026-03-20 06:19:44.241+00
U-0071,T-017,0,1,0,0,0,2026-03-20 14:19:17.317+00
U-0071,hack-13,0,0,0,0,1,2026-03-25 05:14:16.327+00
U-0071,INV-903560,0,0,0,0,0,2026-03-24 03:33:06.141+00
U-0071,T-029,0,1,0,0,0,2026-03-25 05:35:44.327+00
U-0071,fallback-team_request_cancel,0,0,0,0,0,2026-03-22 10:55:20.151+00
U-0071,hack-5,1,2,0,1,0,2026-03-24 07:14:31.814+00
U-0071,T-007,0,1,0,0,0,2026-03-01 11:49:41.53+00
U-0071,hack-2-2,5,5,0,0,0,2026-03-27 12:32:37.548+00
U-0071,T-011,0,2,0,0,0,2026-03-10 10:29:02.527+00
U-0071,T-008,0,1,0,0,0,2026-03-24 08:22:47.188+00
U-0071,fallback-chatbot_query,0,0,0,0,0,2026-03-21 19:29:12.062+00
U-0071,/submit/hack-10-1,0,0,0,0,0,2026-03-22 02:07:00.235+00
U-0071,/hackathons,0,0,0,0,0,2026-03-27 12:16:41.548+00
U-0071,/team/T-001/manage,0,0,0,0,0,2026-03-02 12:06:06.012+00
U-0071,/submit/hack-8-1,0,0,0,0,0,2026-03-27 03:34:18.473+00
U-0071,closed,0,0,0,0,0,2026-03-24 10:33:16.373+00
U-0071,T-026,0,3,0,1,0,2026-03-28 20:22:12.632+00
U-0071,hack-2,0,6,0,0,0,2026-03-28 20:02:13.632+00
U-0071,/team/T-008/manage,0,0,0,0,0,2026-03-24 08:21:56.188+00
U-0071,INV-273193,0,0,0,0,0,2026-03-10 13:05:28.838+00
U-0071,chatbot_room,0,0,0,0,0,2026-03-27 12:31:15.333+00
U-0071,T-018,0,1,0,0,0,2026-03-20 03:22:54.243+00
U-0071,fallback-invite_cancel,0,0,0,0,0,2026-03-27 07:24:09.687+00
U-0071,user,0,0,0,0,0,2026-03-20 06:33:25.571+00
U-0071,T-002,0,1,0,0,0,2026-03-10 10:18:06.527+00
U-0071,hack-4-1,0,0,0,0,0,2026-03-02 01:40:07.824+00
U-0071,hack-8-1,1,1,0,0,0,2026-03-27 12:26:25.548+00
U-0071,hackathons_list,0,0,0,0,0,2026-03-27 01:41:02.842+00
U-0071,/team/T-003/manage,0,0,0,0,0,2026-03-01 05:12:28.221+00
U-0071,/team/T-004/manage,0,0,0,0,0,2026-03-25 01:08:56.712+00
U-0071,hack-10-1,0,2,0,0,0,2026-03-22 09:23:40.348+00
U-0071,T-012,0,0,0,1,0,2026-03-23 05:51:13.666+00
U-0071,hack-7-1,1,2,0,0,0,2026-03-25 10:51:28.778+00
U-0071,hack-9-1,1,1,0,1,1,2026-03-25 14:41:55.37+00
U-0071,hack-11,0,0,0,0,0,2026-03-16 12:05:44.774+00
U-0071,hack-10,0,0,0,0,0,2026-03-17 22:14:29.881+00
U-0071,INV-296592,0,0,0,0,0,2026-03-23 05:50:58.666+00
U-0071,T-028,0,3,0,0,0,2026-03-27 07:23:39.687+00
U-0071,Team-U-0071-671,0,0,0,0,0,2026-03-22 02:04:44.765+00
U-0071,T-013,0,0,0,0,0,2026-03-12 21:52:50.803+00
U-0071,fallback-team_create_attempt,0,0,0,0,0,2026-03-02 12:11:51.012+00
U-0071,/submit/hack-3-2,0,0,0,0,0,2026-03-18 07:01:27.369+00
U-0071,T-027,0,3,0,0,0,2026-03-25 11:24:22.778+00
U-0071,open,0,0,0,0,0,2026-03-01 11:40:33.53+00
U-0071,/matcher,0,0,0,0,0,2026-03-23 12:23:13.063+00
U-0071,hack-3-2,4,6,1,1,1,2026-03-22 11:24:41.313+00
U-0071,hack-15,0,0,0,0,0,2026-03-02 01:43:51.824+00
U-0071,hack-8,0,0,0,0,0,2026-03-16 12:06:34.774+00
U-0071,hack-3,2,4,0,1,1,2026-03-22 15:40:24.304+00
U-0071,hack-4-2,4,5,1,1,0,2026-03-27 01:46:36.842+00
U-0071,T-003,0,0,0,0,0,2026-03-01 05:15:49.221+00
U-0072,/team/T-028/manage,0,0,0,0,0,2026-03-23 14:03:36.55+00
U-0072,T-009,0,4,0,0,0,2026-03-27 11:27:59.479+00
U-0072,hack-7-1,6,5,0,1,1,2026-03-28 10:06:20.768+00
U-0072,INV-867830,0,0,0,0,0,2026-03-02 10:13:35.671+00
U-0072,T-015,0,1,0,1,0,2026-03-21 12:13:21.043+00
U-0072,true,0,0,0,0,0,2026-03-20 19:54:47.254+00
U-0072,Cloud,0,0,0,0,0,2026-03-14 12:24:37.333+00
U-0072,T-012,0,3,0,0,0,2026-03-27 07:54:40.478+00
U-0072,INV-468843,0,0,0,0,0,2026-03-19 17:23:05.601+00
U-0072,T-006,0,2,0,0,0,2026-03-27 16:01:15.871+00
U-0072,/hackathons,0,0,0,0,0,2026-03-24 14:14:29.782+00
U-0072,INV-566718,0,0,0,0,0,2026-03-12 06:30:31.892+00
U-0072,T-3710,0,0,0,0,0,2026-03-25 11:48:32.316+00
U-0072,T-002,0,2,0,1,0,2026-03-25 00:22:30.827+00
U-0072,chatbot_room,0,0,0,0,0,2026-03-28 09:36:21.604+00
U-0072,INV-595970,0,0,0,0,0,2026-03-24 14:03:42.799+00
U-0072,T-005,0,0,0,0,0,2026-03-27 08:05:38.478+00
U-0072,Blockchain,0,0,0,0,0,2026-03-17 00:24:53+00
U-0072,hack-2-2,5,8,0,1,0,2026-03-27 08:28:01.01+00
U-0072,T-011,0,3,0,1,0,2026-03-23 20:40:42.557+00
U-0072,/team/T-013/manage,0,0,0,0,0,2026-03-18 13:13:00.112+00
U-0072,/team/T-001/manage,0,0,0,0,0,2026-03-09 14:04:22.335+00
U-0072,hack-8,0,1,0,0,0,2026-03-24 14:17:05.782+00
U-0072,Team-U-0072-305,0,0,0,0,0,2026-03-17 12:16:23.527+00
U-0072,Team-U-0072-137,0,0,0,0,0,2026-03-25 11:46:42.316+00
U-0072,Team-U-0072-425,0,0,0,0,0,2026-03-14 09:39:36.885+00
U-0072,ongoing,0,0,0,0,0,2026-03-19 13:46:56.325+00
U-0072,hack-5-2,11,10,0,1,0,2026-03-27 14:12:01.035+00
U-0072,T-020,0,1,0,1,0,2026-03-27 08:15:45.478+00
U-0072,/submit/hack-3,0,0,0,0,0,2026-03-17 14:43:04.726+00
U-0072,T-016,0,2,0,0,0,2026-03-27 08:41:45.01+00
U-0072,hack-3-1,1,1,0,0,0,2026-03-21 12:30:04.074+00
U-0072,hack-10-1,6,10,0,0,0,2026-03-28 10:07:23.768+00
U-0072,T-003,0,0,0,0,0,2026-03-26 04:15:35.848+00
U-0072,/profile/notifications,0,0,0,0,0,2026-03-26 21:53:50.43+00
U-0072,hack-6,4,6,0,0,0,2026-03-27 12:59:34.748+00
U-0072,INV-354786,0,0,0,0,0,2026-03-04 05:35:22.341+00
U-0072,INV-254011,0,0,0,0,0,2026-03-09 23:16:07.829+00
U-0072,T-026,0,12,0,1,0,2026-03-25 03:07:11.03+00
U-0072,/team/T-019/manage,0,0,0,0,0,2026-03-28 13:55:20.322+00
U-0072,team,0,0,0,0,0,2026-03-27 11:41:20.435+00
U-0072,INV-317478,0,0,0,0,0,2026-03-18 11:26:37.474+00
U-0072,hack-4,3,3,0,0,0,2026-03-27 14:16:45.035+00
U-0072,hack-3,7,7,1,0,0,2026-03-28 11:50:58.403+00
U-0072,/team/T-016/manage,0,0,0,0,0,2026-03-12 13:27:23.093+00
U-0072,/team/T-014/manage,0,0,0,0,0,2026-03-09 13:40:05.414+00
U-0072,T-027,0,8,0,1,0,2026-03-27 11:18:59.479+00
U-0072,T-019,0,2,0,0,0,2026-03-28 13:57:48.322+00
U-0072,INV-938263,0,0,0,0,0,2026-03-25 00:21:21.827+00
U-0072,T-008,0,1,0,1,0,2026-03-24 14:04:46.799+00
U-0072,T-004,0,5,0,1,0,2026-03-26 16:46:47.306+00
U-0072,T-014,0,3,0,1,0,2026-03-27 11:32:07.479+00
U-0072,closed,0,0,0,0,0,2026-03-17 11:55:39.527+00
U-0072,hack-13,0,0,0,0,0,2026-03-23 20:29:56.557+00
U-0072,T-4225,0,0,0,0,0,2026-03-23 08:02:01.677+00
U-0072,hack-5,4,6,0,1,0,2026-03-23 14:56:45.553+00
U-0072,fallback-chatbot_query,0,0,0,0,0,2026-03-09 13:42:04.414+00
U-0072,Team-U-0072-192,0,0,0,0,0,2026-03-27 11:38:48.479+00
U-0072,fallback-team_detail_dwell,0,0,0,0,0,2026-03-24 12:51:22.457+00
U-0072,/submit/hack-5,0,0,0,0,0,2026-03-02 02:49:09.45+00
U-0072,INV-840079,0,0,0,0,0,2026-03-11 19:33:08.873+00
U-0072,/submit/hack-7-1,0,0,0,0,0,2026-03-12 03:34:46.023+00
U-0072,/team/T-015/manage,0,0,0,0,0,2026-03-08 13:42:44.442+00
U-0072,hack-10,3,3,1,0,0,2026-03-26 12:12:37.621+00
U-0072,all,0,0,0,0,0,2026-03-28 09:59:28.768+00
U-0072,T-018,0,4,0,0,0,2026-03-25 11:37:26.316+00
U-0072,hack-6-2,4,4,1,0,0,2026-03-18 12:30:02.179+00
U-0072,Team-U-0072-616,0,0,0,0,0,2026-03-26 03:43:10.122+00
U-0072,/team/T-004/manage,0,0,0,0,0,2026-03-09 12:06:20.851+00
U-0072,hack-12,1,1,0,0,0,2026-03-28 10:13:00.768+00
U-0072,/team/T-027/manage,0,0,0,0,0,2026-03-13 12:29:05.882+00
U-0072,T-007,0,3,0,0,0,2026-03-20 10:01:06.758+00
U-0072,/camp,0,0,0,0,0,2026-03-27 12:54:00.748+00
U-0072,T-028,0,4,0,1,0,2026-03-24 14:54:06.381+00
U-0072,hack-9-1,3,4,0,0,0,2026-03-26 16:34:01.306+00
U-0072,/team/T-006/manage,0,0,0,0,0,2026-03-05 12:52:28.48+00
U-0072,T-1773,0,0,0,0,0,2026-03-26 03:43:26.122+00
U-0072,T-001,0,5,0,0,0,2026-03-25 11:45:44.316+00
U-0072,hack-11,0,2,0,0,0,2026-03-24 14:19:31.782+00
U-0072,T-029,0,8,0,1,0,2026-03-27 11:44:46.435+00
U-0072,Web,0,0,0,0,0,2026-03-05 00:37:43.059+00
U-0072,/submit/hack-2,0,0,0,0,0,2026-03-17 14:40:36.77+00
U-0072,hack-2,4,5,1,0,1,2026-03-28 09:58:42.573+00
U-0072,T-030,0,3,0,1,0,2026-03-27 13:24:09.748+00
U-0072,hack-4-2,3,4,0,0,0,2026-03-24 04:26:13.618+00
U-0072,hack-7,1,1,1,0,0,2026-03-04 09:28:46.334+00
U-0072,T-013,0,2,0,0,0,2026-03-26 12:39:05.894+00
U-0072,open,0,0,0,0,0,2026-03-24 01:21:22.696+00
U-0072,/team/T-018/manage,0,0,0,0,0,2026-03-19 11:44:30.755+00
U-0072,fallback-submit_project,0,0,0,0,0,2026-03-08 21:01:36.846+00
U-0072,T-010,0,1,0,0,0,2026-03-26 12:48:29.894+00
U-0072,false,0,0,0,0,0,2026-03-26 04:14:36.848+00
U-0072,/matcher,0,0,0,0,0,2026-03-27 15:57:32.871+00
U-0072,/chat,0,0,0,0,0,2026-03-27 12:49:28.478+00
U-0072,T-6871,0,0,0,0,0,2026-03-14 09:40:18.885+00
U-0072,fallback-matcher_profile_select,0,0,0,0,0,2026-03-27 11:44:51.435+00
U-0072,hack-3-2,5,7,0,0,0,2026-03-27 07:49:45.478+00
U-0072,T-017,0,5,0,0,0,2026-03-27 11:06:49.479+00
U-0072,hack-15,1,1,0,0,0,2026-03-20 14:08:39.895+00
U-0072,user,0,0,0,0,0,2026-03-21 12:59:10.677+00
U-0072,Team-U-0072-904,0,0,0,0,0,2026-03-27 08:42:55.01+00
U-0072,hack-8-1,4,5,0,0,0,2026-03-25 11:33:48.316+00
U-0072,T-9567,0,0,0,0,0,2026-03-17 12:17:23.527+00
U-0072,ended,0,0,0,0,0,2026-03-27 14:07:12.035+00
U-0072,hack-9,1,1,0,0,0,2026-03-23 14:10:24.847+00
U-0072,hack-5-1,0,0,0,0,0,2026-03-10 09:48:16.145+00
U-0072,INV-418137,0,0,0,0,0,2026-03-05 03:48:12.366+00
U-0072,hackathons_list,0,0,0,0,0,2026-03-27 14:09:15.035+00
U-0072,INV-870688,0,0,0,0,0,2026-03-11 03:47:26.019+00
U-0073,open,0,0,0,0,0,2026-03-25 04:45:22.519+00
U-0073,/chat,0,0,0,0,0,2026-03-28 13:50:04.422+00
U-0073,hack-5-2,0,1,0,0,0,2026-03-24 16:16:18.092+00
U-0073,T-003,0,2,0,0,0,2026-03-24 10:24:20.024+00
U-0073,/matcher,0,0,0,0,0,2026-03-24 06:19:39.426+00
U-0073,T-030,0,4,0,0,0,2026-03-24 03:48:26.449+00
U-0073,ended,0,0,0,0,0,2026-03-20 03:48:38.799+00
U-0073,T-029,0,1,0,0,0,2026-03-28 05:48:33.061+00
U-0073,hack-4-1,0,0,0,0,0,2026-03-20 08:15:25.369+00
U-0073,T-006,0,1,0,0,0,2026-03-01 20:41:30.154+00
U-0073,T-010,0,1,0,0,0,2026-03-18 14:40:02.259+00
U-0073,T-002,0,1,0,0,0,2026-03-03 14:36:04.148+00
U-0073,T-004,0,0,0,0,0,2026-02-28 13:02:42+00
U-0073,team,0,0,0,0,0,2026-03-24 06:19:52.426+00
U-0073,T-020,0,1,0,0,0,2026-03-02 14:06:27.872+00
U-0073,hack-6-2,0,0,0,0,0,2026-03-18 14:24:57.259+00
U-0073,T-007,0,1,0,0,0,2026-03-24 10:31:28.024+00
U-0073,T-009,0,0,0,0,0,2026-02-27 18:13:47+00
U-0073,closed,0,0,0,0,0,2026-03-03 10:23:42.563+00
U-0073,hack-8-1,2,2,0,0,0,2026-03-03 14:15:36.148+00
U-0073,/team/T-029/manage,0,0,0,0,0,2026-03-23 15:16:38.616+00
U-0073,hack-3,2,2,0,1,0,2026-03-24 16:20:32.092+00
U-0073,Blockchain,0,0,0,0,0,2026-02-28 10:04:20.28+00
U-0073,T-017,0,0,0,0,0,2026-03-24 07:32:41.414+00
U-0073,hack-6,1,2,0,0,0,2026-03-24 03:32:57.449+00
U-0073,T-012,0,0,0,0,0,2026-02-28 14:39:36+00
U-0073,T-018,0,1,0,0,0,2026-03-03 14:24:50.148+00
U-0073,T-027,0,2,0,0,0,2026-03-28 06:02:04.061+00
U-0073,INV-797113,0,0,0,0,0,2026-03-17 18:09:39.427+00
U-0073,T-011,0,0,0,0,0,2026-02-28 07:22:21+00
U-0073,fallback-team_notice_send,0,0,0,0,0,2026-03-19 01:34:59.066+00
U-0073,Web,0,0,0,0,0,2026-03-20 08:11:02.369+00
U-0073,AI,0,0,0,0,0,2026-02-27 21:10:02.035+00
U-0073,T-026,0,0,0,0,0,2026-03-18 14:32:27.259+00
U-0073,/camp,0,0,0,0,0,2026-03-28 05:43:22.061+00
U-0073,chatbot_room,0,0,0,0,0,2026-03-28 13:51:11.422+00
U-0073,hack-9-1,1,1,0,0,0,2026-03-24 16:23:30.092+00
U-0073,hack-2,1,1,0,0,0,2026-03-01 14:59:59.999+00
U-0073,T-013,0,0,0,0,0,2026-02-27 15:51:48+00
U-0073,hack-10,1,1,0,0,0,2026-03-20 08:24:49.369+00
U-0073,fallback-invite_cancel,0,0,0,0,0,2026-03-24 11:11:36.025+00
U-0073,T-028,0,5,0,0,0,2026-03-25 04:56:47.519+00
U-0073,hack-13,0,0,0,0,0,2026-03-01 20:28:42.154+00
U-0073,INV-547025,0,0,0,0,0,2026-03-28 07:11:16.639+00
U-0073,/hackathons,0,0,0,0,0,2026-03-24 16:14:52.092+00
U-0073,ongoing,0,0,0,0,0,2026-03-24 16:15:05.092+00
U-0073,T-015,0,1,0,0,0,2026-03-03 10:36:29.563+00
U-0073,hackathons_list,0,0,0,0,0,2026-03-24 16:16:02.092+00
U-0073,all,0,0,0,0,0,2026-03-28 05:45:37.061+00
U-0073,hack-6-1,1,0,0,0,0,2026-03-24 16:27:38.092+00
U-0073,/team/T-017/manage,0,0,0,0,0,2026-03-24 07:27:29.414+00
U-0073,hack-7-1,0,1,0,0,0,2026-03-24 10:16:59.024+00
U-0073,/profile/notifications,0,0,0,0,0,2026-03-23 21:49:37.089+00
U-0073,hack-10-1,2,2,0,0,0,2026-03-20 08:20:12.369+00
U-0073,hack-4,1,1,0,0,0,2026-03-25 04:47:00.519+00
U-0073,hack-4-2,2,3,0,0,0,2026-03-01 14:59:59.999+00
U-0074,hack-10,1,1,0,0,0,2026-03-25 06:06:48.365+00
U-0074,INV-685700,0,0,0,0,0,2026-03-22 14:26:53.742+00
U-0074,hack-2-2,4,7,1,0,1,2026-03-27 10:49:54.22+00
U-0074,T-014,0,4,0,0,0,2026-03-27 10:57:50.22+00
U-0074,/team/T-028/manage,0,0,0,0,0,2026-03-08 14:19:19.543+00
U-0074,T-007,0,1,0,1,0,2026-03-19 13:19:13.267+00
U-0074,Data,0,0,0,0,0,2026-03-03 07:11:28.26+00
U-0074,INV-517824,0,0,0,0,0,2026-03-03 01:24:40.522+00
U-0074,all,0,0,0,0,0,2026-03-24 12:12:33.608+00
U-0074,team,0,0,0,0,0,2026-03-27 13:08:04.579+00
U-0074,hack-6-2,5,8,0,0,0,2026-03-27 07:53:31.658+00
U-0074,hack-3-1,0,1,0,0,0,2026-03-19 13:00:27.458+00
U-0074,T-020,0,1,0,1,0,2026-03-28 20:38:50.588+00
U-0074,hack-2,2,4,1,0,1,2026-03-27 06:02:55.06+00
U-0074,T-012,0,2,0,0,0,2026-03-22 09:58:19.053+00
U-0074,/team/T-030/manage,0,0,0,0,0,2026-03-08 12:54:24.566+00
U-0074,hack-14,0,0,0,0,0,2026-03-25 06:04:54.365+00
U-0074,Team-U-0074-261,0,0,0,0,0,2026-03-20 09:25:56.599+00
U-0074,/matcher,0,0,0,0,0,2026-03-27 13:07:43.579+00
U-0074,T-017,0,0,0,0,0,2026-03-20 10:42:43.891+00
U-0074,/submit/hack-2-2,0,0,0,0,0,2026-03-24 09:39:12.369+00
U-0074,true,0,0,0,0,0,2026-03-19 08:56:18.639+00
U-0074,T-1679,0,0,0,0,0,2026-03-12 11:30:01.359+00
U-0074,T-003,0,1,0,0,0,2026-03-22 09:15:33.648+00
U-0074,T-008,0,4,0,0,0,2026-03-23 06:47:35.075+00
U-0074,/team/T-003/manage,0,0,0,0,0,2026-03-05 05:01:27.434+00
U-0074,closed,0,0,0,0,0,2026-03-20 09:13:52.599+00
U-0074,T-8001,0,0,0,0,0,2026-03-22 10:00:43.053+00
U-0074,/submit/hack-3,0,0,0,0,0,2026-02-28 14:00:27.193+00
U-0074,/team/T-018/manage,0,0,0,0,0,2026-03-23 09:05:38.209+00
U-0074,hack-6-1,0,1,0,0,0,2026-03-13 13:59:34.453+00
U-0074,INV-917857,0,0,0,0,0,2026-03-03 03:39:09.074+00
U-0074,ongoing,0,0,0,0,0,2026-03-26 00:28:19.42+00
U-0074,/profile/notifications,0,0,0,0,0,2026-03-28 20:36:02.588+00
U-0074,/team/T-026/manage,0,0,0,0,0,2026-03-17 12:27:12.122+00
U-0074,Team-U-0074-161,0,0,0,0,0,2026-03-03 11:37:07.048+00
U-0074,hack-4-2,1,4,0,0,0,2026-03-26 00:48:40.42+00
U-0074,/hackathons,0,0,0,0,0,2026-03-26 00:27:56.42+00
U-0074,T-006,0,2,0,1,0,2026-03-18 11:58:49.357+00
U-0074,hack-15,0,1,0,0,0,2026-03-27 12:55:15.224+00
U-0074,hack-7-1,5,5,0,0,1,2026-03-26 14:37:31.135+00
U-0074,T-010,0,5,0,0,0,2026-03-22 09:46:03.053+00
U-0074,INV-579613,0,0,0,0,0,2026-03-20 00:55:14.639+00
U-0074,Team-U-0074-179,0,0,0,0,0,2026-03-20 09:37:57.789+00
U-0074,T-005,0,2,0,1,0,2026-03-24 11:55:38.029+00
U-0074,hack-10-1,4,6,1,0,0,2026-03-24 07:45:18.299+00
U-0074,T-8437,0,0,0,0,0,2026-03-16 09:47:50.632+00
U-0074,notification_panel,0,0,0,0,0,2026-03-13 08:19:59.084+00
U-0074,INV-708091,0,0,0,0,0,2026-03-13 01:49:20.759+00
U-0074,T-018,0,0,0,1,0,2026-03-16 05:23:46.304+00
U-0074,T-030,0,7,0,0,0,2026-03-20 05:12:05.02+00
U-0074,T-5477,0,0,0,0,0,2026-03-16 07:22:07.248+00
U-0074,T-3755,0,0,0,0,0,2026-03-03 11:38:45.048+00
U-0074,user,0,0,0,0,0,2026-03-25 06:02:24.365+00
U-0074,/submit/hack-2,0,0,0,0,0,2026-03-19 09:12:26.011+00
U-0074,hack-8-1,1,3,0,0,0,2026-03-24 12:52:24.237+00
U-0074,Team-U-0074-570,0,0,0,0,0,2026-03-16 09:47:27.632+00
U-0074,hack-2-1,2,2,1,0,0,2026-03-24 07:48:54.299+00
U-0074,hack-3,5,4,0,0,1,2026-03-27 13:10:09.224+00
U-0074,T-019,0,0,0,0,0,2026-02-28 01:57:18+00
U-0074,chatbot_room,0,0,0,0,0,2026-03-27 11:32:58.266+00
U-0074,hack-11,1,1,0,0,0,2026-03-24 07:43:41.55+00
U-0074,INV-944709,0,0,0,0,0,2026-03-28 20:38:02.588+00
U-0074,T-2054,0,0,0,0,0,2026-03-06 10:19:02.147+00
U-0074,/submit/hack-5,0,0,0,0,0,2026-03-24 03:38:41.207+00
U-0074,open,0,0,0,0,0,2026-03-23 06:34:18.075+00
U-0074,AI,0,0,0,0,0,2026-03-03 07:43:59.298+00
U-0074,T-026,0,11,0,0,0,2026-03-27 13:08:17.579+00
U-0074,T-011,0,1,0,0,0,2026-03-23 11:28:52.857+00
U-0074,hack-3-2,0,3,0,0,0,2026-03-24 10:29:21.806+00
U-0074,T-028,0,2,0,0,0,2026-03-27 10:13:03.512+00
U-0074,hack-4,3,4,0,0,0,2026-03-27 10:06:50.512+00
U-0074,hack-5-2,2,2,0,1,0,2026-03-26 00:45:41.42+00
U-0074,T-001,0,1,0,0,0,2026-03-20 10:48:49.891+00
U-0074,T-9217,0,0,0,0,0,2026-03-20 09:27:20.599+00
U-0074,T-013,0,2,0,0,0,2026-03-23 11:40:25.857+00
U-0074,T-027,0,5,0,0,0,2026-03-27 11:03:55.22+00
U-0074,hack-8,1,1,0,0,0,2026-03-25 06:08:12.365+00
U-0074,Cloud,0,0,0,0,0,2026-03-17 05:36:38.656+00
U-0074,T-015,0,0,0,0,0,2026-03-27 13:09:55.579+00
U-0074,hack-9-1,9,10,0,1,0,2026-03-27 13:03:22.224+00
U-0074,Team-U-0074-172,0,0,0,0,0,2026-03-27 10:13:19.512+00
U-0074,/team/T-029/manage,0,0,0,0,0,2026-03-12 04:22:53.12+00
U-0074,INV-296897,0,0,0,0,0,2026-03-16 05:23:20.304+00
U-0074,hack-9,0,1,0,0,0,2026-03-03 07:17:46.26+00
U-0074,Team-U-0074-202,0,0,0,0,0,2026-03-12 11:29:00.359+00
U-0074,false,0,0,0,0,0,2026-03-20 12:59:55.745+00
U-0074,hackathons_list,0,0,0,0,0,2026-03-27 12:53:51.224+00
U-0074,/camp,0,0,0,0,0,2026-03-27 11:19:51.375+00
U-0074,T-002,0,3,0,1,0,2026-03-23 11:20:36.857+00
U-0074,fallback-team_notice_send,0,0,0,0,0,2026-03-17 12:28:33.122+00
U-0074,T-009,0,0,0,0,0,2026-03-19 13:25:59.267+00
U-0074,T-004,0,1,0,1,0,2026-03-27 11:06:32.22+00
U-0074,/team/T-005/manage,0,0,0,0,0,2026-03-05 05:27:46.663+00
U-0074,hack-6,6,6,0,1,0,2026-03-27 07:57:55.658+00
U-0074,Team-U-0074-700,0,0,0,0,0,2026-03-06 10:17:09.147+00
U-0074,T-016,0,0,0,0,0,2026-03-20 09:10:14.462+00
U-0074,fallback-team_request_create,0,0,0,0,0,2026-03-26 14:37:36.135+00
U-0074,T-029,0,9,0,0,0,2026-03-27 11:35:11.375+00
U-0074,/chat,0,0,0,0,0,2026-03-26 22:25:57.759+00
U-0074,/submit/hack-8-1,0,0,0,0,0,2026-03-24 12:52:13.237+00
U-0074,Team-U-0074-142,0,0,0,0,0,2026-03-22 09:59:19.053+00
U-0074,Team-U-0074-724,0,0,0,0,0,2026-03-16 07:20:15.248+00
U-0074,hack-13,0,0,0,0,0,2026-03-20 09:15:10.599+00
U-0074,ended,0,0,0,0,0,2026-03-19 12:49:25.458+00
U-0074,hack-5,4,3,0,1,0,2026-03-27 12:58:50.224+00
U-0074,Web,0,0,0,0,0,2026-03-26 00:29:28.42+00
U-0074,INV-142352,0,0,0,0,0,2026-03-19 12:43:58.067+00
U-0075,T-029,0,1,0,1,0,2026-03-24 06:08:24.088+00
U-0075,/team/T-026/manage,0,0,0,0,0,2026-03-02 03:51:13.039+00
U-0075,INV-216146,0,0,0,0,0,2026-03-01 14:20:45.149+00
U-0075,/camp,0,0,0,0,0,2026-03-27 09:45:59.811+00
U-0075,/team/T-006/manage,0,0,0,0,0,2026-03-27 14:13:22.898+00
U-0075,INV-425659,0,0,0,0,0,2026-03-28 23:51:41.218+00
U-0075,hack-6-2,3,6,0,0,1,2026-03-28 21:38:36.05+00
U-0075,hack-3,1,4,0,0,1,2026-03-25 23:13:31.729+00
U-0075,/team/T-019/manage,0,0,0,0,0,2026-03-27 03:33:41.705+00
U-0075,hack-2,2,4,1,0,0,2026-03-27 14:59:59.999+00
U-0075,hack-8,0,0,0,0,0,2026-03-13 09:51:30.575+00
U-0075,T-015,0,1,0,0,0,2026-03-12 11:20:20.259+00
U-0075,Cloud,0,0,0,0,0,2026-03-25 12:58:14.213+00
U-0075,hack-9,0,0,0,0,0,2026-03-22 10:00:48.71+00
U-0075,hack-8-1,4,4,1,1,1,2026-03-25 13:27:36.662+00
U-0075,/team/T-003/manage,0,0,0,0,0,2026-03-28 17:36:38.711+00
U-0075,true,0,0,0,0,0,2026-03-18 11:55:13.143+00
U-0075,hackathons_list,0,0,0,0,0,2026-03-26 18:35:39.027+00
U-0075,hack-11,1,1,1,0,0,2026-03-16 04:27:53.611+00
U-0075,INV-489720,0,0,0,0,0,2026-03-06 11:44:21.679+00
U-0075,hack-4-1,0,0,1,0,0,2026-03-26 18:38:22.027+00
U-0075,/submit/hack-6-2,0,0,0,0,0,2026-03-10 12:40:02.886+00
U-0075,/submit/hack-2-2,0,0,0,0,0,2026-03-20 14:36:28.121+00
U-0075,T-016,0,2,0,1,0,2026-03-27 10:16:18.811+00
U-0075,T-003,0,1,0,0,0,2026-03-28 17:40:42.711+00
U-0075,hack-15,0,1,0,0,0,2026-03-17 14:57:32.519+00
U-0075,INV-582368,0,0,0,0,0,2026-03-18 05:36:58.739+00
U-0075,/submit/hack-10-1,0,0,0,0,0,2026-03-15 03:43:57.085+00
U-0075,T-028,0,2,0,0,0,2026-03-21 18:45:43.563+00
U-0075,/submit/hack-7-1,0,0,0,0,0,2026-03-19 03:50:21.44+00
U-0075,hack-12,0,1,0,0,0,2026-03-13 07:03:59.319+00
U-0075,INV-345134,0,0,0,0,0,2026-03-10 07:16:00.895+00
U-0075,hack-5-1,0,0,0,0,0,2026-03-26 07:15:19.229+00
U-0075,open,0,0,0,0,0,2026-03-26 17:33:06.289+00
U-0075,fallback-team_request_result,0,0,0,0,0,2026-03-23 23:43:36.378+00
U-0075,/submit/hack-8,0,0,0,0,0,2026-03-26 08:03:18.546+00
U-0075,Team-U-0075-388,0,0,0,0,0,2026-03-26 12:35:13.263+00
U-0075,INV-687851,0,0,0,0,0,2026-03-05 13:46:07.415+00
U-0075,chatbot_room,0,0,0,0,0,2026-03-26 18:57:37.566+00
U-0075,T-004,0,3,0,0,0,2026-03-24 08:40:39.852+00
U-0075,T-010,0,4,0,0,0,2026-03-28 21:45:07.05+00
U-0075,/submit/hack-3,0,0,0,0,0,2026-03-22 01:51:18.197+00
U-0075,/team/T-002/manage,0,0,0,0,0,2026-03-05 13:16:14.099+00
U-0075,user,0,0,0,0,0,2026-03-25 13:55:12.081+00
U-0075,/team/T-005/manage,0,0,0,0,0,2026-03-09 11:54:19.083+00
U-0075,/submit/hack-6,0,0,0,0,0,2026-03-16 01:36:01.279+00
U-0075,INV-418053,0,0,0,0,0,2026-03-09 07:13:03.235+00
U-0075,T-008,0,1,0,0,0,2026-03-23 14:17:56.559+00
U-0075,hack-5-2,6,7,1,1,0,2026-03-24 09:31:33.559+00
U-0075,T-009,0,2,0,0,0,2026-03-27 09:52:38.811+00
U-0075,AI,0,0,0,0,0,2026-03-20 11:31:39.473+00
U-0075,fallback-chatbot_response,0,0,0,0,0,2026-03-27 00:19:49.697+00
U-0075,/team/T-029/manage,0,0,0,0,0,2026-03-24 06:04:34.088+00
U-0075,hack-3-2,3,7,1,1,0,2026-03-24 21:58:48.147+00
U-0075,fallback-team_create,0,0,0,0,0,2026-03-14 18:14:08.211+00
U-0075,hack-3-1,0,0,0,0,0,2026-03-26 12:26:56.263+00
U-0075,/submit/hack-14,0,0,0,0,0,2026-03-12 01:04:39.233+00
U-0075,all,0,0,0,0,0,2026-03-26 18:33:23.027+00
U-0075,/submit/hack-8-1,0,0,0,0,0,2026-03-17 11:41:16.479+00
U-0075,/team/T-010/manage,0,0,0,0,0,2026-03-09 02:00:23.019+00
U-0075,hack-6,3,3,0,1,1,2026-03-25 14:05:07.469+00
U-0075,/profile/notifications,0,0,0,0,0,2026-03-28 23:50:20.218+00
U-0075,hack-10-1,3,4,0,0,0,2026-03-26 17:34:43.289+00
U-0075,false,0,0,0,0,0,2026-03-19 06:13:33.66+00
U-0075,Web,0,0,0,0,0,2026-03-17 13:16:21.238+00
U-0075,fallback-invite_send,0,0,0,0,0,2026-03-22 22:22:58.284+00
U-0075,hack-7-1,5,6,1,1,1,2026-03-25 13:00:17.213+00
U-0075,T-027,0,1,0,0,0,2026-03-26 17:56:26.289+00
U-0075,hack-4,5,6,1,0,0,2026-03-23 09:08:50.06+00
U-0075,T-017,0,4,0,0,0,2026-03-25 13:02:27.445+00
U-0075,/matcher,0,0,0,0,0,2026-03-27 00:13:42.697+00
U-0075,T-001,0,7,0,0,0,2026-03-27 10:06:46.811+00
U-0075,T-014,0,2,0,0,0,2026-03-22 10:03:38.71+00
U-0075,/team/T-013/manage,0,0,0,0,0,2026-03-27 11:45:30.564+00
U-0075,ongoing,0,0,0,0,0,2026-03-25 12:57:38.213+00
U-0075,T-011,0,1,0,1,0,2026-03-27 09:46:41.496+00
U-0075,hack-4-2,6,11,1,1,0,2026-03-27 09:47:56.811+00
U-0075,/chat,0,0,0,0,0,2026-03-26 09:03:53.796+00
U-0075,T-026,0,4,0,0,0,2026-03-23 12:30:56.262+00
U-0075,T-002,0,3,0,0,0,2026-03-26 07:28:34.229+00
U-0075,T-018,0,1,0,0,0,2026-03-27 10:00:50.811+00
U-0075,Data,0,0,0,0,0,2026-03-16 04:20:21.611+00
U-0075,T-013,0,1,0,0,0,2026-03-27 11:47:59.564+00
U-0075,INV-625485,0,0,0,0,0,2026-03-20 13:14:12.419+00
U-0075,hack-2-2,9,8,0,1,0,2026-03-27 14:59:59.999+00
U-0075,T-019,0,0,0,1,0,2026-03-28 23:52:52.218+00
U-0075,T-030,0,4,0,1,0,2026-03-15 19:48:06.452+00
U-0075,hack-13,2,2,0,0,0,2026-03-18 09:38:19.594+00
U-0075,ended,0,0,0,0,0,2026-03-25 13:25:01.662+00
U-0075,T-020,0,3,0,0,0,2026-03-11 17:25:40.017+00
U-0075,team,0,0,0,0,0,2026-03-27 00:14:24.697+00
U-0075,T-012,0,3,0,0,0,2026-03-15 20:14:27.452+00
U-0075,/hackathons,0,0,0,0,0,2026-03-27 14:56:35.089+00
U-0075,closed,0,0,0,0,0,2026-03-11 16:58:51.017+00
U-0075,hack-9-1,8,10,0,1,0,2026-03-27 00:14:31.697+00
U-0075,T-005,0,3,0,0,0,2026-03-26 17:59:47.289+00
U-0075,hack-5,3,6,0,0,0,2026-03-23 12:53:26.069+00
U-0075,T-006,0,3,0,0,0,2026-03-27 14:16:34.898+00
U-0075,hack-7,0,0,0,0,0,2026-03-21 18:29:24.563+00
U-0076,INV-500710,0,0,0,0,0,2026-03-17 07:31:31.116+00
U-0076,T-002,0,0,0,0,0,2026-03-25 07:45:29.519+00
U-0076,hack-3-2,1,1,0,0,1,2026-03-27 09:50:22.8+00
U-0076,true,0,0,0,0,0,2026-03-18 07:32:44.034+00
U-0076,user,0,0,0,0,0,2026-03-03 11:31:04.359+00
U-0076,hack-2-2,2,2,0,1,0,2026-03-19 07:28:24.253+00
U-0076,hack-5,2,2,0,0,0,2026-03-27 13:52:14.636+00
U-0076,hackathons_list,0,0,0,0,0,2026-03-27 13:46:22.636+00
U-0076,T-010,0,1,0,0,0,2026-03-15 13:09:39.594+00
U-0076,T-013,0,1,0,0,0,2026-03-04 14:24:45.861+00
U-0076,hack-11,0,0,0,0,0,2026-03-27 11:50:51.272+00
U-0076,T-020,0,2,0,0,0,2026-03-15 13:16:53.594+00
U-0076,/team/T-002/manage,0,0,0,0,0,2026-03-25 07:43:32.519+00
U-0076,T-030,0,2,0,0,0,2026-03-27 11:45:49.259+00
U-0076,Team-U-0076-242,0,0,0,0,0,2026-03-27 12:03:42.272+00
U-0076,INV-322915,0,0,0,0,0,2026-03-27 05:52:20.767+00
U-0076,INV-354526,0,0,0,0,0,2026-03-05 12:11:04.504+00
U-0076,team,0,0,0,0,0,2026-03-18 07:31:41.034+00
U-0076,/camp,0,0,0,0,0,2026-03-28 15:03:27.889+00
U-0076,/submit/hack-5-2,0,0,0,0,0,2026-03-19 02:53:01.02+00
U-0076,T-4872,0,0,0,0,0,2026-03-27 12:03:48.272+00
U-0076,T-028,0,2,0,0,0,2026-03-25 13:48:43.688+00
U-0076,hack-15,1,1,0,0,0,2026-03-05 13:44:28.648+00
U-0076,/team/T-001/manage,0,0,0,0,0,2026-03-25 11:38:22.597+00
U-0076,Cloud,0,0,0,0,0,2026-03-05 07:21:13.67+00
U-0076,Blockchain,0,0,0,0,0,2026-03-16 12:10:37.411+00
U-0076,false,0,0,0,0,0,2026-03-03 11:32:19.359+00
U-0076,/matcher,0,0,0,0,0,2026-03-18 07:30:16.034+00
U-0076,hack-5-2,0,0,0,0,1,2026-03-19 02:54:38.02+00
U-0076,T-026,0,2,0,0,0,2026-03-14 21:23:16.164+00
U-0076,T-019,0,0,0,0,0,2026-03-17 01:58:32.013+00
U-0076,hack-6-2,0,1,0,0,0,2026-03-25 13:32:54.891+00
U-0076,hack-13,0,0,0,0,0,2026-03-02 19:45:02.265+00
U-0076,/chat,0,0,0,0,0,2026-03-19 04:46:24.656+00
U-0076,chatbot_room,0,0,0,0,0,2026-03-27 11:01:44.451+00
U-0076,all,0,0,0,0,0,2026-03-27 09:41:05.8+00
U-0076,hack-4-1,0,1,0,0,0,2026-03-25 06:13:46.477+00
U-0076,fallback-team_create_attempt,0,0,0,0,0,2026-03-17 01:58:43.013+00
U-0076,hack-10,1,1,1,0,0,2026-03-19 13:47:42.661+00
U-0076,hack-6-1,1,1,0,0,0,2026-03-25 13:36:32.891+00
U-0076,/submit/hack-3-2,0,0,0,0,0,2026-03-21 13:35:01.421+00
U-0076,hack-12,0,1,0,0,0,2026-03-27 13:10:28.474+00
U-0076,T-007,0,1,0,0,0,2026-03-27 11:55:52.259+00
U-0076,T-015,0,0,0,1,0,2026-03-19 14:31:02.35+00
U-0076,hack-4-2,1,3,0,0,0,2026-03-19 13:51:45.661+00
U-0076,/submit/hack-10-1,0,0,0,0,0,2026-03-04 10:29:33.173+00
U-0076,T-016,0,1,0,0,0,2026-03-13 20:08:26.638+00
U-0076,T-011,0,1,0,0,0,2026-03-15 13:27:23.594+00
U-0076,ongoing,0,0,0,0,0,2026-03-27 13:44:06.636+00
U-0076,T-027,0,0,0,1,0,2026-03-25 01:50:05.866+00
U-0076,T-012,0,1,0,0,0,2026-03-27 09:42:19.203+00
U-0076,hack-3,0,1,0,0,0,2026-03-25 13:30:24.891+00
U-0076,closed,0,0,0,0,0,2026-03-21 11:32:12.335+00
U-0076,open,0,0,0,0,0,2026-03-27 09:33:04.203+00
U-0076,hack-14,1,0,0,0,0,2026-03-27 09:44:39.8+00
U-0076,T-014,0,0,0,0,0,2026-03-17 18:16:23.622+00
U-0076,INV-509590,0,0,0,0,0,2026-03-19 14:27:58.35+00
U-0076,hack-4,1,3,0,0,0,2026-03-25 13:30:28.688+00
U-0076,hack-10-1,0,0,0,0,1,2026-03-21 11:33:52.335+00
U-0076,T-001,0,4,0,0,0,2026-03-27 11:54:53.272+00
U-0076,hack-9-1,3,3,1,1,0,2026-03-25 06:27:17.477+00
U-0076,/submit/hack-2,0,0,0,0,0,2026-03-14 13:35:59.462+00
U-0076,hack-7-1,1,0,0,0,0,2026-03-27 11:35:30.259+00
U-0076,hack-2,1,2,0,0,1,2026-03-27 13:59:41.636+00
U-0076,/profile/notifications,0,0,0,0,0,2026-03-27 05:50:53.767+00
U-0076,fallback-invite_response,0,0,0,0,0,2026-03-02 20:20:50.265+00
U-0076,T-018,0,1,0,0,0,2026-03-16 12:18:03.486+00
U-0076,T-008,0,1,0,1,0,2026-03-21 11:42:54.335+00
U-0076,hack-8-1,1,5,0,0,0,2026-03-27 13:09:56.474+00
U-0076,INV-544673,0,0,0,0,0,2026-03-16 12:17:41.486+00
U-0076,/team/T-019/manage,0,0,0,0,0,2026-03-17 01:55:38.013+00
U-0076,/hackathons,0,0,0,0,0,2026-03-27 13:42:24.636+00
U-0076,hack-2-1,0,1,1,0,0,2026-03-27 13:57:32.636+00
U-0076,T-017,0,1,0,0,0,2026-03-27 12:00:39.272+00
U-0076,T-003,0,1,0,0,0,2026-03-28 15:11:10.889+00
U-0076,INV-117280,0,0,0,0,0,2026-03-25 01:49:17.866+00
U-0077,/team/T-005/manage,0,0,0,0,0,2026-03-28 09:30:40.787+00
U-0077,hack-11,1,2,1,0,0,2026-03-26 06:51:58.076+00
U-0077,fallback-hackathon_interest_toggle,0,0,0,0,0,2026-03-26 10:14:40.47+00
U-0077,INV-601447,0,0,0,0,0,2026-03-14 03:56:50.489+00
U-0077,all,0,0,0,0,0,2026-03-28 21:57:11.373+00
U-0077,T-027,0,7,0,0,0,2026-03-27 13:50:15.878+00
U-0077,true,0,0,0,0,0,2026-03-23 12:16:57.309+00
U-0077,/team/T-015/manage,0,0,0,0,0,2026-03-07 20:05:36.558+00
U-0077,hack-15,1,2,0,0,0,2026-03-22 12:07:08.879+00
U-0077,T-017,0,2,0,1,0,2026-03-28 10:49:15.299+00
U-0077,T-002,0,1,0,0,0,2026-03-20 09:24:19.596+00
U-0077,T-007,0,3,0,1,0,2026-03-24 09:38:42.735+00
U-0077,fallback-matcher_profile_select,0,0,0,0,0,2026-03-24 02:56:18.267+00
U-0077,Team-U-0077-256,0,0,0,0,0,2026-03-06 05:25:43.076+00
U-0077,INV-594746,0,0,0,0,0,2026-03-09 01:32:14.411+00
U-0077,hack-3-2,3,8,0,1,1,2026-03-27 09:43:36.399+00
U-0077,T-001,0,1,0,1,0,2026-03-28 10:39:04.299+00
U-0077,hack-8,0,0,0,0,0,2026-03-23 12:16:10.309+00
U-0077,hack-4,3,7,0,1,0,2026-03-28 14:09:30.876+00
U-0077,Data,0,0,0,0,0,2026-03-12 03:03:28.011+00
U-0077,Cloud,0,0,0,0,0,2026-03-27 02:38:58.698+00
U-0077,T-015,0,1,0,0,0,2026-03-24 10:00:12.589+00
U-0077,T-006,0,0,0,0,0,2026-03-27 01:52:36.151+00
U-0077,hack-5,4,5,1,1,0,2026-03-26 04:14:57.34+00
U-0077,hack-4-1,2,3,1,0,0,2026-03-26 04:06:26.34+00
U-0077,T-018,0,0,0,0,0,2026-03-18 14:07:12.064+00
U-0077,false,0,0,0,0,0,2026-03-09 07:48:12.118+00
U-0077,fallback-hackathon_view,0,0,0,0,0,2026-03-03 14:58:43.305+00
U-0077,hack-6-1,0,0,0,0,0,2026-03-21 09:24:42.141+00
U-0077,Team-U-0077-455,0,0,0,0,0,2026-03-23 09:08:05.51+00
U-0077,T-012,0,2,0,1,0,2026-03-28 10:11:45.412+00
U-0077,/profile/notifications,0,0,0,0,0,2026-03-28 12:49:56.54+00
U-0077,T-010,0,5,0,0,0,2026-03-28 10:53:02.299+00
U-0077,T-1537,0,0,0,0,0,2026-03-24 12:55:14.479+00
U-0077,T-005,0,1,0,0,0,2026-03-24 12:33:58.479+00
U-0077,/team/T-014/manage,0,0,0,0,0,2026-03-24 11:51:40.467+00
U-0077,/submit/hack-2,0,0,0,0,0,2026-03-13 12:06:51.343+00
U-0077,/team/T-016/manage,0,0,0,0,0,2026-03-21 02:02:41.001+00
U-0077,T-9350,0,0,0,0,0,2026-03-28 11:02:06.299+00
U-0077,hack-2-2,4,5,0,0,0,2026-03-24 09:48:11.589+00
U-0077,hack-12,0,0,0,0,0,2026-03-16 10:02:57.574+00
U-0077,/team/T-004/manage,0,0,0,0,0,2026-03-20 03:40:15.745+00
U-0077,T-7383,0,0,0,0,0,2026-03-23 09:09:15.51+00
U-0077,/team/T-026/manage,0,0,0,0,0,2026-03-21 17:50:06.359+00
U-0077,/camp,0,0,0,0,0,2026-03-28 10:28:00.299+00
U-0077,hack-10-1,5,8,0,1,1,2026-03-28 14:06:38.876+00
U-0077,INV-389637,0,0,0,0,0,2026-02-28 20:44:55.08+00
U-0077,/team/T-012/manage,0,0,0,0,0,2026-03-22 14:13:42.847+00
U-0077,team,0,0,0,0,0,2026-03-23 12:15:59.309+00
U-0077,hack-9-1,9,9,1,1,0,2026-03-28 10:30:20.299+00
U-0077,T-026,0,4,0,0,0,2026-03-27 14:23:13.85+00
U-0077,hack-2-1,0,0,0,0,0,2026-03-27 09:44:46.399+00
U-0077,/team/T-002/manage,0,0,0,0,0,2026-03-20 09:20:44.596+00
U-0077,T-013,0,2,0,0,0,2026-03-26 10:07:25.47+00
U-0077,T-008,0,1,0,0,0,2026-03-16 10:56:07.006+00
U-0077,hack-13,1,1,0,0,0,2026-03-09 07:48:17.118+00
U-0077,T-029,0,4,0,0,0,2026-03-28 10:34:47.412+00
U-0077,hack-14,0,0,0,0,0,2026-03-26 06:51:04.076+00
U-0077,/team/T-009/manage,0,0,0,0,0,2026-03-12 07:57:59.08+00
U-0077,/matcher,0,0,0,0,0,2026-03-26 06:48:11.076+00
U-0077,/hackathons,0,0,0,0,0,2026-03-27 02:36:35.698+00
U-0077,/submit/hack-10-1,0,0,0,0,0,2026-03-09 11:48:54.116+00
U-0077,hack-5-2,6,7,1,1,0,2026-03-23 05:14:03.185+00
U-0077,/team/T-008/manage,0,0,0,0,0,2026-03-16 10:54:06.006+00
U-0077,T-030,0,6,0,0,0,2026-03-28 22:13:31.373+00
U-0077,INV-837582,0,0,0,0,0,2026-03-13 03:12:39.892+00
U-0077,/submit/hack-8-1,0,0,0,0,0,2026-03-13 05:57:00.35+00
U-0077,hack-8-1,7,7,0,1,1,2026-03-26 09:38:58.47+00
U-0077,T-028,0,5,0,0,0,2026-03-24 11:15:23.074+00
U-0077,fallback-invite_send,0,0,0,0,0,2026-03-21 02:54:30.336+00
U-0077,hack-2,8,10,1,1,1,2026-03-27 10:26:39.565+00
U-0077,ongoing,0,0,0,0,0,2026-03-22 11:51:26.879+00
U-0077,/team/T-030/manage,0,0,0,0,0,2026-03-26 03:50:27.622+00
U-0077,T-016,0,0,0,0,0,2026-03-21 02:07:25.001+00
U-0077,T-004,0,2,0,0,0,2026-03-27 14:13:58.85+00
U-0077,open,0,0,0,0,0,2026-03-27 01:40:56.151+00
U-0077,/submit/hack-14,0,0,0,0,0,2026-03-09 13:38:19.852+00
U-0077,hack-6,3,4,1,0,0,2026-03-27 10:19:39.565+00
U-0077,T-8375,0,0,0,0,0,2026-03-06 05:27:39.076+00
U-0077,hackathons_list,0,0,0,0,0,2026-03-28 14:01:28.876+00
U-0077,hack-7-1,5,4,0,0,0,2026-03-26 06:50:31.076+00
U-0077,hack-3,4,4,0,0,0,2026-03-27 13:32:32.878+00
U-0077,T-011,0,1,0,0,0,2026-03-26 13:36:01.831+00
U-0077,ended,0,0,0,0,0,2026-03-27 02:37:16.698+00
U-0077,hack-9,0,0,0,0,0,2026-03-27 01:39:09.151+00
U-0077,hack-4-2,3,4,0,0,0,2026-03-27 14:06:26.85+00
U-0077,user,0,0,0,0,0,2026-03-16 14:51:45.419+00
U-0077,Team-U-0077-221,0,0,0,0,0,2026-03-21 02:54:22.336+00
U-0077,hack-6-2,1,4,0,0,0,2026-03-26 06:52:12.076+00
U-0077,T-003,0,1,0,0,0,2026-03-21 14:38:15.709+00
U-0077,hack-10,0,0,0,0,0,2026-03-16 10:01:04.574+00
U-0077,/chat,0,0,0,0,0,2026-03-28 09:25:00.694+00
U-0077,Web,0,0,0,0,0,2026-03-23 04:56:46.185+00
U-0077,/team/T-019/manage,0,0,0,0,0,2026-03-25 16:40:55.315+00
U-0077,T-019,0,2,0,0,0,2026-03-28 10:59:48.299+00
U-0077,T-014,0,1,0,0,0,2026-03-24 11:52:41.467+00
U-0077,T-020,0,4,0,0,0,2026-03-28 10:27:31.412+00
U-0077,closed,0,0,0,0,0,2026-03-23 18:15:13.159+00
U-0077,chatbot_room,0,0,0,0,0,2026-03-28 09:27:54.694+00
U-0077,T-009,0,1,0,0,0,2026-03-18 13:57:48.064+00
U-0078,AI,0,0,0,0,0,2026-03-20 13:37:21.172+00
U-0078,hack-6,0,2,0,0,0,2026-03-19 10:46:10.146+00
U-0078,hack-15,1,2,0,0,0,2026-03-26 14:46:28.048+00
U-0078,chatbot_room,0,0,0,0,0,2026-03-27 14:16:04.533+00
U-0078,T-018,0,1,0,0,0,2026-03-20 12:32:20.242+00
U-0078,Team-U-0078-407,0,0,0,0,0,2026-03-04 12:35:19.305+00
U-0078,hack-3,5,5,0,0,1,2026-03-26 14:52:13.048+00
U-0078,hack-2-2,8,9,0,1,0,2026-03-26 14:48:46.048+00
U-0078,user,0,0,0,0,0,2026-03-27 10:46:43.555+00
U-0078,hack-3-2,3,4,1,1,1,2026-03-26 11:15:23.52+00
U-0078,hack-6-2,2,5,0,0,0,2026-03-25 13:46:48.053+00
U-0078,T-005,0,1,0,1,0,2026-03-26 08:56:59.612+00
U-0078,ended,0,0,0,0,0,2026-03-20 13:36:22.172+00
U-0078,INV-902814,0,0,0,0,0,2026-03-11 04:12:13.142+00
U-0078,closed,0,0,0,0,0,2026-03-27 11:36:02.447+00
U-0078,fallback-team_request_cancel,0,0,0,0,0,2026-03-18 13:54:33.026+00
U-0078,T-008,0,1,0,1,0,2026-03-11 11:07:39.599+00
U-0078,T-8561,0,0,0,0,0,2026-03-08 09:20:17.108+00
U-0078,ongoing,0,0,0,0,0,2026-03-26 14:39:09.048+00
U-0078,T-011,0,2,0,0,0,2026-03-23 00:27:30.165+00
U-0078,Team-U-0078-811,0,0,0,0,0,2026-03-08 09:18:29.108+00
U-0078,/profile/notifications,0,0,0,0,0,2026-03-26 07:29:37.673+00
U-0078,hackathons_list,0,0,0,0,0,2026-03-26 14:40:03.048+00
U-0078,/submit/hack-9-1,0,0,0,0,0,2026-03-26 02:37:26.228+00
U-0078,T-020,0,1,0,0,0,2026-03-16 04:53:42.646+00
U-0078,/team/T-010/manage,0,0,0,0,0,2026-03-23 16:33:29.826+00
U-0078,hack-3-1,0,1,0,0,0,2026-03-24 14:59:59.999+00
U-0078,/submit/hack-3,0,0,0,0,0,2026-03-23 10:22:42.486+00
U-0078,/chat,0,0,0,0,0,2026-03-27 14:08:06.533+00
U-0078,T-017,0,1,0,1,0,2026-03-24 01:47:02.357+00
U-0078,INV-707954,0,0,0,0,0,2026-03-04 05:59:02.492+00
U-0078,/camp,0,0,0,0,0,2026-03-27 11:34:11.447+00
U-0078,hack-8-1,0,5,0,0,0,2026-03-27 11:36:49.447+00
U-0078,/team/T-018/manage,0,0,0,0,0,2026-03-20 12:32:16.242+00
U-0078,hack-5-2,3,4,1,0,0,2026-03-24 14:45:51.153+00
U-0078,T-004,0,1,0,0,0,2026-03-12 14:21:31.806+00
U-0078,T-013,0,2,0,0,0,2026-03-26 11:04:18.669+00
U-0078,true,0,0,0,0,0,2026-03-10 09:11:50.684+00
U-0078,all,0,0,0,0,0,2026-03-24 14:59:59.999+00
U-0078,T-014,0,1,0,1,0,2026-03-23 00:35:16.165+00
U-0078,/submit/hack-3-2,0,0,0,0,0,2026-03-26 11:13:09.52+00
U-0078,INV-238400,0,0,0,0,0,2026-03-24 10:37:47.267+00
U-0078,hack-7,0,2,0,0,0,2026-03-26 14:40:55.048+00
U-0078,Team-U-0078-471,0,0,0,0,0,2026-03-24 14:53:42.153+00
U-0078,T-019,0,3,0,0,0,2026-03-27 11:47:08.447+00
U-0078,T-009,0,0,0,0,0,2026-03-26 11:05:46.669+00
U-0078,fallback-hackathon_view,0,0,0,0,0,2026-03-10 14:11:15.256+00
U-0078,fallback-invite_cancel,0,0,0,0,0,2026-03-27 14:15:18.075+00
U-0078,team,0,0,0,0,0,2026-03-26 12:13:15.702+00
U-0078,T-028,0,1,0,0,0,2026-03-16 04:57:02.646+00
U-0078,T-027,0,4,0,1,0,2026-03-23 22:12:46.746+00
U-0078,Blockchain,0,0,0,0,0,2026-03-06 13:01:19.407+00
U-0078,Cloud,0,0,0,0,0,2026-03-23 14:04:28.767+00
U-0078,hack-4,4,6,1,1,0,2026-03-24 07:28:22.609+00
U-0078,INV-574604,0,0,0,0,0,2026-03-08 11:34:33.517+00
U-0078,hack-2,6,6,0,1,1,2026-03-24 14:59:59.999+00
U-0078,hack-7-1,4,6,1,0,0,2026-03-26 12:14:04.702+00
U-0078,/team/T-029/manage,0,0,0,0,0,2026-03-06 10:05:54.119+00
U-0078,Team-U-0078-968,0,0,0,0,0,2026-03-23 10:04:19.11+00
U-0078,T-006,0,0,0,0,0,2026-03-24 14:53:30.153+00
U-0078,Data,0,0,0,0,0,2026-03-06 14:34:58.158+00
U-0078,INV-359674,0,0,0,0,0,2026-03-18 13:53:56.026+00
U-0078,/hackathons,0,0,0,0,0,2026-03-26 14:37:50.048+00
U-0078,hack-5-1,1,2,0,0,0,2026-03-20 13:47:32.172+00
U-0078,INV-568877,0,0,0,0,0,2026-03-04 11:39:31.036+00
U-0078,Web,0,0,0,0,0,2026-03-19 12:13:40.874+00
U-0078,hack-5,3,5,0,0,1,2026-03-26 08:12:08.884+00
U-0078,T-001,0,1,0,0,0,2026-03-26 12:16:45.702+00
U-0078,hack-12,0,0,0,0,0,2026-03-04 12:10:31.305+00
U-0078,INV-741067,0,0,0,0,0,2026-03-26 07:29:44.673+00
U-0078,hack-8,1,1,0,0,0,2026-03-16 13:41:52.071+00
U-0078,T-010,0,1,0,0,0,2026-03-23 16:33:49.826+00
U-0078,false,0,0,0,0,0,2026-03-10 10:04:28.583+00
U-0078,INV-736544,0,0,0,0,0,2026-03-25 05:24:29.46+00
U-0078,hack-9-1,6,7,0,1,0,2026-03-26 14:56:46.048+00
U-0078,T-003,0,0,0,1,0,2026-03-27 14:15:06.075+00
U-0078,T-9686,0,0,0,0,0,2026-03-23 10:05:24.11+00
U-0078,T-016,0,1,0,0,0,2026-03-26 11:07:29.669+00
U-0078,hack-4-2,3,5,0,0,0,2026-03-27 10:47:01.555+00
U-0078,T-029,0,11,0,0,0,2026-03-25 12:10:09.237+00
U-0078,hack-14,1,1,0,0,0,2026-03-12 10:32:00.758+00
U-0078,T-026,0,2,0,0,0,2026-03-20 13:36:33.696+00
U-0078,open,0,0,0,0,0,2026-03-16 04:42:14.646+00
U-0078,INV-583786,0,0,0,0,0,2026-03-16 04:21:14.377+00
U-0078,T-030,0,1,0,0,0,2026-03-23 00:44:57.165+00
U-0078,T-007,0,0,0,1,0,2026-03-25 05:24:43.46+00
U-0078,hack-10-1,8,9,0,1,0,2026-03-25 12:09:49.063+00
U-0078,/matcher,0,0,0,0,0,2026-03-26 12:12:50.702+00
U-0078,T-002,0,4,0,1,0,2026-03-20 10:19:32.422+00
U-0078,INV-960313,0,0,0,0,0,2026-03-25 12:33:01.237+00
U-0078,notification_panel,0,0,0,0,0,2026-03-26 07:31:11.673+00
U-0078,hack-13,0,1,0,0,0,2026-03-04 12:22:19.889+00
U-0078,T-015,0,0,0,1,0,2026-03-26 07:30:53.673+00
U-0078,hack-6-1,0,0,0,0,0,2026-03-10 10:05:40.583+00
U-0079,INV-744432,0,0,0,0,0,2026-03-13 08:12:26.385+00
U-0079,/submit/hack-7,0,0,0,0,0,2026-03-21 11:22:55.36+00
U-0079,hack-3-1,1,1,0,0,0,2026-03-24 10:44:15.265+00
U-0079,user,0,0,0,0,0,2026-03-16 11:32:08.222+00
U-0079,hack-5,1,2,0,0,0,2026-03-21 12:07:22.64+00
U-0079,AI,0,0,0,0,0,2026-03-24 10:46:56.848+00
U-0079,T-001,0,0,0,0,0,2026-03-19 09:08:00.675+00
U-0079,T-013,0,1,0,0,0,2026-03-19 11:58:17.446+00
U-0079,T-028,0,0,0,0,0,2026-03-20 23:00:37.698+00
U-0079,hack-11,1,2,0,0,0,2026-03-27 12:05:51.388+00
U-0079,T-027,0,0,0,0,0,2026-03-13 07:55:19.033+00
U-0079,hack-3,1,1,0,0,0,2026-03-11 07:51:50.047+00
U-0079,/matcher,0,0,0,0,0,2026-03-16 11:30:46.222+00
U-0079,fallback-team_recruit_toggle,0,0,0,0,0,2026-03-12 01:18:35.809+00
U-0079,hack-7-1,1,2,0,0,0,2026-03-27 14:05:49.029+00
U-0079,hack-15,0,1,0,0,0,2026-03-06 12:44:22.055+00
U-0079,Cloud,0,0,0,0,0,2026-03-12 06:43:28.522+00
U-0079,chatbot_room,0,0,0,0,0,2026-03-27 09:03:51.035+00
U-0079,hack-6-2,1,1,0,0,0,2026-03-12 05:17:03.179+00
U-0079,/submit/hack-8,0,0,0,0,0,2026-03-05 05:15:44.822+00
U-0079,hackathons_list,0,0,0,0,0,2026-03-27 14:02:45.029+00
U-0079,T-005,0,1,0,0,0,2026-03-09 08:13:48.298+00
U-0079,/team/T-006/manage,0,0,0,0,0,2026-03-22 01:02:38.716+00
U-0079,hack-4-2,1,2,0,0,1,2026-03-22 22:03:11.857+00
U-0079,T-012,0,1,0,0,0,2026-03-19 11:59:17.446+00
U-0079,team,0,0,0,0,0,2026-03-23 11:42:59.349+00
U-0079,/camp,0,0,0,0,0,2026-03-27 14:00:42.723+00
U-0079,/submit/hack-2-2,0,0,0,0,0,2026-03-11 19:54:38.181+00
U-0079,/submit/hack-5-2,0,0,0,0,0,2026-03-04 08:00:43.434+00
U-0079,/chat,0,0,0,0,0,2026-03-27 08:59:53.035+00
U-0079,T-007,0,0,0,0,0,2026-02-27 20:14:31+00
U-0079,true,0,0,0,0,0,2026-03-13 07:53:56.033+00
U-0079,INV-281051,0,0,0,0,0,2026-03-11 14:27:17.176+00
U-0079,hack-2-2,1,2,0,0,0,2026-03-27 07:49:20.818+00
U-0079,/submit/hack-4-2,0,0,0,0,0,2026-03-22 21:59:07.857+00
U-0079,open,0,0,0,0,0,2026-03-05 09:28:39.375+00
U-0079,Blockchain,0,0,0,0,0,2026-02-28 14:51:19.382+00
U-0079,T-018,0,1,0,0,0,2026-03-27 14:29:19.723+00
U-0079,T-009,0,2,0,1,0,2026-03-27 07:53:44.818+00
U-0079,T-010,0,1,0,0,0,2026-03-24 11:00:43.265+00
U-0079,hack-4,2,2,0,0,0,2026-03-27 12:04:32.388+00
U-0079,ongoing,0,0,0,0,0,2026-03-12 05:10:42.179+00
U-0079,hack-5-1,0,0,0,0,1,2026-03-01 12:59:49.511+00
U-0079,/hackathons,0,0,0,0,0,2026-03-24 10:44:35.848+00
U-0079,T-019,0,1,0,0,0,2026-03-22 22:34:35.769+00
U-0079,hack-2,1,1,0,0,0,2026-03-22 18:04:10.086+00
U-0079,fallback-matcher_filter,0,0,0,0,0,2026-03-27 09:03:56.035+00
U-0079,T-006,0,0,0,0,0,2026-03-22 01:05:12.716+00
U-0079,/profile/notifications,0,0,0,0,0,2026-03-27 07:17:44.875+00
U-0079,hack-9-1,2,4,0,0,0,2026-03-24 08:15:47.832+00
U-0079,hack-6,4,4,0,0,0,2026-03-24 10:51:21.848+00
U-0079,Data,0,0,0,0,0,2026-03-06 01:16:44.432+00
U-0079,/submit/hack-5-1,0,0,0,0,0,2026-03-01 12:55:42.511+00
U-0079,ended,0,0,0,0,0,2026-03-24 08:11:33.832+00
U-0079,hack-7,1,1,0,0,0,2026-03-21 11:23:09.36+00
U-0079,/submit/hack-8-1,0,0,0,0,0,2026-03-05 05:16:16.52+00
U-0079,T-002,0,0,0,0,0,2026-02-28 13:57:13+00
U-0079,hack-8-1,1,3,1,0,1,2026-03-13 07:52:47.033+00
U-0079,/team/T-019/manage,0,0,0,0,0,2026-03-22 22:32:14.769+00
U-0079,hack-10-1,0,2,0,0,0,2026-03-21 23:55:06.156+00
U-0079,all,0,0,0,0,0,2026-03-27 14:02:41.723+00
U-0079,/team/T-018/manage,0,0,0,0,0,2026-03-16 08:00:58.286+00
U-0079,/team/T-009/manage,0,0,0,0,0,2026-03-23 08:32:01.658+00
U-0079,closed,0,0,0,0,0,2026-03-09 08:01:12.298+00
U-0079,T-016,0,1,0,0,0,2026-03-27 14:21:00.723+00
U-0079,hack-3-2,2,3,1,0,0,2026-03-12 06:58:02.522+00
U-0079,T-020,0,1,0,0,0,2026-03-24 10:55:05.265+00
U-0079,hack-12,1,1,0,0,0,2026-03-24 08:19:14.832+00
U-0079,T-015,0,1,0,1,0,2026-03-16 10:07:40.405+00
U-0079,T-026,0,4,0,0,0,2026-03-23 11:44:24.349+00
U-0079,hack-8,0,0,0,0,1,2026-03-05 05:18:18.822+00
U-0079,hack-14,0,0,0,0,0,2026-03-27 14:08:15.029+00
U-0079,hack-5-2,1,1,0,0,1,2026-03-21 12:11:47.64+00
U-0079,T-030,0,1,0,0,0,2026-03-06 11:35:14.678+00
U-0079,fallback-hackathon_view,0,0,0,0,0,2026-03-04 08:05:31.434+00
U-0079,INV-487775,0,0,0,0,0,2026-03-24 11:42:08.722+00
U-0079,T-029,0,1,0,0,0,2026-03-19 01:40:33.284+00
U-0079,/team/T-029/manage,0,0,0,0,0,2026-03-19 01:37:32.284+00
U-0079,T-011,0,0,0,0,0,2026-03-24 11:43:22.722+00
U-0080,closed,0,0,0,0,0,2026-03-27 10:34:30.23+00
U-0080,INV-151234,0,0,0,0,0,2026-03-13 11:04:06.307+00
U-0080,fallback-recommendation_impression,0,0,0,0,0,2026-03-15 03:42:17.282+00
U-0080,T-019,0,2,0,0,0,2026-03-26 04:04:47.382+00
U-0080,T-4638,0,0,0,0,0,2026-03-22 08:30:10.2+00
U-0080,T-015,0,2,0,0,0,2026-03-24 10:12:38.453+00
U-0080,Team-U-0080-351,0,0,0,0,0,2026-03-23 08:08:04.176+00
U-0080,T-011,0,4,0,0,0,2026-03-23 07:35:38.176+00
U-0080,T-029,0,1,0,1,0,2026-03-27 14:54:56.568+00
U-0080,T-001,0,2,0,0,0,2026-03-22 08:28:03.2+00
U-0080,T-018,0,2,0,0,0,2026-03-28 06:28:47.489+00
U-0080,T-009,0,3,0,0,0,2026-03-23 08:07:18.176+00
U-0080,Team-U-0080-942,0,0,0,0,0,2026-03-02 05:13:24.37+00
U-0080,T-013,0,0,0,0,0,2026-03-02 05:28:57.715+00
U-0080,T-008,0,1,0,0,0,2026-03-18 17:02:04.467+00
U-0080,hack-4-1,1,0,0,0,0,2026-03-26 04:02:01.382+00
U-0080,hack-5,3,7,1,1,1,2026-03-27 12:20:11.165+00
U-0080,/camp,0,0,0,0,0,2026-03-28 13:14:44.39+00
U-0080,AI,0,0,0,0,0,2026-03-01 12:30:40.511+00
U-0080,hack-14,0,1,0,0,0,2026-03-22 07:27:30.419+00
U-0080,T-014,0,1,0,0,0,2026-03-26 12:22:26.223+00
U-0080,fallback-invite_response,0,0,0,0,0,2026-03-13 08:48:23.267+00
U-0080,T-004,0,5,0,0,0,2026-03-26 12:38:20.223+00
U-0080,hackathons_list,0,0,0,0,0,2026-03-28 11:28:46.489+00
U-0080,/submit/hack-5,0,0,0,0,0,2026-03-15 09:06:08.531+00
U-0080,Team-U-0080-920,0,0,0,0,0,2026-03-13 11:29:17.507+00
U-0080,hack-5-1,0,1,0,0,1,2026-03-24 13:18:12.584+00
U-0080,INV-175328,0,0,0,0,0,2026-03-13 03:16:46.29+00
U-0080,/team/T-007/manage,0,0,0,0,0,2026-03-16 10:42:47.712+00
U-0080,/team/T-012/manage,0,0,0,0,0,2026-03-10 02:31:40.17+00
U-0080,hack-7,0,1,0,0,0,2026-03-20 12:09:45.543+00
U-0080,open,0,0,0,0,0,2026-03-24 10:06:33.453+00
U-0080,INV-457537,0,0,0,0,0,2026-03-15 16:13:27.898+00
U-0080,hack-9-1,3,6,1,0,0,2026-03-28 11:37:08.489+00
U-0080,ongoing,0,0,0,0,0,2026-03-28 02:39:18.58+00
U-0080,hack-7-1,6,8,1,1,0,2026-03-28 03:29:50.791+00
U-0080,T-007,0,1,0,0,0,2026-03-19 12:30:21.536+00
U-0080,/submit/hack-7,0,0,0,0,0,2026-03-20 12:09:26.543+00
U-0080,fallback-team_create_attempt,0,0,0,0,0,2026-03-17 09:03:24.673+00
U-0080,/team/T-029/manage,0,0,0,0,0,2026-03-27 14:52:59.568+00
U-0080,hack-6,3,6,0,0,0,2026-03-28 06:27:51.489+00
U-0080,T-002,0,3,0,0,0,2026-03-15 10:38:29.842+00
U-0080,T-7956,0,0,0,0,0,2026-03-02 05:15:08.37+00
U-0080,hack-4-2,3,3,0,0,1,2026-03-28 11:31:22.489+00
U-0080,chatbot_room,0,0,0,0,0,2026-03-28 21:00:07.226+00
U-0080,/submit/hack-4,0,0,0,0,0,2026-03-25 01:46:12.895+00
U-0080,hack-15,1,1,1,0,0,2026-03-11 09:36:58.503+00
U-0080,team,0,0,0,0,0,2026-03-26 04:00:25.382+00
U-0080,T-006,0,2,0,0,0,2026-03-25 04:14:39.52+00
U-0080,all,0,0,0,0,0,2026-03-27 12:07:28.165+00
U-0080,T-003,0,2,0,0,0,2026-03-28 13:30:20.39+00
U-0080,T-026,0,3,0,0,0,2026-03-27 11:39:52.132+00
U-0080,hack-8,2,2,1,0,0,2026-03-22 07:25:37.419+00
U-0080,hack-9,0,0,0,0,0,2026-03-15 11:26:23.619+00
U-0080,/profile/notifications,0,0,0,0,0,2026-03-28 09:10:16.783+00
U-0080,T-8945,0,0,0,0,0,2026-03-23 08:08:19.176+00
U-0080,fallback-team_request_create,0,0,0,0,0,2026-03-17 14:19:04.209+00
U-0080,notification_panel,0,0,0,0,0,2026-03-15 06:26:20.506+00
U-0080,fallback-team_notice_send,0,0,0,0,0,2026-03-18 13:37:03.294+00
U-0080,/submit/hack-8-1,0,0,0,0,0,2026-03-25 08:53:21.596+00
U-0080,T-4298,0,0,0,0,0,2026-03-09 06:03:45.827+00
U-0080,hack-12,2,1,0,0,0,2026-03-26 11:33:59.133+00
U-0080,hack-6-1,0,1,0,0,0,2026-03-15 03:35:15.282+00
U-0080,/chat,0,0,0,0,0,2026-03-26 10:39:12.011+00
U-0080,Data,0,0,0,0,0,2026-03-26 21:15:19.759+00
U-0080,T-028,0,9,0,0,0,2026-03-25 07:10:39.337+00
U-0080,hack-2-2,1,7,0,0,1,2026-03-28 13:18:29.39+00
U-0080,T-005,0,2,0,1,0,2026-03-19 22:11:24.178+00
U-0080,/submit/hack-13,0,0,0,0,0,2026-03-11 23:04:26.516+00
U-0080,/team/T-026/manage,0,0,0,0,0,2026-03-27 11:37:17.132+00
U-0080,ended,0,0,0,0,0,2026-03-26 21:14:17.759+00
U-0080,hack-11,0,0,0,0,0,2026-03-24 08:35:45.482+00
U-0080,/team/T-008/manage,0,0,0,0,0,2026-03-18 16:59:16.467+00
U-0080,/team/T-002/manage,0,0,0,0,0,2026-03-15 10:36:34.842+00
U-0080,Team-U-0080-286,0,0,0,0,0,2026-03-09 06:03:00.827+00
U-0080,hack-3,2,5,0,0,0,2026-03-26 21:25:58.759+00
U-0080,/submit/hack-3,0,0,0,0,0,2026-03-15 05:50:17.67+00
U-0080,Cloud,0,0,0,0,0,2026-03-15 03:28:21.282+00
U-0080,/matcher,0,0,0,0,0,2026-03-28 06:24:57.489+00
U-0080,INV-422746,0,0,0,0,0,2026-03-27 11:17:53.862+00
U-0080,T-5262,0,0,0,0,0,2026-03-13 11:30:19.507+00
U-0080,Blockchain,0,0,0,0,0,2026-03-28 02:39:59.58+00
U-0080,hack-10-1,3,10,1,1,1,2026-03-28 03:22:21.791+00
U-0080,false,0,0,0,0,0,2026-03-02 05:25:42.715+00
U-0080,user,0,0,0,0,0,2026-03-24 08:34:40.482+00
U-0080,true,0,0,0,0,0,2026-03-23 13:09:23.033+00
U-0080,T-020,0,1,0,0,0,2026-03-19 11:38:36.656+00
U-0080,hack-2-1,2,1,1,0,0,2026-03-18 21:12:23.376+00
U-0080,hack-13,0,2,0,0,1,2026-03-28 02:59:37.58+00
U-0080,hack-4,7,7,1,1,1,2026-03-26 09:16:48.163+00
U-0080,hack-5-2,2,5,1,0,0,2026-03-27 12:16:48.165+00
U-0080,/team/T-020/manage,0,0,0,0,0,2026-03-09 02:26:40.116+00
U-0080,fallback-team_detail_close,0,0,0,0,0,2026-03-15 19:36:41.023+00
U-0080,fallback-matcher_profile_select,0,0,0,0,0,2026-03-01 21:06:43.466+00
U-0080,fallback-hackathon_interest_toggle,0,0,0,0,0,2026-03-26 09:48:07.141+00
U-0080,fallback-hackathon_view,0,0,0,0,0,2026-03-15 14:46:30.653+00
U-0080,Team-U-0080-472,0,0,0,0,0,2026-03-22 08:29:29.2+00
U-0080,fallback-hackathon_join,0,0,0,0,0,2026-03-26 11:34:15.133+00
U-0080,/submit/hack-4-2,0,0,0,0,0,2026-03-19 09:39:01.734+00
U-0080,hack-8-1,3,6,0,0,1,2026-03-28 02:55:46.58+00
U-0080,INV-631351,0,0,0,0,0,2026-03-17 10:05:19.083+00
U-0080,/submit/hack-2-2,0,0,0,0,0,2026-03-24 11:12:14.718+00
U-0080,T-012,0,3,0,0,0,2026-03-24 11:30:03.499+00
U-0080,hack-6-2,6,4,0,1,0,2026-03-28 02:51:12.58+00
U-0080,T-027,0,6,0,0,0,2026-03-22 13:27:11.151+00
U-0080,/hackathons,0,0,0,0,0,2026-03-28 11:27:12.489+00
U-0080,T-030,0,12,0,1,0,2026-03-22 20:24:06.073+00
U-0080,hack-3-2,3,7,1,0,0,2026-03-28 03:24:35.791+00
U-0080,T-010,0,2,0,0,0,2026-03-24 11:35:34.499+00
U-0080,INV-426663,0,0,0,0,0,2026-03-28 09:12:05.783+00
U-0080,T-016,0,1,0,0,0,2026-03-28 06:30:33.489+00
U-0080,T-017,0,2,0,1,0,2026-03-19 12:35:13.536+00
U-0080,hack-2,2,4,0,1,0,2026-03-28 11:39:31.489+00
U-0080,INV-537262,0,0,0,0,0,2026-03-15 06:24:20.506+00
U-0080,Web,0,0,0,0,0,2026-03-27 12:08:58.165+00
U-0081,T-020,0,0,0,0,0,2026-03-19 07:35:15.486+00
U-0081,/matcher,0,0,0,0,0,2026-03-23 11:21:53.178+00
U-0081,T-003,0,1,0,1,0,2026-03-28 23:13:35.05+00
U-0081,T-005,0,0,0,0,0,2026-03-18 11:17:19.585+00
U-0081,/submit/hack-10-1,0,0,0,0,0,2026-03-26 14:29:43.514+00
U-0081,false,0,0,0,0,0,2026-03-25 21:43:22.72+00
U-0081,/team/T-029/manage,0,0,0,0,0,2026-03-19 07:22:39.058+00
U-0081,T-019,0,1,0,0,0,2026-03-26 16:42:57.741+00
U-0081,T-7947,0,0,0,0,0,2026-03-26 14:59:59.999+00
U-0081,closed,0,0,0,0,0,2026-03-12 14:31:22.114+00
U-0081,hack-5-2,3,5,0,0,0,2026-03-26 14:55:54.827+00
U-0081,hack-3-1,0,0,0,0,0,2026-03-19 13:06:55.294+00
U-0081,/submit/hack-8-1,0,0,0,0,0,2026-03-27 02:15:32.699+00
U-0081,hack-8,1,0,0,0,0,2026-03-19 14:32:47.183+00
U-0081,T-029,0,11,0,0,0,2026-03-26 14:59:59.999+00
U-0081,/chat,0,0,0,0,0,2026-03-27 09:44:50.644+00
U-0081,ongoing,0,0,0,0,0,2026-03-19 05:40:01.529+00
U-0081,/profile/notifications,0,0,0,0,0,2026-03-20 04:01:28.585+00
U-0081,notification_panel,0,0,0,0,0,2026-03-17 08:20:59.53+00
U-0081,hack-5-1,0,0,0,0,0,2026-03-25 06:30:38.34+00
U-0081,ended,0,0,0,0,0,2026-03-14 13:07:30.043+00
U-0081,INV-660726,0,0,0,0,0,2026-03-18 03:17:34.022+00
U-0081,fallback-team_detail_close,0,0,0,0,0,2026-03-19 13:51:18.875+00
U-0081,Team-U-0081-728,0,0,0,0,0,2026-03-13 12:38:03.487+00
U-0081,chatbot_room,0,0,0,0,0,2026-03-27 13:28:17.796+00
U-0081,hack-10-1,0,1,0,0,1,2026-03-26 14:30:54.514+00
U-0081,hack-2-2,0,1,0,0,1,2026-03-19 23:11:10.247+00
U-0081,INV-592058,0,0,0,0,0,2026-03-05 15:38:33.765+00
U-0081,hack-3-2,3,3,0,1,0,2026-03-26 03:06:10.842+00
U-0081,Team-U-0081-413,0,0,0,0,0,2026-03-06 13:47:28.771+00
U-0081,/submit/hack-5,0,0,0,0,0,2026-03-17 11:41:41.013+00
U-0081,T-014,0,0,0,0,0,2026-03-26 09:37:26.794+00
U-0081,/team/T-013/manage,0,0,0,0,0,2026-03-13 04:01:09.731+00
U-0081,hack-4,5,3,1,1,0,2026-03-19 14:38:44.183+00
U-0081,open,0,0,0,0,0,2026-03-26 09:30:24.794+00
U-0081,T-007,0,0,0,1,0,2026-03-24 13:21:18.094+00
U-0081,hack-4-1,1,1,0,0,0,2026-03-19 23:09:31.247+00
U-0081,T-017,0,2,0,0,0,2026-03-25 10:13:36.076+00
U-0081,hack-9,0,1,0,0,0,2026-03-14 11:32:11.458+00
U-0081,team,0,0,0,0,0,2026-03-26 16:39:52.741+00
U-0081,INV-357261,0,0,0,0,0,2026-03-18 09:18:36.214+00
U-0081,hack-8-1,1,2,0,0,0,2026-03-19 05:57:11.529+00
U-0081,/team/T-010/manage,0,0,0,0,0,2026-03-13 01:47:06.255+00
U-0081,Cloud,0,0,0,0,0,2026-03-19 05:41:19.529+00
U-0081,T-004,0,0,0,1,0,2026-03-25 11:36:11.353+00
U-0081,hack-5,1,3,0,0,1,2026-03-26 03:29:20.899+00
U-0081,fallback-team_request_review,0,0,0,0,0,2026-03-26 12:22:00.112+00
U-0081,hack-6-2,2,3,0,0,0,2026-03-25 06:28:35.34+00
U-0081,user,0,0,0,0,0,2026-03-19 23:05:36.247+00
U-0081,/team/T-027/manage,0,0,0,0,0,2026-03-26 12:19:50.112+00
U-0081,hack-9-1,4,3,0,0,0,2026-03-26 03:12:43.842+00
U-0081,/camp,0,0,0,0,0,2026-03-28 22:58:12.05+00
U-0081,T-002,0,2,0,0,0,2026-03-24 13:25:41.094+00
U-0081,hack-2-1,1,1,0,0,0,2026-03-12 14:31:32.114+00
U-0081,Web,0,0,0,0,0,2026-03-23 12:22:38.172+00
U-0081,hack-11,3,3,1,0,0,2026-03-14 13:12:04.043+00
U-0081,T-010,0,2,0,0,0,2026-03-26 14:59:59.999+00
U-0081,fallback-team_notice_send,0,0,0,0,0,2026-03-24 02:04:36.474+00
U-0081,T-013,0,2,0,0,0,2026-03-19 13:17:01.294+00
U-0081,hack-7-1,4,7,1,1,0,2026-03-26 03:32:33.899+00
U-0081,/team/T-006/manage,0,0,0,0,0,2026-03-12 19:13:04.266+00
U-0081,T-009,0,2,0,0,0,2026-03-19 13:54:13.837+00
U-0081,T-030,0,5,0,1,0,2026-03-27 12:45:00.192+00
U-0081,INV-294743,0,0,0,0,0,2026-03-18 15:33:20.672+00
U-0081,T-027,0,3,0,0,0,2026-03-26 12:21:58.112+00
U-0081,T-011,0,2,0,0,0,2026-03-14 11:20:07.838+00
U-0081,T-3471,0,0,0,0,0,2026-03-06 13:48:43.771+00
U-0081,AI,0,0,0,0,0,2026-03-19 09:29:26.679+00
U-0081,T-016,0,1,0,0,0,2026-03-25 05:42:20.02+00
U-0081,hack-6-1,1,1,0,0,0,2026-03-18 13:11:35.321+00
U-0081,T-006,0,1,0,0,0,2026-03-26 14:59:59.999+00
U-0081,/team/T-030/manage,0,0,0,0,0,2026-03-12 03:42:35.048+00
U-0081,hack-10,0,0,0,0,0,2026-03-28 23:01:30.05+00
U-0081,hack-6,2,4,0,0,0,2026-03-27 12:15:19.192+00
U-0081,/submit/hack-2-2,0,0,0,0,0,2026-03-11 02:03:25.334+00
U-0081,T-001,0,1,0,0,0,2026-03-24 13:44:22.873+00
U-0081,/hackathons,0,0,0,0,0,2026-03-26 03:21:45.899+00
U-0081,T-018,0,2,0,0,0,2026-03-28 23:07:52.05+00
U-0081,T-028,0,1,0,0,0,2026-03-26 16:41:48.741+00
U-0081,T-8342,0,0,0,0,0,2026-03-13 12:39:39.487+00
U-0081,T-026,0,1,0,0,0,2026-03-26 00:45:29.643+00
U-0081,hack-13,1,1,0,0,0,2026-03-11 14:14:03.355+00
U-0081,/team/T-020/manage,0,0,0,0,0,2026-03-19 07:34:07.486+00
U-0081,fallback-submit_project,0,0,0,0,0,2026-03-12 11:40:18.101+00
U-0081,hack-3,2,2,0,0,0,2026-03-26 16:41:39.741+00
U-0081,hack-4-2,0,1,0,0,1,2026-03-24 13:24:16.873+00
U-0081,INV-539173,0,0,0,0,0,2026-03-10 13:59:51.258+00
U-0081,T-008,0,1,0,0,0,2026-03-23 01:54:27.399+00
U-0081,T-015,0,2,0,0,0,2026-03-25 10:17:13.076+00
U-0081,hack-2,3,8,0,0,0,2026-03-26 03:03:18.842+00
U-0081,hack-14,1,1,0,0,0,2026-03-19 05:59:54.529+00
U-0081,all,0,0,0,0,0,2026-03-26 02:55:20.842+00
U-0081,true,0,0,0,0,0,2026-03-12 03:58:15.651+00
U-0081,hackathons_list,0,0,0,0,0,2026-03-26 02:57:14.842+00
U-0082,T-018,0,0,0,0,0,2026-02-27 21:20:59+00
U-0082,user,0,0,0,0,0,2026-03-02 12:45:56.459+00
U-0082,hack-5-2,0,1,0,0,0,2026-03-27 08:38:50.498+00
U-0082,/team/T-016/manage,0,0,0,0,0,2026-03-13 13:59:04.51+00
U-0082,T-030,0,3,0,0,0,2026-03-27 12:16:43.095+00
U-0082,T-012,0,0,0,0,0,2026-02-28 08:55:27+00
U-0082,T-019,0,0,0,0,0,2026-02-28 03:05:01+00
U-0082,T-010,0,1,0,0,0,2026-03-26 08:42:15.286+00
U-0082,Data,0,0,0,0,0,2026-03-27 08:37:35.498+00
U-0082,T-028,0,2,0,0,0,2026-03-26 08:19:34.286+00
U-0082,T-005,0,2,0,0,0,2026-03-05 10:52:10.587+00
U-0082,T-029,0,3,0,0,0,2026-03-21 13:18:58.007+00
U-0082,hack-14,0,0,0,0,0,2026-03-14 04:20:58.434+00
U-0082,hack-3,0,0,0,0,1,2026-03-26 14:45:43.592+00
U-0082,/camp,0,0,0,0,0,2026-03-26 20:31:23.86+00
U-0082,INV-718219,0,0,0,0,0,2026-03-17 07:24:35.532+00
U-0082,T-2619,0,0,0,0,0,2026-03-17 11:34:46.43+00
U-0082,Team-U-0082-782,0,0,0,0,0,2026-03-17 11:33:32.43+00
U-0082,/submit/hack-7,0,0,0,0,0,2026-03-11 14:43:24.717+00
U-0082,/team/T-002/manage,0,0,0,0,0,2026-03-26 13:44:45.892+00
U-0082,T-001,0,1,0,0,0,2026-03-02 04:56:42.659+00
U-0082,T-008,0,0,0,1,0,2026-03-17 07:26:01.532+00
U-0082,/hackathons,0,0,0,0,0,2026-03-27 08:37:05.498+00
U-0082,INV-734158,0,0,0,0,0,2026-03-27 09:43:14.266+00
U-0082,/team/T-030/manage,0,0,0,0,0,2026-03-22 04:11:19.752+00
U-0082,hack-4-2,1,1,0,0,0,2026-03-26 08:12:55.286+00
U-0082,INV-136535,0,0,0,0,0,2026-02-28 05:54:02.339+00
U-0082,/profile/notifications,0,0,0,0,0,2026-03-27 09:42:26.266+00
U-0082,hack-4,2,3,0,0,0,2026-03-26 20:05:02.783+00
U-0082,/submit/hack-3,0,0,0,0,0,2026-03-26 14:43:36.592+00
U-0082,T-009,0,2,0,0,0,2026-03-26 08:32:21.286+00
U-0082,hackathons_list,0,0,0,0,0,2026-03-26 20:02:32.783+00
U-0082,T-006,0,0,0,0,0,2026-03-27 12:17:16.095+00
U-0082,ended,0,0,0,0,0,2026-03-17 08:29:21.44+00
U-0082,T-003,0,2,0,1,0,2026-03-25 02:47:58.098+00
U-0082,hack-2,0,0,0,0,0,2026-03-22 10:39:50.615+00
U-0082,hack-13,1,1,0,0,0,2026-03-26 20:14:09.783+00
U-0082,hack-2-2,0,1,0,0,0,2026-03-07 05:23:49.551+00
U-0082,T-004,0,0,0,0,0,2026-03-07 10:35:15.56+00
U-0082,T-020,0,2,0,1,0,2026-03-26 02:02:22.612+00
U-0082,closed,0,0,0,0,0,2026-03-21 22:51:20.3+00
U-0082,all,0,0,0,0,0,2026-03-27 10:56:51.459+00
U-0082,/team/T-004/manage,0,0,0,0,0,2026-03-07 10:31:23.56+00
U-0082,hack-7-1,1,1,1,0,1,2026-03-25 02:41:40.098+00
U-0082,T-026,0,3,0,0,0,2026-03-22 10:57:01.615+00
U-0082,open,0,0,0,0,0,2026-03-22 10:38:57.615+00
U-0082,T-002,0,2,0,0,0,2026-03-26 01:15:57.69+00
U-0082,T-017,0,2,0,0,0,2026-03-13 09:27:37.197+00
U-0082,/matcher,0,0,0,0,0,2026-03-27 12:14:55.095+00
U-0082,hack-4-1,1,1,0,0,0,2026-03-03 02:56:55.499+00
U-0082,T-016,0,2,0,0,0,2026-03-20 02:00:34.636+00
U-0082,T-013,0,0,0,1,0,2026-03-20 15:06:40.216+00
U-0082,hack-3-2,1,2,0,0,0,2026-03-03 03:02:40.499+00
U-0082,fallback-invite_send,0,0,0,0,0,2026-03-15 05:18:18.269+00
U-0082,T-027,0,1,0,0,0,2026-03-03 05:00:12.265+00
U-0082,Web,0,0,0,0,0,2026-03-25 10:47:00.553+00
U-0082,/chat,0,0,0,0,0,2026-03-26 20:06:34.341+00
U-0082,/team/T-020/manage,0,0,0,0,0,2026-03-11 06:42:54.597+00
U-0082,fallback-team_member_kick,0,0,0,0,0,2026-03-03 05:10:34.265+00
U-0082,/submit/hack-10-1,0,0,0,0,0,2026-03-14 13:57:43.137+00
U-0082,T-007,0,1,0,0,0,2026-03-24 18:06:28.306+00
U-0082,hack-5,1,2,0,0,0,2026-03-15 05:03:15.269+00
U-0082,T-014,0,3,0,0,0,2026-03-26 20:41:15.86+00
U-0082,hack-9-1,4,3,1,0,0,2026-03-27 11:02:12.459+00
U-0082,/submit/hack-7-1,0,0,0,0,0,2026-03-22 14:36:59.09+00
U-0082,hack-7,0,0,0,0,0,2026-03-21 05:22:39.567+00
U-0082,T-011,0,1,0,1,0,2026-03-19 21:25:34.065+00
U-0082,ongoing,0,0,0,0,0,2026-03-26 20:01:56.783+00
U-0082,chatbot_room,0,0,0,0,0,2026-03-26 20:08:08.341+00
U-0082,hack-6-2,0,0,0,0,0,2026-03-03 08:18:54.896+00
U-0082,hack-10-1,1,2,0,0,1,2026-03-26 20:33:59.86+00
U-0082,hack-8-1,0,1,0,0,0,2026-03-21 08:04:22.413+00
U-0082,hack-6,2,2,1,0,0,2026-03-26 20:07:32.783+00
U-0082,T-015,0,0,0,0,0,2026-02-27 20:48:00+00
U-0083,true,0,0,0,0,0,2026-03-24 03:26:08.139+00
U-0083,T-010,0,2,0,1,0,2026-03-28 05:04:02.536+00
U-0083,hack-12,0,2,1,0,0,2026-03-19 14:19:40.674+00
U-0083,T-027,0,12,0,0,0,2026-03-27 04:24:41.723+00
U-0083,/camp,0,0,0,0,0,2026-03-28 11:55:42.097+00
U-0083,T-004,0,3,0,1,0,2026-03-28 09:29:50.595+00
U-0083,INV-913869,0,0,0,0,0,2026-03-13 14:24:03.26+00
U-0083,/submit/hack-10,0,0,0,0,0,2026-03-26 22:01:00.76+00
U-0083,open,0,0,0,0,0,2026-03-28 09:08:55.595+00
U-0083,chatbot_room,0,0,0,0,0,2026-03-28 14:52:29.508+00
U-0083,hack-2-2,9,11,0,1,0,2026-03-28 14:40:52.788+00
U-0083,Web,0,0,0,0,0,2026-03-14 09:32:47.75+00
U-0083,team,0,0,0,0,0,2026-03-23 11:12:33.893+00
U-0083,Blockchain,0,0,0,0,0,2026-03-13 19:59:36.707+00
U-0083,fallback-team_detail_dwell,0,0,0,0,0,2026-03-20 05:48:26.552+00
U-0083,hack-13,2,2,0,0,0,2026-03-17 17:06:16.093+00
U-0083,fallback-invite_cancel,0,0,0,0,0,2026-03-26 12:52:44.502+00
U-0083,hack-6-1,2,1,1,0,0,2026-03-20 13:46:07.291+00
U-0083,T-005,0,3,0,0,0,2026-03-20 09:55:11.616+00
U-0083,INV-429738,0,0,0,0,0,2026-03-16 13:23:35.883+00
U-0083,/team/T-030/manage,0,0,0,0,0,2026-03-14 21:54:15.098+00
U-0083,T-2880,0,0,0,0,0,2026-03-08 08:45:15.572+00
U-0083,false,0,0,0,0,0,2026-03-13 10:00:15.35+00
U-0083,T-026,0,2,0,0,0,2026-03-24 10:57:04.363+00
U-0083,T-029,0,3,0,0,0,2026-03-21 02:35:30.165+00
U-0083,hack-2-1,0,0,0,0,0,2026-03-28 10:26:39.259+00
U-0083,T-012,0,0,0,0,0,2026-02-27 21:43:57+00
U-0083,Team-U-0083-274,0,0,0,0,0,2026-03-20 05:47:58.552+00
U-0083,T-019,0,3,0,0,0,2026-03-26 19:41:50.789+00
U-0083,hack-11,2,2,0,0,0,2026-03-28 14:34:49.788+00
U-0083,T-003,0,1,0,0,0,2026-03-28 09:15:40.595+00
U-0083,/submit/hack-5,0,0,0,0,0,2026-03-03 09:21:07.062+00
U-0083,T-4531,0,0,0,0,0,2026-03-18 14:08:59.14+00
U-0083,INV-291614,0,0,0,0,0,2026-03-16 12:21:35.114+00
U-0083,/team/T-001/manage,0,0,0,0,0,2026-03-27 12:53:48.083+00
U-0083,user,0,0,0,0,0,2026-03-28 10:24:50.259+00
U-0083,hack-10,0,0,0,0,1,2026-03-26 22:04:26.76+00
U-0083,Team-U-0083-912,0,0,0,0,0,2026-03-12 02:36:48.45+00
U-0083,hack-3-2,4,6,1,1,0,2026-03-26 13:40:41.418+00
U-0083,/team/T-002/manage,0,0,0,0,0,2026-03-18 05:04:30.046+00
U-0083,hack-14,2,2,0,0,0,2026-03-24 03:28:43.139+00
U-0083,T-001,0,2,0,1,0,2026-03-28 12:07:07.097+00
U-0083,T-006,0,3,0,0,0,2026-03-20 03:17:54.476+00
U-0083,hack-7-1,2,4,0,1,1,2026-03-26 11:59:07.799+00
U-0083,/submit/hack-3,0,0,0,0,0,2026-03-28 02:35:06.612+00
U-0083,T-011,0,1,0,0,0,2026-03-26 19:15:57.789+00
U-0083,/team/T-004/manage,0,0,0,0,0,2026-03-27 07:12:48.275+00
U-0083,Team-U-0083-575,0,0,0,0,0,2026-02-28 12:18:23.282+00
U-0083,/profile/notifications,0,0,0,0,0,2026-03-27 05:28:37.539+00
U-0083,/team/T-014/manage,0,0,0,0,0,2026-03-03 00:26:30.82+00
U-0083,INV-904748,0,0,0,0,0,2026-03-21 09:29:02.634+00
U-0083,AI,0,0,0,0,0,2026-03-19 14:10:29.674+00
U-0083,/team/T-018/manage,0,0,0,0,0,2026-03-10 14:18:09.283+00
U-0083,hack-3,6,10,1,1,1,2026-03-28 02:39:53.612+00
U-0083,fallback-chatbot_query,0,0,0,0,0,2026-03-27 12:56:57.083+00
U-0083,/submit/hack-4-1,0,0,0,0,0,2026-03-12 02:34:24.138+00
U-0083,/team/T-010/manage,0,0,0,0,0,2026-03-25 09:33:34.793+00
U-0083,/team/T-015/manage,0,0,0,0,0,2026-03-28 10:33:13.26+00
U-0083,hack-9-1,4,7,0,0,0,2026-03-28 14:34:26.788+00
U-0083,T-013,0,4,0,0,0,2026-03-28 06:56:12.589+00
U-0083,/submit/hack-3-2,0,0,0,0,0,2026-03-18 13:11:23.694+00
U-0083,/submit/hack-10-1,0,0,0,0,0,2026-03-24 14:48:31.528+00
U-0083,hack-4-1,0,0,0,0,0,2026-03-23 04:18:44.699+00
U-0083,all,0,0,0,0,0,2026-03-26 12:36:10.502+00
U-0083,hack-4,3,2,0,0,0,2026-03-25 09:02:13.581+00
U-0083,INV-169265,0,0,0,0,0,2026-03-16 11:06:06.008+00
U-0083,T-017,0,0,0,0,0,2026-03-27 10:00:47.356+00
U-0083,T-016,0,1,0,0,0,2026-03-16 01:29:22.068+00
U-0083,hack-5-2,3,5,0,1,0,2026-03-20 12:05:09.893+00
U-0083,T-030,0,2,0,0,0,2026-03-20 03:26:30.476+00
U-0083,hack-8-1,3,7,0,0,0,2026-03-26 19:05:07.789+00
U-0083,T-008,0,3,0,0,0,2026-03-28 06:52:43.589+00
U-0083,ongoing,0,0,0,0,0,2026-03-26 13:26:08.418+00
U-0083,closed,0,0,0,0,0,2026-03-20 09:42:48.616+00
U-0083,hack-8,0,1,0,0,0,2026-03-24 22:48:28.658+00
U-0083,Team-U-0083-344,0,0,0,0,0,2026-03-18 08:16:02.665+00
U-0083,INV-580947,0,0,0,0,0,2026-03-24 03:06:54.877+00
U-0083,Cloud,0,0,0,0,0,2026-03-28 14:30:11.788+00
U-0083,/team/T-011/manage,0,0,0,0,0,2026-03-24 13:36:15.87+00
U-0083,T-007,0,2,0,1,0,2026-03-21 02:45:53.165+00
U-0083,hack-6-2,3,7,1,0,0,2026-03-28 09:10:52.595+00
U-0083,T-002,0,0,0,0,0,2026-03-20 11:12:25.173+00
U-0083,hack-3-1,0,0,0,0,0,2026-03-13 03:43:23.613+00
U-0083,hack-4-2,6,8,0,0,0,2026-03-28 10:27:44.259+00
U-0083,/matcher,0,0,0,0,0,2026-03-28 10:22:52.259+00
U-0083,ended,0,0,0,0,0,2026-03-26 09:45:22.771+00
U-0083,T-7555,0,0,0,0,0,2026-03-12 02:38:05.45+00
U-0083,/team/T-013/manage,0,0,0,0,0,2026-03-26 22:04:21.177+00
U-0083,hack-10-1,3,3,1,0,1,2026-03-28 11:57:19.097+00
U-0083,/hackathons,0,0,0,0,0,2026-03-26 11:52:31.799+00
U-0083,INV-623686,0,0,0,0,0,2026-03-11 09:29:22.263+00
U-0083,T-018,0,5,0,0,0,2026-03-19 09:49:55.572+00
U-0083,Team-U-0083-565,0,0,0,0,0,2026-03-08 08:43:39.572+00
U-0083,Team-U-0083-687,0,0,0,0,0,2026-03-18 14:07:26.14+00
U-0083,hack-2,3,7,0,0,0,2026-03-28 14:43:35.788+00
U-0083,Data,0,0,0,0,0,2026-03-24 13:53:19.738+00
U-0083,/submit/hack-7-1,0,0,0,0,0,2026-03-11 10:45:44.549+00
U-0083,T-015,0,4,0,1,0,2026-03-28 10:33:45.26+00
U-0083,Team-U-0083-153,0,0,0,0,0,2026-03-14 14:59:59.999+00
U-0083,T-028,0,5,0,0,0,2026-03-25 09:19:30.581+00
U-0083,INV-622646,0,0,0,0,0,2026-03-10 09:22:20.092+00
U-0083,T-014,0,5,0,0,0,2026-03-28 07:10:01.589+00
U-0083,T-020,0,2,0,0,0,2026-03-21 02:26:37.165+00
U-0083,T-5324,0,0,0,0,0,2026-03-18 08:17:37.665+00
U-0083,hack-5-1,1,1,0,0,0,2026-03-26 13:33:49.418+00
U-0083,hack-5,4,6,1,0,1,2026-03-26 13:43:23.418+00
U-0083,hack-9,0,0,0,0,0,2026-03-28 04:52:12.536+00
U-0083,hack-6,5,7,1,0,0,2026-03-25 09:09:16.594+00
U-0083,INV-318862,0,0,0,0,0,2026-03-16 12:48:30.019+00
U-0083,hackathons_list,0,0,0,0,0,2026-03-26 12:36:16.502+00
U-0083,T-4425,0,0,0,0,0,2026-02-28 12:18:53.282+00
U-0083,/team/T-017/manage,0,0,0,0,0,2026-03-27 10:00:12.356+00
U-0083,T-7136,0,0,0,0,0,2026-03-14 14:59:59.999+00
U-0083,/chat,0,0,0,0,0,2026-03-28 14:47:55.508+00
U-0084,true,0,0,0,0,0,2026-03-28 08:13:45.567+00
U-0084,false,0,0,0,0,0,2026-03-13 09:38:46.113+00
U-0084,T-002,0,0,0,0,0,2026-03-27 22:29:41.764+00
U-0084,T-001,0,0,0,0,0,2026-03-27 13:11:02.562+00
U-0084,T-010,0,0,0,0,0,2026-03-27 04:33:13.599+00
U-0084,T-006,0,4,0,1,0,2026-03-21 06:31:09.14+00
U-0084,/team/T-016/manage,0,0,0,0,0,2026-03-09 00:20:42.365+00
U-0084,T-030,0,0,0,0,0,2026-03-28 10:40:43.274+00
U-0084,hack-3,4,4,1,1,1,2026-03-26 11:38:51.327+00
U-0084,T-020,0,3,0,1,0,2026-03-27 13:12:33.562+00
U-0084,hack-12,2,2,1,0,0,2026-03-28 11:50:34.454+00
U-0084,open,0,0,0,0,0,2026-03-28 09:25:20.451+00
U-0084,hack-11,0,0,0,0,0,2026-03-20 12:10:00.894+00
U-0084,INV-768871,0,0,0,0,0,2026-03-15 12:38:46.663+00
U-0084,Blockchain,0,0,0,0,0,2026-03-28 09:36:34.168+00
U-0084,/submit/hack-6-2,0,0,0,0,0,2026-03-26 11:03:55.095+00
U-0084,T-015,0,3,0,0,0,2026-03-28 11:57:24.454+00
U-0084,INV-277756,0,0,0,0,0,2026-03-09 10:31:26.796+00
U-0084,INV-427275,0,0,0,0,0,2026-03-15 04:59:27.538+00
U-0084,hack-4-1,0,1,0,0,0,2026-03-18 02:39:38.778+00
U-0084,T-017,0,1,0,0,0,2026-03-10 03:10:34.541+00
U-0084,/chat,0,0,0,0,0,2026-03-24 13:57:49.374+00
U-0084,T-007,0,0,0,0,0,2026-03-22 06:07:28.55+00
U-0084,/profile/notifications,0,0,0,0,0,2026-03-28 10:40:31.274+00
U-0084,T-005,0,3,0,1,0,2026-03-26 11:26:07.775+00
U-0084,fallback-page_view,0,0,0,0,0,2026-03-14 20:31:18.754+00
U-0084,hack-6-2,4,4,1,0,1,2026-03-26 11:06:26.095+00
U-0084,hack-14,1,1,0,0,0,2026-03-25 08:09:53.476+00
U-0084,T-5496,0,0,0,0,0,2026-03-24 14:59:59.999+00
U-0084,hack-2-2,8,9,0,0,1,2026-03-28 09:54:43.844+00
U-0084,/submit/hack-2,0,0,0,0,0,2026-03-22 06:46:07.719+00
U-0084,ongoing,0,0,0,0,0,2026-03-28 09:34:41.168+00
U-0084,/team/T-028/manage,0,0,0,0,0,2026-03-18 13:44:39.555+00
U-0084,/submit/hack-3,0,0,0,0,0,2026-03-25 09:15:07.416+00
U-0084,T-012,0,0,0,0,0,2026-03-24 14:05:53.179+00
U-0084,Team-U-0084-813,0,0,0,0,0,2026-03-11 12:34:35.402+00
U-0084,team,0,0,0,0,0,2026-03-27 13:06:07.562+00
U-0084,INV-475976,0,0,0,0,0,2026-03-10 09:26:59.777+00
U-0084,/team/T-007/manage,0,0,0,0,0,2026-03-22 02:03:10.4+00
U-0084,/submit/hack-9-1,0,0,0,0,0,2026-03-16 09:24:33.685+00
U-0084,T-004,0,1,0,1,0,2026-03-27 13:09:19.562+00
U-0084,/team/T-003/manage,0,0,0,0,0,2026-03-09 08:32:53.752+00
U-0084,Team-U-0084-350,0,0,0,0,0,2026-03-24 14:59:59.999+00
U-0084,chatbot_room,0,0,0,0,0,2026-03-26 05:08:36.356+00
U-0084,T-029,0,7,0,1,0,2026-03-27 13:09:56.562+00
U-0084,T-028,0,10,0,0,0,2026-03-28 12:18:06.454+00
U-0084,/team/T-008/manage,0,0,0,0,0,2026-03-08 14:49:12.582+00
U-0084,hack-6-1,0,0,0,0,0,2026-03-17 10:58:50.269+00
U-0084,/team/T-006/manage,0,0,0,0,0,2026-03-21 06:28:35.14+00
U-0084,hack-9,0,0,0,0,0,2026-03-26 09:42:49.227+00
U-0084,hack-6,2,7,0,1,0,2026-03-28 09:49:54.168+00
U-0084,hack-10-1,5,4,1,0,0,2026-03-28 09:50:53.168+00
U-0084,INV-212181,0,0,0,0,0,2026-03-26 11:42:43.658+00
U-0084,/team/T-013/manage,0,0,0,0,0,2026-03-25 13:00:43.195+00
U-0084,all,0,0,0,0,0,2026-03-27 02:32:40.612+00
U-0084,/matcher,0,0,0,0,0,2026-03-27 13:05:17.562+00
U-0084,T-003,0,3,0,0,0,2026-03-15 02:48:02.78+00
U-0084,T-026,0,23,0,0,0,2026-03-28 10:02:05.451+00
U-0084,closed,0,0,0,0,0,2026-03-09 13:39:31.639+00
U-0084,/submit/hack-5,0,0,0,0,0,2026-03-17 08:10:13.664+00
U-0084,T-016,0,2,0,0,0,2026-03-25 14:39:19.652+00
U-0084,INV-398661,0,0,0,0,0,2026-03-04 03:51:59.758+00
U-0084,T-3305,0,0,0,0,0,2026-03-18 13:20:18.744+00
U-0084,/hackathons,0,0,0,0,0,2026-03-28 09:33:55.168+00
U-0084,fallback-team_request_cancel,0,0,0,0,0,2026-03-16 09:19:02.315+00
U-0084,hack-15,0,1,0,0,0,2026-03-13 13:06:56.299+00
U-0084,Team-U-0084-358,0,0,0,0,0,2026-03-18 13:18:57.744+00
U-0084,AI,0,0,0,0,0,2026-03-24 01:42:50.518+00
U-0084,T-019,0,1,0,0,0,2026-03-26 11:41:51.327+00
U-0084,fallback-team_request_review,0,0,0,0,0,2026-03-10 12:33:42.664+00
U-0084,hack-10,0,0,0,0,0,2026-03-15 12:21:10.444+00
U-0084,ended,0,0,0,0,0,2026-03-22 11:23:48.539+00
U-0084,T-008,0,1,0,0,0,2026-03-13 02:27:45.43+00
U-0084,hack-13,0,0,0,0,0,2026-03-10 12:58:51.718+00
U-0084,hack-5-1,0,0,0,0,0,2026-03-18 02:42:00.778+00
U-0084,hack-4,5,10,0,0,0,2026-03-28 09:42:11.168+00
U-0084,hack-7,1,1,0,0,1,2026-03-17 10:28:22.305+00
U-0084,/submit/hack-7,0,0,0,0,0,2026-03-17 10:27:02.305+00
U-0084,hack-8,2,2,0,0,0,2026-03-26 02:40:28.667+00
U-0084,hack-3-1,1,1,0,0,0,2026-03-24 01:49:58.518+00
U-0084,INV-115552,0,0,0,0,0,2026-03-17 08:58:42.552+00
U-0084,fallback-chatbot_response,0,0,0,0,0,2026-03-22 10:36:53.329+00
U-0084,T-018,0,0,0,0,0,2026-03-25 04:36:06.761+00
U-0084,fallback-team_create_attempt,0,0,0,0,0,2026-03-22 02:07:28.4+00
U-0084,Cloud,0,0,0,0,0,2026-03-24 12:50:22.101+00
U-0084,hack-7-1,1,2,0,0,0,2026-03-22 11:33:08.539+00
U-0084,hack-5,5,5,0,1,1,2026-03-27 09:10:18.629+00
U-0084,fallback-team_request_result,0,0,0,0,0,2026-03-21 04:01:55.283+00
U-0084,INV-206912,0,0,0,0,0,2026-03-28 08:14:05.308+00
U-0084,INV-777015,0,0,0,0,0,2026-03-21 19:24:21.22+00
U-0084,INV-208002,0,0,0,0,0,2026-03-04 13:22:23.588+00
U-0084,fallback-team_filter,0,0,0,0,0,2026-03-20 12:11:28.894+00
U-0084,hack-4-2,6,7,1,0,0,2026-03-28 06:40:55.822+00
U-0084,T-011,0,3,0,0,0,2026-03-26 11:40:20.327+00
U-0084,hack-3-2,3,3,0,0,0,2026-03-28 08:14:25.567+00
U-0084,hackathons_list,0,0,0,0,0,2026-03-28 09:38:20.168+00
U-0084,/camp,0,0,0,0,0,2026-03-28 11:47:53.454+00
U-0084,/submit/hack-3-2,0,0,0,0,0,2026-03-20 13:45:36.67+00
U-0084,T-014,0,3,0,1,0,2026-03-28 12:05:15.454+00
U-0084,Team-U-0084-150,0,0,0,0,0,2026-03-15 01:57:22.033+00
U-0084,T-027,0,5,0,0,0,2026-03-28 12:08:40.454+00
U-0084,T-013,0,4,0,0,0,2026-03-26 09:57:25.211+00
U-0084,T-009,0,2,0,0,0,2026-03-24 14:07:48.179+00
U-0084,/submit/hack-6,0,0,0,0,0,2026-03-13 12:55:27.027+00
U-0084,hack-5-2,4,5,0,0,0,2026-03-28 08:17:11.567+00
U-0084,Web,0,0,0,0,0,2026-03-20 12:07:25.825+00
U-0084,hack-2,5,7,0,0,1,2026-03-28 09:27:17.451+00
U-0084,hack-8-1,2,6,0,0,0,2026-03-28 06:44:46.822+00
U-0084,Data,0,0,0,0,0,2026-03-25 08:05:44.476+00
U-0084,hack-9-1,3,4,1,0,0,2026-03-28 09:53:18.168+00
U-0084,/team/T-018/manage,0,0,0,0,0,2026-03-05 11:16:13.857+00
U-0084,user,0,0,0,0,0,2026-03-28 08:13:23.567+00
U-0085,T-004,0,0,0,0,0,2026-03-20 12:52:32.406+00
U-0085,T-003,0,0,0,0,0,2026-03-26 11:12:44.235+00
U-0085,/camp,0,0,0,0,0,2026-03-27 10:21:09.706+00
U-0085,hack-3,2,2,0,0,1,2026-03-26 12:53:14.37+00
U-0085,/team/T-004/manage,0,0,0,0,0,2026-03-20 12:51:07.406+00
U-0085,T-026,0,0,0,1,0,2026-03-27 13:47:38.455+00
U-0085,/submit/hack-5-1,0,0,0,0,0,2026-03-22 07:39:21.356+00
U-0085,T-005,0,2,0,1,0,2026-03-27 05:36:29.344+00
U-0085,hack-2-2,2,3,1,0,0,2026-03-27 06:12:08.313+00
U-0085,hack-2,3,3,1,0,0,2026-03-20 07:55:24.406+00
U-0085,hack-5-1,0,0,0,0,1,2026-03-22 07:41:10.356+00
U-0085,T-029,0,1,0,0,0,2026-03-23 09:33:51.805+00
U-0085,T-028,0,3,0,0,0,2026-03-27 07:27:12.313+00
U-0085,INV-512830,0,0,0,0,0,2026-03-18 09:52:40.167+00
U-0085,/submit/hack-7-1,0,0,0,0,0,2026-03-18 06:59:30.03+00
U-0085,hack-7,0,0,0,0,0,2026-03-22 10:57:36.821+00
U-0085,AI,0,0,0,0,0,2026-03-18 18:20:32.318+00
U-0085,hack-4-2,1,2,0,1,0,2026-03-27 01:18:31.811+00
U-0085,user,0,0,0,0,0,2026-03-20 07:52:05.406+00
U-0085,T-013,0,2,0,0,0,2026-03-27 10:38:18.706+00
U-0085,Blockchain,0,0,0,0,0,2026-03-18 02:56:09.829+00
U-0085,Cloud,0,0,0,0,0,2026-03-27 05:59:44.313+00
U-0085,T-002,0,0,0,0,0,2026-03-06 11:44:32.412+00
U-0085,all,0,0,0,0,0,2026-03-27 10:22:35.706+00
U-0085,/chat,0,0,0,0,0,2026-03-26 09:07:14.15+00
U-0085,/team/T-019/manage,0,0,0,0,0,2026-03-26 10:32:08.007+00
U-0085,closed,0,0,0,0,0,2026-03-20 10:04:52.435+00
U-0085,hack-10-1,3,3,0,1,1,2026-03-22 13:23:30.809+00
U-0085,T-009,0,1,0,0,0,2026-03-20 10:12:18.435+00
U-0085,team,0,0,0,0,0,2026-03-22 13:04:59.78+00
U-0085,hack-8-1,1,1,0,0,0,2026-03-27 02:36:18.182+00
U-0085,T-030,0,2,0,0,0,2026-03-27 05:49:50.344+00
U-0085,ended,0,0,0,0,0,2026-03-27 05:58:36.313+00
U-0085,/team/T-012/manage,0,0,0,0,0,2026-03-23 07:26:41.597+00
U-0085,/team/T-026/manage,0,0,0,0,0,2026-03-06 13:44:18.051+00
U-0085,T-027,0,0,0,0,0,2026-03-27 01:30:30.811+00
U-0085,T-011,0,0,0,0,0,2026-03-27 01:02:10.473+00
U-0085,/profile/notifications,0,0,0,0,0,2026-03-27 13:45:20.455+00
U-0085,hack-14,1,1,0,0,0,2026-03-27 06:06:26.313+00
U-0085,/submit/hack-8-1,0,0,0,0,0,2026-03-17 08:43:42.7+00
U-0085,hack-7-1,0,0,0,0,1,2026-03-18 07:01:29.03+00
U-0085,/submit/hack-9,0,0,0,0,0,2026-03-18 09:42:07.738+00
U-0085,hack-9,0,0,0,0,1,2026-03-18 09:46:27.738+00
U-0085,hackathons_list,0,0,0,0,0,2026-03-27 06:01:37.313+00
U-0085,/team/T-011/manage,0,0,0,0,0,2026-03-27 00:57:08.473+00
U-0085,T-012,0,0,0,0,0,2026-03-23 07:29:29.597+00
U-0085,hack-9-1,0,1,0,0,0,2026-03-27 06:06:56.313+00
U-0085,T-019,0,1,0,0,0,2026-03-26 10:34:29.007+00
U-0085,T-006,0,1,0,0,0,2026-03-17 13:06:44.605+00
U-0085,/team/T-003/manage,0,0,0,0,0,2026-03-26 11:10:28.235+00
U-0085,hack-3-1,0,1,0,0,0,2026-03-18 03:00:25.829+00
U-0085,fallback-invite_response,0,0,0,0,0,2026-03-27 10:38:37.706+00
U-0085,chatbot_room,0,0,0,0,0,2026-03-26 09:09:02.15+00
U-0085,T-9024,0,0,0,0,0,2026-03-19 06:55:38.041+00
U-0085,Data,0,0,0,0,0,2026-03-15 13:35:43.726+00
U-0085,T-008,0,3,0,0,0,2026-03-27 05:43:07.344+00
U-0085,T-016,0,2,0,0,0,2026-03-22 13:07:08.78+00
U-0085,hack-6,0,1,0,0,0,2026-03-27 06:14:17.313+00
U-0085,ongoing,0,0,0,0,0,2026-03-18 10:20:33.667+00
U-0085,/submit/hack-10-1,0,0,0,0,0,2026-03-22 13:19:08.809+00
U-0085,/matcher,0,0,0,0,0,2026-03-22 13:04:40.78+00
U-0085,T-015,0,1,0,0,0,2026-03-27 10:29:24.706+00
U-0085,hack-5-2,1,0,0,0,0,2026-03-27 10:22:42.706+00
U-0085,/hackathons,0,0,0,0,0,2026-03-27 05:58:05.313+00
U-0085,/submit/hack-4,0,0,0,0,0,2026-03-12 10:19:09.594+00
U-0085,fallback-card_click,0,0,0,0,0,2026-03-03 10:37:53.697+00
U-0085,hack-3-2,3,4,1,0,0,2026-03-26 03:12:11.404+00
U-0085,/submit/hack-3,0,0,0,0,0,2026-03-21 11:20:29.402+00
U-0085,hack-6-2,1,1,0,0,1,2026-03-24 02:22:28.664+00
U-0085,hack-5,2,4,1,0,0,2026-03-23 09:18:24.805+00
U-0085,/team/T-002/manage,0,0,0,0,0,2026-03-06 11:43:03.412+00
U-0085,true,0,0,0,0,0,2026-03-22 10:58:50.821+00
U-0085,hack-4,1,3,0,0,0,2026-03-18 10:23:35.667+00
U-0086,hack-6-2,1,2,1,0,1,2026-03-28 04:42:24.526+00
U-0086,true,0,0,0,0,0,2026-03-27 05:31:09.183+00
U-0086,/submit/hack-3-2,0,0,0,0,0,2026-03-27 10:36:23.033+00
U-0086,hack-9-1,3,4,0,0,0,2026-03-28 08:34:13.641+00
U-0086,T-009,0,2,0,0,0,2026-03-19 14:06:30.027+00
U-0086,INV-634471,0,0,0,0,0,2026-03-27 14:37:58.643+00
U-0086,hack-2-1,1,1,0,0,0,2026-03-16 06:24:42.632+00
U-0086,hack-2,1,0,0,0,1,2026-03-28 04:28:18.572+00
U-0086,hack-11,0,0,0,0,0,2026-03-25 09:31:05.433+00
U-0086,hack-4,3,4,0,0,1,2026-03-27 04:18:25.193+00
U-0086,T-028,0,1,0,0,0,2026-03-25 07:35:41.678+00
U-0086,T-015,0,4,0,0,0,2026-03-28 11:39:56.769+00
U-0086,T-026,0,6,0,0,0,2026-03-28 11:28:06.724+00
U-0086,team,0,0,0,0,0,2026-03-28 11:37:48.769+00
U-0086,T-004,0,0,0,0,0,2026-03-19 14:07:21.027+00
U-0086,ended,0,0,0,0,0,2026-03-18 11:32:37.641+00
U-0086,fallback-team_create,0,0,0,0,0,2026-03-27 03:00:27.275+00
U-0086,INV-407616,0,0,0,0,0,2026-03-17 16:46:25.242+00
U-0086,ongoing,0,0,0,0,0,2026-03-27 04:11:19.193+00
U-0086,T-001,0,0,0,0,0,2026-03-28 11:40:56.769+00
U-0086,AI,0,0,0,0,0,2026-03-27 02:38:37.275+00
U-0086,T-027,0,6,0,0,0,2026-03-28 14:52:04.835+00
U-0086,hack-12,1,1,1,0,0,2026-03-23 17:15:17.204+00
U-0086,fallback-team_request_create,0,0,0,0,0,2026-03-20 19:22:30.5+00
U-0086,hack-3,1,4,1,0,0,2026-03-28 04:36:36.572+00
U-0086,hack-10-1,1,1,0,0,0,2026-03-21 13:21:47.653+00
U-0086,/hackathons,0,0,0,0,0,2026-03-28 04:37:04.526+00
U-0086,hack-6-1,0,0,0,0,0,2026-03-19 10:44:43.26+00
U-0086,hack-15,1,1,0,0,0,2026-03-04 09:14:17.549+00
U-0086,T-011,0,1,0,0,0,2026-03-18 12:32:28.639+00
U-0086,/team/T-001/manage,0,0,0,0,0,2026-03-09 12:27:15.372+00
U-0086,false,0,0,0,0,0,2026-03-21 14:01:43.202+00
U-0086,user,0,0,0,0,0,2026-03-28 08:33:00.641+00
U-0086,hack-8-1,2,4,1,1,1,2026-03-28 04:43:56.526+00
U-0086,/submit/hack-2,0,0,0,0,0,2026-03-26 09:20:35.346+00
U-0086,T-019,0,4,0,0,0,2026-03-25 07:27:59.678+00
U-0086,hack-2-2,1,4,1,0,1,2026-03-24 13:11:54.649+00
U-0086,T-010,0,2,0,0,0,2026-03-25 07:19:28.678+00
U-0086,/submit/hack-4,0,0,0,0,0,2026-03-12 07:18:56.617+00
U-0086,T-006,0,1,0,1,0,2026-03-27 14:06:22.649+00
U-0086,Data,0,0,0,0,0,2026-03-09 13:10:38.167+00
U-0086,chatbot_room,0,0,0,0,0,2026-03-28 07:51:58.411+00
U-0086,/chat,0,0,0,0,0,2026-03-28 07:49:42.411+00
U-0086,Team-U-0086-401,0,0,0,0,0,2026-03-12 13:40:47.662+00
U-0086,closed,0,0,0,0,0,2026-03-18 13:36:37.224+00
U-0086,hack-4-2,3,4,1,0,0,2026-03-28 04:53:44.526+00
U-0086,/profile/notifications,0,0,0,0,0,2026-03-28 12:00:58.214+00
U-0086,hack-3-1,0,0,0,0,0,2026-03-24 03:01:41.893+00
U-0086,hack-10,0,0,0,0,0,2026-03-09 01:00:02.15+00
U-0086,INV-538192,0,0,0,0,0,2026-03-18 08:38:14.415+00
U-0086,T-012,0,2,0,1,0,2026-03-28 11:34:48.724+00
U-0086,hack-5,2,2,1,0,0,2026-03-28 13:50:04.612+00
U-0086,hackathons_list,0,0,0,0,0,2026-03-28 04:25:53.572+00
U-0086,/team/T-013/manage,0,0,0,0,0,2026-03-27 10:06:24.145+00
U-0086,hack-8,0,0,0,0,0,2026-03-19 10:47:15.26+00
U-0086,T-1373,0,0,0,0,0,2026-03-09 01:22:33.15+00
U-0086,hack-3-2,1,0,0,0,1,2026-03-28 08:35:31.641+00
U-0086,/team/T-012/manage,0,0,0,0,0,2026-03-04 13:53:27.29+00
U-0086,T-030,0,0,0,0,0,2026-03-27 13:19:54.248+00
U-0086,Team-U-0086-785,0,0,0,0,0,2026-03-09 01:21:57.15+00
U-0086,T-018,0,1,0,0,0,2026-03-18 13:18:40.652+00
U-0086,/submit/hack-6-2,0,0,0,0,0,2026-03-25 04:23:54.231+00
U-0086,Team-U-0086-589,0,0,0,0,0,2026-03-12 10:50:01.158+00
U-0086,INV-259149,0,0,0,0,0,2026-03-12 12:00:06.577+00
U-0086,/camp,0,0,0,0,0,2026-03-28 13:47:46.612+00
U-0086,fallback-invite_send,0,0,0,0,0,2026-03-18 13:25:38.652+00
U-0086,hack-4-1,1,2,0,0,0,2026-03-18 12:50:33.186+00
U-0086,hack-7-1,3,2,0,0,0,2026-03-23 05:56:42.333+00
U-0086,INV-574499,0,0,0,0,0,2026-03-18 21:12:37.523+00
U-0086,T-003,0,0,0,1,0,2026-03-24 14:05:29.585+00
U-0086,T-020,0,2,0,0,0,2026-03-12 14:45:01.436+00
U-0086,T-007,0,1,0,0,0,2026-03-27 05:33:04.183+00
U-0086,/submit/hack-9-1,0,0,0,0,0,2026-03-18 02:03:04.703+00
U-0086,hack-14,2,1,0,0,0,2026-03-27 02:54:10.275+00
U-0086,Web,0,0,0,0,0,2026-03-16 06:17:15.632+00
U-0086,T-017,0,0,0,0,0,2026-03-21 14:02:31.202+00
U-0086,/submit/hack-2-2,0,0,0,0,0,2026-03-23 12:12:40.499+00
U-0086,INV-346327,0,0,0,0,0,2026-03-09 02:22:33.496+00
U-0086,hack-9,0,1,0,0,0,2026-03-09 13:14:26.167+00
U-0086,hack-5-1,1,3,0,0,0,2026-03-24 04:36:09.88+00
U-0086,Cloud,0,0,0,0,0,2026-03-27 04:13:01.193+00
U-0086,/matcher,0,0,0,0,0,2026-03-28 11:37:03.769+00
U-0086,T-029,0,13,0,0,0,2026-03-28 14:16:37.612+00
U-0086,hack-6,1,3,0,1,0,2026-03-28 11:38:36.769+00
U-0086,Team-U-0086-585,0,0,0,0,0,2026-03-16 07:41:15.451+00
U-0086,all,0,0,0,0,0,2026-03-27 02:37:49.275+00
U-0086,T-014,0,1,0,1,0,2026-03-19 14:05:10.027+00
U-0086,T-005,0,0,0,0,0,2026-03-24 04:43:33.88+00
U-0086,T-008,0,2,0,0,0,2026-03-27 10:22:41.809+00
U-0086,/team/T-027/manage,0,0,0,0,0,2026-03-28 14:51:38.835+00
U-0086,Blockchain,0,0,0,0,0,2026-03-23 05:44:09.333+00
U-0086,hack-7,1,1,0,0,0,2026-03-23 17:21:12.204+00
U-0086,T-013,0,2,0,0,0,2026-03-27 10:11:48.145+00
U-0086,hack-5-2,1,2,0,0,0,2026-03-28 11:15:04.724+00
U-0086,T-002,0,1,0,1,0,2026-03-25 07:16:11.678+00
U-0087,/team/T-011/manage,0,0,0,0,0,2026-03-02 03:32:02.608+00
U-0087,INV-469086,0,0,0,0,0,2026-03-12 07:33:50.126+00
U-0087,T-006,0,1,0,0,0,2026-03-16 11:35:10.689+00
U-0087,T-007,0,1,0,1,0,2026-03-27 05:20:00.833+00
U-0087,hack-3-1,0,0,0,0,0,2026-03-25 02:52:49+00
U-0087,/team/T-014/manage,0,0,0,0,0,2026-03-01 02:58:43.485+00
U-0087,T-030,0,8,0,1,0,2026-03-27 11:09:45.432+00
U-0087,hack-9-1,2,4,0,0,0,2026-03-28 14:45:46.628+00
U-0087,Blockchain,0,0,0,0,0,2026-03-21 05:30:36.779+00
U-0087,/team/T-003/manage,0,0,0,0,0,2026-03-16 06:13:23.836+00
U-0087,fallback-hackathon_view,0,0,0,0,0,2026-03-12 08:20:40.115+00
U-0087,hack-5,6,9,0,1,0,2026-03-26 10:42:42.406+00
U-0087,/chat,0,0,0,0,0,2026-03-26 17:17:49.069+00
U-0087,T-028,0,18,0,1,0,2026-03-25 02:09:46.496+00
U-0087,hack-3-2,4,5,0,1,0,2026-03-28 10:52:30.845+00
U-0087,T-8361,0,0,0,0,0,2026-03-21 10:45:39.616+00
U-0087,T-026,0,2,0,0,0,2026-03-22 01:46:56.003+00
U-0087,/submit/hack-10-1,0,0,0,0,0,2026-03-03 02:28:54.475+00
U-0087,hack-4-2,7,7,0,1,1,2026-03-26 15:57:17.496+00
U-0087,fallback-recommendation_impression,0,0,0,0,0,2026-03-12 07:34:12.126+00
U-0087,hack-4,3,3,0,1,0,2026-03-27 11:40:06.697+00
U-0087,/team/T-008/manage,0,0,0,0,0,2026-03-03 14:24:43.763+00
U-0087,T-010,0,0,0,0,0,2026-03-28 13:30:46.526+00
U-0087,/submit/hack-6,0,0,0,0,0,2026-03-03 12:37:27.709+00
U-0087,/team/T-019/manage,0,0,0,0,0,2026-03-17 04:01:48.602+00
U-0087,/submit/hack-7-1,0,0,0,0,0,2026-03-16 17:44:00.879+00
U-0087,hack-3,5,7,1,1,0,2026-03-28 10:40:57.809+00
U-0087,T-009,0,1,0,0,0,2026-03-26 10:54:04.335+00
U-0087,/submit/hack-5,0,0,0,0,0,2026-03-21 02:11:52.826+00
U-0087,hack-7,1,1,0,0,0,2026-03-24 10:28:32.074+00
U-0087,/team/T-007/manage,0,0,0,0,0,2026-03-11 09:55:34.447+00
U-0087,Cloud,0,0,0,0,0,2026-03-23 01:21:00.716+00
U-0087,hack-5-2,6,10,1,1,0,2026-03-28 14:43:55.628+00
U-0087,/submit/hack-6-2,0,0,0,0,0,2026-03-27 13:26:37.135+00
U-0087,/team/T-013/manage,0,0,0,0,0,2026-03-28 10:57:28.389+00
U-0087,ongoing,0,0,0,0,0,2026-03-28 14:38:07.628+00
U-0087,hackathons_list,0,0,0,0,0,2026-03-28 14:38:55.628+00
U-0087,T-015,0,0,0,0,0,2026-03-08 12:03:50.652+00
U-0087,Team-U-0087-582,0,0,0,0,0,2026-03-01 11:54:15.297+00
U-0087,Team-U-0087-133,0,0,0,0,0,2026-03-20 13:11:05.611+00
U-0087,Team-U-0087-727,0,0,0,0,0,2026-03-21 10:45:09.616+00
U-0087,Web,0,0,0,0,0,2026-03-02 08:06:47.68+00
U-0087,/submit/hack-3-1,0,0,0,0,0,2026-03-20 10:10:36.529+00
U-0087,T-012,0,1,0,0,0,2026-03-19 13:57:39.75+00
U-0087,T-008,0,4,0,1,0,2026-03-25 10:15:23.451+00
U-0087,T-004,0,1,0,0,0,2026-03-25 09:29:29.885+00
U-0087,user,0,0,0,0,0,2026-03-21 04:37:59.848+00
U-0087,INV-702596,0,0,0,0,0,2026-03-16 02:25:21.573+00
U-0087,Data,0,0,0,0,0,2026-03-27 19:31:30.567+00
U-0087,/team/T-005/manage,0,0,0,0,0,2026-03-28 11:45:25.567+00
U-0087,T-013,0,1,0,0,0,2026-03-28 10:59:52.389+00
U-0087,T-3115,0,0,0,0,0,2026-03-24 03:58:16.18+00
U-0087,fallback-recommendation_click,0,0,0,0,0,2026-03-19 13:51:58.46+00
U-0087,/submit/hack-4-2,0,0,0,0,0,2026-03-24 10:10:04.415+00
U-0087,hack-2-1,1,2,0,0,0,2026-03-26 16:01:36.496+00
U-0087,hack-8-1,6,6,1,1,0,2026-03-26 11:55:41.169+00
U-0087,hack-10-1,9,11,0,1,0,2026-03-28 10:42:04.845+00
U-0087,closed,0,0,0,0,0,2026-03-28 10:40:40.809+00
U-0087,true,0,0,0,0,0,2026-03-22 12:09:23.687+00
U-0087,T-027,0,3,0,1,0,2026-03-28 11:00:26.809+00
U-0087,T-002,0,2,0,0,0,2026-03-27 14:27:38.403+00
U-0087,hack-6-2,3,7,0,1,1,2026-03-27 13:26:53.135+00
U-0087,/submit/hack-2-2,0,0,0,0,0,2026-03-26 15:44:31.604+00
U-0087,hack-7-1,5,8,0,0,1,2026-03-21 07:28:32.814+00
U-0087,INV-760566,0,0,0,0,0,2026-03-19 08:14:21.357+00
U-0087,INV-328271,0,0,0,0,0,2026-03-22 06:32:00.618+00
U-0087,team,0,0,0,0,0,2026-03-28 13:26:51.526+00
U-0087,/team/T-026/manage,0,0,0,0,0,2026-03-22 01:44:02.003+00
U-0087,INV-609027,0,0,0,0,0,2026-03-12 08:20:16.115+00
U-0087,T-029,0,7,0,0,0,2026-03-25 03:10:16.589+00
U-0087,T-019,0,1,0,0,0,2026-03-19 13:55:51.75+00
U-0087,all,0,0,0,0,0,2026-03-28 03:17:07.228+00
U-0087,hack-6-1,0,1,0,0,0,2026-03-10 15:10:14.471+00
U-0087,hack-2-2,5,5,0,1,1,2026-03-28 10:57:54.845+00
U-0087,open,0,0,0,0,0,2026-03-27 14:01:50.474+00
U-0087,T-8824,0,0,0,0,0,2026-03-01 11:55:18.297+00
U-0087,/hackathons,0,0,0,0,0,2026-03-28 14:36:24.628+00
U-0087,T-011,0,2,0,0,0,2026-03-27 14:21:02.403+00
U-0087,hack-2,11,14,0,1,0,2026-03-28 10:46:48.845+00
U-0087,notification_panel,0,0,0,0,0,2026-03-27 05:20:19.833+00
U-0087,T-016,0,2,0,0,0,2026-03-28 13:28:17.526+00
U-0087,AI,0,0,0,0,0,2026-03-24 10:57:22.894+00
U-0087,hack-11,1,1,0,0,0,2026-03-17 13:07:27.608+00
U-0087,hack-8,0,1,0,0,0,2026-03-15 10:35:28.656+00
U-0087,T-020,0,1,0,0,0,2026-03-15 01:09:08.797+00
U-0087,false,0,0,0,0,0,2026-03-19 13:53:53.75+00
U-0087,hack-14,0,0,0,0,0,2026-03-10 15:10:28.471+00
U-0087,hack-4-1,0,0,0,0,0,2026-03-28 03:18:50.228+00
U-0087,hack-10,0,2,0,0,0,2026-03-26 15:52:10.496+00
U-0087,hack-12,1,1,0,0,0,2026-03-28 14:49:46.628+00
U-0087,hack-6,8,12,0,1,1,2026-03-28 14:53:19.628+00
U-0087,fallback-team_detail_dwell,0,0,0,0,0,2026-03-10 15:13:12.471+00
U-0087,ended,0,0,0,0,0,2026-03-21 13:49:34.254+00
U-0087,Team-U-0087-796,0,0,0,0,0,2026-03-24 03:56:17.18+00
U-0087,hack-13,1,1,0,0,0,2026-03-25 02:54:24+00
U-0087,T-017,0,1,0,0,0,2026-03-22 20:53:46.018+00
U-0087,T-005,0,0,0,0,0,2026-03-28 13:29:03.526+00
U-0087,INV-822781,0,0,0,0,0,2026-02-28 01:05:19.299+00
U-0087,/camp,0,0,0,0,0,2026-03-28 10:39:47.809+00
U-0087,T-001,0,1,0,1,0,2026-03-11 13:02:05.876+00
U-0087,T-003,0,3,0,1,0,2026-03-27 14:09:43.403+00
U-0087,T-014,0,2,0,1,0,2026-03-25 09:31:57.885+00
U-0087,/team/T-010/manage,0,0,0,0,0,2026-03-05 02:14:55.158+00
U-0087,/matcher,0,0,0,0,0,2026-03-28 13:26:03.526+00
U-0087,INV-906861,0,0,0,0,0,2026-03-28 08:29:07.692+00
U-0087,T-018,0,4,0,0,0,2026-03-28 13:31:29.526+00
U-0087,Team-U-0087-259,0,0,0,0,0,2026-03-18 10:15:53.246+00
U-0087,/profile/notifications,0,0,0,0,0,2026-03-27 09:01:39.174+00
U-0087,/team/T-017/manage,0,0,0,0,0,2026-03-22 20:51:46.018+00
U-0087,/team/T-020/manage,0,0,0,0,0,2026-03-15 01:04:31.797+00
U-0087,chatbot_room,0,0,0,0,0,2026-03-27 07:27:07.045+00
U-0088,hackathons_list,0,0,0,0,0,2026-03-28 09:18:02.781+00
U-0088,ongoing,0,0,0,0,0,2026-03-11 08:56:26.227+00
U-0088,Blockchain,0,0,0,0,0,2026-03-22 04:23:45.128+00
U-0088,/submit/hack-2-1,0,0,0,0,0,2026-03-02 00:49:24.641+00
U-0088,team,0,0,0,0,0,2026-03-16 04:24:03.142+00
U-0088,hack-3-2,0,0,0,0,0,2026-03-17 13:51:37.184+00
U-0088,T-027,0,2,0,0,0,2026-03-18 09:59:06.376+00
U-0088,T-009,0,2,0,0,0,2026-03-18 03:26:13.839+00
U-0088,T-026,0,7,0,0,0,2026-03-17 14:06:13.184+00
U-0088,/team/T-011/manage,0,0,0,0,0,2026-03-08 14:16:32.188+00
U-0088,hack-2-2,1,1,0,0,0,2026-03-28 09:44:37.065+00
U-0088,/hackathons,0,0,0,0,0,2026-03-26 14:01:46.231+00
U-0088,user,0,0,0,0,0,2026-03-28 09:42:36.065+00
U-0088,T-029,0,6,0,0,0,2026-03-15 12:19:48.656+00
U-0088,hack-3,0,1,0,0,0,2026-03-28 09:27:43.781+00
U-0088,T-015,0,0,0,1,0,2026-03-17 11:40:52.469+00
U-0088,hack-2,1,1,0,0,0,2026-03-28 09:23:02.781+00
U-0088,hack-2-1,0,0,0,0,1,2026-03-02 00:51:06.641+00
U-0088,T-012,0,1,0,0,0,2026-03-28 14:33:01.141+00
U-0088,Cloud,0,0,0,0,0,2026-03-04 08:09:02.49+00
U-0088,/profile/notifications,0,0,0,0,0,2026-03-27 12:59:54.787+00
U-0088,hack-10-1,1,1,1,0,0,2026-03-22 06:34:44.486+00
U-0088,INV-670906,0,0,0,0,0,2026-03-18 11:47:14.032+00
U-0088,T-030,0,1,0,0,0,2026-03-16 12:25:45.163+00
U-0088,notification_panel,0,0,0,0,0,2026-03-17 11:41:01.469+00
U-0088,hack-9-1,0,0,0,0,0,2026-03-09 03:25:35.567+00
U-0088,T-008,0,1,0,0,0,2026-03-02 10:14:56.26+00
U-0088,T-020,0,0,0,0,0,2026-03-26 17:55:14.357+00
U-0088,hack-4-2,0,0,0,0,1,2026-03-09 06:22:58.555+00
U-0088,T-005,0,0,0,0,0,2026-03-27 08:29:53.104+00
U-0088,hack-4,2,3,1,0,0,2026-03-28 09:25:20.781+00
U-0088,T-010,0,1,0,0,0,2026-03-16 12:18:24.163+00
U-0088,open,0,0,0,0,0,2026-03-18 09:47:00.376+00
U-0088,T-028,0,2,0,0,0,2026-03-27 08:10:34.695+00
U-0088,T-002,0,1,0,0,0,2026-03-09 14:24:31.701+00
U-0088,hack-7-1,3,3,1,1,0,2026-03-15 01:40:34.285+00
U-0088,/matcher,0,0,0,0,0,2026-03-22 06:30:38.486+00
U-0088,hack-14,0,0,0,0,0,2026-03-07 13:29:09.481+00
U-0088,INV-570343,0,0,0,0,0,2026-03-02 04:50:35.222+00
U-0088,INV-782907,0,0,0,0,0,2026-03-16 14:08:33.824+00
U-0088,AI,0,0,0,0,0,2026-03-15 01:21:53.285+00
U-0088,hack-5,1,2,0,0,0,2026-03-28 09:43:22.065+00
U-0088,/chat,0,0,0,0,0,2026-03-28 08:44:59.887+00
U-0088,ended,0,0,0,0,0,2026-03-28 09:16:56.781+00
U-0088,hack-8,0,0,0,0,0,2026-03-26 14:12:02.231+00
U-0088,T-011,0,2,0,0,0,2026-03-28 14:42:40.141+00
U-0088,hack-5-2,2,2,0,1,0,2026-03-18 09:48:29.376+00
U-0088,hack-8-1,2,2,0,0,0,2026-03-28 14:23:10.141+00
U-0088,false,0,0,0,0,0,2026-03-28 09:44:11.065+00
U-0088,T-003,0,1,0,0,0,2026-03-18 10:00:39.376+00
U-0088,all,0,0,0,0,0,2026-03-22 04:21:58.128+00
U-0088,closed,0,0,0,0,0,2026-03-15 10:11:09.11+00
U-0088,T-013,0,1,0,0,0,2026-03-08 06:50:50.007+00
U-0088,INV-559242,0,0,0,0,0,2026-03-16 19:44:01.869+00
U-0088,hack-6-2,0,0,0,0,0,2026-03-09 14:10:32.701+00
U-0088,/camp,0,0,0,0,0,2026-03-28 14:22:17.141+00
U-0088,T-017,0,0,0,0,0,2026-03-27 12:28:57.332+00
U-0088,T-001,0,1,0,0,0,2026-03-28 10:22:45.024+00
U-0088,/submit/hack-4-2,0,0,0,0,0,2026-03-09 06:20:43.555+00
U-0088,Data,0,0,0,0,0,2026-03-28 09:17:02.781+00
U-0088,INV-492187,0,0,0,0,0,2026-03-17 11:39:07.469+00
U-0088,hack-6,2,3,1,1,0,2026-03-15 01:29:48.285+00
U-0088,chatbot_room,0,0,0,0,0,2026-03-28 12:15:36.864+00
U-0088,T-019,0,3,0,0,0,2026-03-27 12:44:33.332+00
U-0088,/team/T-009/manage,0,0,0,0,0,2026-03-18 03:25:08.839+00
U-0088,hack-10,0,0,0,0,0,2026-03-26 06:32:53.894+00
U-0088,hack-7,1,1,0,0,0,2026-03-26 14:07:10.231+00
U-0089,/submit/hack-6,0,0,0,0,0,2026-03-17 10:22:02.478+00
U-0089,T-015,0,1,0,0,0,2026-03-28 17:03:35.814+00
U-0089,hack-7-1,7,4,0,0,0,2026-03-27 06:38:44.443+00
U-0089,/submit/hack-9-1,0,0,0,0,0,2026-03-22 14:39:55.531+00
U-0089,hack-5,3,6,1,0,0,2026-03-28 09:36:32.084+00
U-0089,Web,0,0,0,0,0,2026-03-17 08:58:45.056+00
U-0089,hack-5-1,1,1,0,0,0,2026-03-28 09:37:21.084+00
U-0089,T-007,0,2,0,0,0,2026-03-28 14:00:14.379+00
U-0089,/submit/hack-3,0,0,0,0,0,2026-03-28 13:32:23.207+00
U-0089,open,0,0,0,0,0,2026-03-28 02:35:33.177+00
U-0089,T-019,0,1,0,0,0,2026-03-28 13:34:11.379+00
U-0089,T-028,0,7,0,0,0,2026-03-28 03:04:22.177+00
U-0089,T-029,0,5,0,0,0,2026-03-27 10:39:56.4+00
U-0089,INV-727196,0,0,0,0,0,2026-03-18 01:06:30.069+00
U-0089,INV-542877,0,0,0,0,0,2026-03-22 21:29:17.049+00
U-0089,closed,0,0,0,0,0,2026-03-28 16:34:00.814+00
U-0089,/hackathons,0,0,0,0,0,2026-03-27 14:35:37.116+00
U-0089,hack-4,5,3,1,0,1,2026-03-28 02:37:24.177+00
U-0089,/submit/hack-7-1,0,0,0,0,0,2026-03-08 10:36:10.085+00
U-0089,Team-U-0089-252,0,0,0,0,0,2026-03-18 11:26:15.881+00
U-0089,Team-U-0089-273,0,0,0,0,0,2026-03-16 14:48:44.482+00
U-0089,ended,0,0,0,0,0,2026-03-27 14:36:24.116+00
U-0089,/submit/hack-2,0,0,0,0,0,2026-03-21 14:17:38.376+00
U-0089,/team/T-009/manage,0,0,0,0,0,2026-03-12 14:17:23.482+00
U-0089,T-3918,0,0,0,0,0,2026-03-12 08:19:41.705+00
U-0089,/matcher,0,0,0,0,0,2026-03-28 11:21:15.23+00
U-0089,T-011,0,1,0,0,0,2026-03-26 05:17:09.224+00
U-0089,T-018,0,3,0,0,0,2026-03-28 13:43:06.379+00
U-0089,T-7095,0,0,0,0,0,2026-03-18 11:28:04.881+00
U-0089,/camp,0,0,0,0,0,2026-03-28 14:37:25.431+00
U-0089,hack-6,2,4,0,0,1,2026-03-27 14:42:12.116+00
U-0089,INV-570621,0,0,0,0,0,2026-03-17 10:42:06.822+00
U-0089,/team/T-028/manage,0,0,0,0,0,2026-03-16 09:30:19.247+00
U-0089,user,0,0,0,0,0,2026-03-28 11:21:49.23+00
U-0089,/team/T-010/manage,0,0,0,0,0,2026-03-10 14:15:58.545+00
U-0089,true,0,0,0,0,0,2026-03-28 11:24:33.23+00
U-0089,hack-11,0,0,0,0,0,2026-03-20 03:18:39.396+00
U-0089,/chat,0,0,0,0,0,2026-03-26 10:37:43.547+00
U-0089,hackathons_list,0,0,0,0,0,2026-03-27 06:31:48.443+00
U-0089,T-006,0,2,0,0,0,2026-03-26 05:10:58.224+00
U-0089,T-1791,0,0,0,0,0,2026-03-28 17:09:25.814+00
U-0089,T-026,0,9,0,0,0,2026-03-28 16:51:44.814+00
U-0089,Team-U-0089-415,0,0,0,0,0,2026-03-26 02:34:57.477+00
U-0089,INV-665496,0,0,0,0,0,2026-03-22 11:55:12.021+00
U-0089,T-030,0,4,0,0,0,2026-03-18 14:16:55.71+00
U-0089,Team-U-0089-464,0,0,0,0,0,2026-03-12 08:59:38.25+00
U-0089,hack-8-1,3,5,0,0,0,2026-03-27 09:18:34.33+00
U-0089,T-001,0,1,0,0,0,2026-03-25 11:57:04.331+00
U-0089,T-010,0,3,0,0,0,2026-03-26 05:20:07.224+00
U-0089,T-009,0,1,0,1,0,2026-03-21 12:46:49.245+00
U-0089,fallback-team_request_review,0,0,0,0,0,2026-03-21 13:26:53.361+00
U-0089,notification_panel,0,0,0,0,0,2026-03-23 07:28:23.818+00
U-0089,/team/T-004/manage,0,0,0,0,0,2026-03-21 13:25:32.361+00
U-0089,Cloud,0,0,0,0,0,2026-03-21 08:31:55.629+00
U-0089,hack-2-2,2,6,1,1,0,2026-03-27 14:53:03.116+00
U-0089,T-4755,0,0,0,0,0,2026-03-16 14:49:25.482+00
U-0089,Team-U-0089-428,0,0,0,0,0,2026-03-26 06:04:38.698+00
U-0089,Team-U-0089-615,0,0,0,0,0,2026-03-12 08:18:01.705+00
U-0089,/team/T-006/manage,0,0,0,0,0,2026-03-04 13:01:31.821+00
U-0089,/profile/notifications,0,0,0,0,0,2026-03-28 04:08:16.86+00
U-0089,hack-13,0,0,0,0,0,2026-03-28 13:26:33.379+00
U-0089,INV-634843,0,0,0,0,0,2026-03-21 12:45:50.245+00
U-0089,Blockchain,0,0,0,0,0,2026-03-27 09:39:42.006+00
U-0089,/submit/hack-4,0,0,0,0,0,2026-03-22 16:54:25.675+00
U-0089,hack-6-1,1,0,0,0,0,2026-03-20 21:38:57.29+00
U-0089,all,0,0,0,0,0,2026-03-27 09:05:18.33+00
U-0089,hack-9,1,0,0,0,0,2026-03-17 09:14:08.056+00
U-0089,hack-9-1,3,6,1,0,1,2026-03-28 11:26:15.23+00
U-0089,hack-14,1,1,0,0,0,2026-03-24 15:55:07.679+00
U-0089,T-004,0,1,0,1,0,2026-03-21 13:26:35.361+00
U-0089,hack-2,2,2,1,0,1,2026-03-23 05:56:34.373+00
U-0089,T-017,0,3,0,0,0,2026-03-27 14:06:24.81+00
U-0089,hack-10-1,3,5,0,1,0,2026-03-27 14:02:19.81+00
U-0089,T-7107,0,0,0,0,0,2026-03-26 02:36:50.477+00
U-0089,INV-970377,0,0,0,0,0,2026-03-04 13:44:30.116+00
U-0089,T-008,0,3,0,0,0,2026-03-27 09:42:32.341+00
U-0089,/team/T-002/manage,0,0,0,0,0,2026-03-19 21:27:45.834+00
U-0089,/team/T-001/manage,0,0,0,0,0,2026-03-10 13:12:17.446+00
U-0089,hack-8,2,1,0,0,0,2026-03-20 21:33:11.29+00
U-0089,hack-10,0,0,0,0,0,2026-03-28 09:38:29.084+00
U-0089,fallback-team_create_attempt,0,0,0,0,0,2026-03-04 13:01:08.9+00
U-0089,T-012,0,2,0,0,0,2026-03-16 12:40:17.063+00
U-0089,T-005,0,3,0,1,0,2026-03-28 13:54:29.379+00
U-0089,hack-7,0,0,0,0,0,2026-03-28 11:23:15.23+00
U-0089,hack-3-2,1,3,0,1,0,2026-03-27 09:14:54.33+00
U-0089,hack-6-2,4,4,1,0,0,2026-03-28 16:35:52.814+00
U-0089,/team/T-007/manage,0,0,0,0,0,2026-03-23 12:17:48.558+00
U-0089,hack-12,0,0,0,0,0,2026-03-27 10:29:28.4+00
U-0089,T-9842,0,0,0,0,0,2026-03-12 09:01:10.25+00
U-0089,T-020,0,7,0,0,0,2026-03-28 14:48:33.431+00
U-0089,T-003,0,2,0,0,0,2026-03-22 12:13:06.011+00
U-0089,hack-4-1,0,1,0,0,0,2026-03-23 03:22:58.211+00
U-0089,hack-15,0,0,0,0,0,2026-03-27 06:34:26.443+00
U-0089,hack-3,3,4,0,1,1,2026-03-28 13:37:23.207+00
U-0089,T-016,0,1,0,0,0,2026-03-28 17:07:42.814+00
U-0089,AI,0,0,0,0,0,2026-03-26 12:47:10.172+00
U-0089,hack-4-2,5,8,1,0,0,2026-03-27 14:59:15.116+00
U-0089,chatbot_room,0,0,0,0,0,2026-03-27 14:42:38.092+00
U-0089,T-002,0,5,0,0,0,2026-03-27 07:12:05.183+00
U-0089,false,0,0,0,0,0,2026-03-28 09:36:04.084+00
U-0089,fallback-invite_cancel,0,0,0,0,0,2026-03-12 08:56:38.832+00
U-0089,T-027,0,11,0,0,0,2026-03-26 02:34:29.477+00
U-0089,hack-5-2,3,6,1,0,0,2026-03-27 12:22:24.625+00
U-0089,team,0,0,0,0,0,2026-03-12 11:09:29.071+00
U-0089,Data,0,0,0,0,0,2026-03-26 05:47:12.783+00
U-0089,T-014,0,3,0,0,0,2026-03-27 14:25:10.81+00
U-0089,/team/T-008/manage,0,0,0,0,0,2026-03-27 09:39:52.341+00
U-0089,INV-612636,0,0,0,0,0,2026-03-25 14:35:35.496+00
U-0089,fallback-invite_send,0,0,0,0,0,2026-03-23 12:32:49.894+00
U-0089,ongoing,0,0,0,0,0,2026-03-27 09:38:26.006+00
U-0090,/submit/hack-2-2,0,0,0,0,0,2026-03-25 08:58:18.406+00
U-0090,T-010,0,2,0,0,0,2026-03-23 12:03:55.524+00
U-0090,false,0,0,0,0,0,2026-03-02 16:54:37.22+00
U-0090,/team/T-015/manage,0,0,0,0,0,2026-03-16 09:33:05.48+00
U-0090,Team-U-0090-726,0,0,0,0,0,2026-03-27 10:58:16.656+00
U-0090,hack-13,1,1,0,0,1,2026-03-12 14:52:17.27+00
U-0090,hack-10-1,8,7,1,1,0,2026-03-28 10:24:48.051+00
U-0090,/profile/notifications,0,0,0,0,0,2026-03-26 06:18:12.281+00
U-0090,INV-442789,0,0,0,0,0,2026-03-01 01:56:51.501+00
U-0090,/team/T-019/manage,0,0,0,0,0,2026-03-26 08:19:36.704+00
U-0090,hack-9,1,1,0,0,0,2026-03-07 23:44:02.722+00
U-0090,hack-5-2,2,5,0,0,1,2026-03-28 14:59:59.999+00
U-0090,hack-8,0,0,0,0,0,2026-03-19 07:49:38.856+00
U-0090,/team/T-005/manage,0,0,0,0,0,2026-03-21 13:59:18.256+00
U-0090,hack-12,0,0,0,0,1,2026-03-24 13:21:27.858+00
U-0090,hackathons_list,0,0,0,0,0,2026-03-28 14:59:59.999+00
U-0090,hack-3-2,3,6,1,0,1,2026-03-28 14:59:59.999+00
U-0090,T-026,0,2,0,0,0,2026-03-11 03:49:37.569+00
U-0090,T-013,0,2,0,1,0,2026-03-25 03:55:59.763+00
U-0090,T-027,0,5,0,0,0,2026-03-23 06:34:29.322+00
U-0090,hack-14,0,1,0,0,0,2026-03-21 04:56:04.812+00
U-0090,hack-6-2,5,6,0,0,0,2026-03-24 09:48:23.644+00
U-0090,chatbot_room,0,0,0,0,0,2026-03-27 23:06:33.618+00
U-0090,T-017,0,1,0,0,0,2026-03-22 22:48:01.884+00
U-0090,T-030,0,3,0,1,0,2026-03-27 07:37:09.202+00
U-0090,/submit/hack-12,0,0,0,0,0,2026-03-11 11:05:22.453+00
U-0090,/submit/hack-6-2,0,0,0,0,0,2026-03-24 06:19:48.318+00
U-0090,fallback-tab_view,0,0,0,0,0,2026-03-25 10:49:32.354+00
U-0090,fallback-submit_project,0,0,0,0,0,2026-03-23 13:39:53.639+00
U-0090,T-018,0,2,0,0,0,2026-03-12 14:41:14.39+00
U-0090,user,0,0,0,0,0,2026-03-22 05:24:26.768+00
U-0090,/team/T-001/manage,0,0,0,0,0,2026-03-19 06:18:45.645+00
U-0090,hack-5,4,4,0,0,0,2026-03-28 00:24:58.841+00
U-0090,T-015,0,1,0,0,0,2026-03-16 09:34:04.48+00
U-0090,/team/T-009/manage,0,0,0,0,0,2026-03-03 14:32:56.86+00
U-0090,/matcher,0,0,0,0,0,2026-03-28 12:08:26.104+00
U-0090,INV-682363,0,0,0,0,0,2026-03-13 07:49:15.211+00
U-0090,INV-787832,0,0,0,0,0,2026-03-16 13:47:40.192+00
U-0090,INV-410390,0,0,0,0,0,2026-03-12 14:48:43.66+00
U-0090,/team/T-027/manage,0,0,0,0,0,2026-03-23 06:29:36.322+00
U-0090,hack-10,0,0,0,0,0,2026-03-25 14:15:35.329+00
U-0090,T-7060,0,0,0,0,0,2026-03-05 10:40:07.822+00
U-0090,hack-4-2,5,7,1,1,0,2026-03-24 09:44:13.644+00
U-0090,/team/T-014/manage,0,0,0,0,0,2026-03-25 04:30:07.574+00
U-0090,T-011,0,0,0,0,0,2026-03-18 08:51:04.347+00
U-0090,T-001,0,2,0,1,0,2026-03-19 06:21:02.645+00
U-0090,/team/T-010/manage,0,0,0,0,0,2026-03-23 12:00:47.524+00
U-0090,true,0,0,0,0,0,2026-03-26 19:19:28.778+00
U-0090,/team/T-026/manage,0,0,0,0,0,2026-03-06 06:46:29.044+00
U-0090,T-008,0,1,0,1,0,2026-03-25 13:04:52.564+00
U-0090,fallback-page_view,0,0,0,0,0,2026-03-11 04:10:05.137+00
U-0090,hack-2-1,2,2,0,0,0,2026-03-14 05:59:36.268+00
U-0090,hack-9-1,5,6,0,1,0,2026-03-28 14:59:59.999+00
U-0090,/chat,0,0,0,0,0,2026-03-26 13:45:43.671+00
U-0090,/submit/hack-3-2,0,0,0,0,0,2026-03-08 10:07:29.563+00
U-0090,T-019,0,0,0,0,0,2026-03-26 08:20:09.704+00
U-0090,T-014,0,0,0,0,0,2026-03-25 04:32:31.574+00
U-0090,T-012,0,2,0,1,0,2026-03-28 10:28:22.051+00
U-0090,closed,0,0,0,0,0,2026-03-24 09:45:13.022+00
U-0090,hack-2,2,2,1,0,0,2026-03-26 12:25:20.305+00
U-0090,Data,0,0,0,0,0,2026-03-24 09:37:18.644+00
U-0090,hack-7-1,1,1,0,0,0,2026-03-16 10:29:04.397+00
U-0090,Team-U-0090-399,0,0,0,0,0,2026-03-03 09:23:56.71+00
U-0090,ongoing,0,0,0,0,0,2026-03-28 14:57:41.171+00
U-0090,Web,0,0,0,0,0,2026-03-07 23:30:50.722+00
U-0090,Team-U-0090-754,0,0,0,0,0,2026-03-24 10:01:10.022+00
U-0090,team,0,0,0,0,0,2026-03-18 08:50:12.347+00
U-0090,/team/T-016/manage,0,0,0,0,0,2026-03-26 14:19:05.037+00
U-0090,hack-7,1,1,0,0,0,2026-03-19 21:47:01.112+00
U-0090,hack-8-1,5,8,1,1,0,2026-03-24 09:41:56.644+00
U-0090,T-028,0,4,0,1,0,2026-03-28 04:44:52.519+00
U-0090,Cloud,0,0,0,0,0,2026-03-10 20:35:59.303+00
U-0090,T-004,0,0,0,1,0,2026-03-12 14:50:25.66+00
U-0090,Blockchain,0,0,0,0,0,2026-03-22 09:40:32.46+00
U-0090,hack-3,5,7,0,1,0,2026-03-27 03:36:12.059+00
U-0090,T-005,0,0,0,0,0,2026-03-25 10:21:01.246+00
U-0090,T-009,0,3,0,0,0,2026-03-28 10:50:49.796+00
U-0090,/submit/hack-4,0,0,0,0,0,2026-03-14 12:36:50.697+00
U-0090,hack-6,7,9,1,1,0,2026-03-28 14:59:59.999+00
U-0090,T-020,0,1,0,1,0,2026-03-27 10:57:56.656+00
U-0090,T-016,0,2,0,0,0,2026-03-26 14:23:03.037+00
U-0090,hack-2-2,1,2,0,0,1,2026-03-25 08:58:34.406+00
U-0090,/team/T-006/manage,0,0,0,0,0,2026-03-18 01:14:10.396+00
U-0090,/team/T-028/manage,0,0,0,0,0,2026-03-28 04:38:07.519+00
U-0090,/hackathons,0,0,0,0,0,2026-03-28 14:55:48.171+00
U-0090,/team/T-012/manage,0,0,0,0,0,2026-03-28 08:33:50.194+00
U-0090,AI,0,0,0,0,0,2026-03-16 12:58:37.424+00
U-0090,/camp,0,0,0,0,0,2026-03-28 10:44:23.796+00
U-0090,INV-812489,0,0,0,0,0,2026-03-11 02:18:14.2+00
U-0090,T-006,0,2,0,0,0,2026-03-25 12:01:42.051+00
U-0090,hack-3-1,0,0,0,0,0,2026-03-25 03:51:12.763+00
U-0090,all,0,0,0,0,0,2026-03-28 14:59:06.171+00
U-0090,T-029,0,5,0,0,0,2026-03-28 00:42:18.841+00
U-0090,hack-4,4,7,0,1,1,2026-03-22 09:55:59.46+00
U-0090,Team-U-0090-736,0,0,0,0,0,2026-03-05 10:38:37.822+00
U-0090,/submit/hack-5-2,0,0,0,0,0,2026-03-19 10:54:36.696+00
U-0090,hack-11,1,2,0,0,0,2026-03-18 02:31:25.775+00
U-0090,INV-987472,0,0,0,0,0,2026-03-06 11:42:57.742+00
U-0090,/submit/hack-13,0,0,0,0,0,2026-03-05 12:33:17.144+00
U-0090,open,0,0,0,0,0,2026-03-28 00:24:03.841+00
U-0090,ended,0,0,0,0,0,2026-03-19 21:32:20.112+00
U-0090,T-003,0,1,0,0,0,2026-03-05 10:49:25.195+00
U-0091,hack-8-1,2,2,0,0,1,2026-03-24 09:56:01.504+00
U-0091,closed,0,0,0,0,0,2026-03-19 02:37:42.773+00
U-0091,Team-U-0091-125,0,0,0,0,0,2026-03-12 00:58:44.556+00
U-0091,team,0,0,0,0,0,2026-03-21 03:18:40.274+00
U-0091,T-2124,0,0,0,0,0,2026-03-23 23:50:44.018+00
U-0091,/team/T-010/manage,0,0,0,0,0,2026-03-22 11:03:31.06+00
U-0091,hack-6-2,6,9,0,1,0,2026-03-27 17:41:32.516+00
U-0091,Data,0,0,0,0,0,2026-03-24 10:28:12.621+00
U-0091,Team-U-0091-590,0,0,0,0,0,2026-03-16 04:40:11.377+00
U-0091,fallback-team_request_create,0,0,0,0,0,2026-03-23 11:55:45.291+00
U-0091,hack-12,0,0,0,0,0,2026-03-17 23:06:52.037+00
U-0091,T-3773,0,0,0,0,0,2026-03-28 14:59:59.999+00
U-0091,T-007,0,1,0,0,0,2026-03-26 02:27:19.79+00
U-0091,/team/T-002/manage,0,0,0,0,0,2026-03-17 04:46:44.611+00
U-0091,/team/T-026/manage,0,0,0,0,0,2026-03-27 22:35:51.859+00
U-0091,hack-2-2,5,6,0,1,0,2026-03-27 10:14:56.738+00
U-0091,T-002,0,0,0,0,0,2026-03-27 13:39:50.136+00
U-0091,hack-14,0,2,0,0,0,2026-03-25 13:57:35.027+00
U-0091,T-014,0,2,0,1,0,2026-03-27 11:23:18.48+00
U-0091,hack-11,1,2,0,0,0,2026-03-28 04:00:47.116+00
U-0091,T-5293,0,0,0,0,0,2026-03-16 23:41:13.829+00
U-0091,/team/T-004/manage,0,0,0,0,0,2026-03-22 12:52:35.494+00
U-0091,hack-7-1,6,6,1,0,1,2026-03-27 17:33:40.516+00
U-0091,hack-9,1,1,0,0,0,2026-03-26 10:17:49.837+00
U-0091,T-027,0,7,0,0,0,2026-03-28 10:25:15.354+00
U-0091,/submit/hack-8-1,0,0,0,0,0,2026-03-24 09:54:32.504+00
U-0091,T-003,0,4,0,0,0,2026-03-28 14:44:36.829+00
U-0091,T-008,0,2,0,0,0,2026-03-27 11:10:27.48+00
U-0091,/team/T-003/manage,0,0,0,0,0,2026-03-26 07:16:46.775+00
U-0091,T-005,0,1,0,0,0,2026-03-28 14:46:42.829+00
U-0091,/matcher,0,0,0,0,0,2026-03-25 05:33:54.193+00
U-0091,/profile/notifications,0,0,0,0,0,2026-03-28 14:02:54.207+00
U-0091,/submit/hack-9-1,0,0,0,0,0,2026-03-19 09:25:43.842+00
U-0091,hack-10-1,4,6,0,0,0,2026-03-28 12:43:48.082+00
U-0091,/team/T-020/manage,0,0,0,0,0,2026-03-17 02:40:45.586+00
U-0091,T-028,0,3,0,0,0,2026-03-21 03:23:06.274+00
U-0091,true,0,0,0,0,0,2026-03-25 05:37:42.193+00
U-0091,T-001,0,1,0,0,0,2026-03-28 00:05:13.89+00
U-0091,/team/T-007/manage,0,0,0,0,0,2026-03-26 02:23:59.79+00
U-0091,hack-4-2,4,5,0,1,0,2026-03-25 13:59:43.027+00
U-0091,INV-296718,0,0,0,0,0,2026-03-23 11:55:20.291+00
U-0091,ongoing,0,0,0,0,0,2026-03-27 17:22:15.516+00
U-0091,INV-943719,0,0,0,0,0,2026-03-20 01:54:43.563+00
U-0091,/chat,0,0,0,0,0,2026-03-23 13:26:44.515+00
U-0091,/team/T-029/manage,0,0,0,0,0,2026-03-19 17:40:02.639+00
U-0091,hack-9-1,6,8,0,1,0,2026-03-28 12:30:20.082+00
U-0091,hack-4,5,6,1,0,0,2026-03-28 15:29:53.221+00
U-0091,hack-5-2,2,4,1,0,0,2026-03-27 23:49:28.89+00
U-0091,hack-5-1,1,1,0,0,0,2026-03-26 09:30:40.165+00
U-0091,hackathons_list,0,0,0,0,0,2026-03-28 15:19:40.221+00
U-0091,/submit/hack-6,0,0,0,0,0,2026-03-02 10:52:03.716+00
U-0091,T-013,0,1,0,0,0,2026-03-24 11:40:34.397+00
U-0091,hack-13,1,1,0,0,0,2026-03-28 11:26:01.431+00
U-0091,Blockchain,0,0,0,0,0,2026-03-28 12:19:38.082+00
U-0091,T-015,0,2,0,1,0,2026-03-26 11:44:18.001+00
U-0091,chatbot_room,0,0,0,0,0,2026-03-25 08:38:14.098+00
U-0091,T-030,0,9,0,0,0,2026-03-21 06:13:51.071+00
U-0091,user,0,0,0,0,0,2026-03-25 05:34:03.193+00
U-0091,hack-5,4,6,1,1,0,2026-03-28 15:23:25.221+00
U-0091,INV-121908,0,0,0,0,0,2026-03-28 10:34:50.606+00
U-0091,T-012,0,0,0,0,0,2026-03-23 06:36:01.834+00
U-0091,hack-3-2,7,7,1,0,0,2026-03-27 10:08:09.738+00
U-0091,T-018,0,3,0,0,0,2026-03-16 05:36:11.558+00
U-0091,Team-U-0091-655,0,0,0,0,0,2026-03-28 14:59:59.999+00
U-0091,/team/T-009/manage,0,0,0,0,0,2026-03-21 07:13:25.521+00
U-0091,fallback-chatbot_query,0,0,0,0,0,2026-03-28 05:33:04.274+00
U-0091,hack-6-1,0,0,0,0,0,2026-03-15 10:57:16.664+00
U-0091,hack-2,3,2,1,0,0,2026-03-26 14:05:34.9+00
U-0091,Team-U-0091-721,0,0,0,0,0,2026-03-05 08:39:31.252+00
U-0091,T-4870,0,0,0,0,0,2026-03-16 04:40:52.377+00
U-0091,hack-2-1,0,0,0,0,0,2026-03-23 14:59:21.331+00
U-0091,hack-8,1,1,0,0,0,2026-03-14 06:17:11.08+00
U-0091,T-026,0,3,0,0,0,2026-03-27 22:37:46.859+00
U-0091,INV-931452,0,0,0,0,0,2026-03-14 14:20:08.023+00
U-0091,AI,0,0,0,0,0,2026-03-26 10:13:22.837+00
U-0091,T-011,0,2,0,1,0,2026-03-24 11:46:36.397+00
U-0091,open,0,0,0,0,0,2026-03-27 10:52:40.48+00
U-0091,INV-889545,0,0,0,0,0,2026-03-22 11:09:36.611+00
U-0091,fallback-matcher_profile_select,0,0,0,0,0,2026-03-02 02:40:45.158+00
U-0091,/team/T-016/manage,0,0,0,0,0,2026-03-18 01:11:24.602+00
U-0091,fallback-team_request_cancel,0,0,0,0,0,2026-03-16 12:51:47.467+00
U-0091,T-006,0,1,0,0,0,2026-03-28 14:59:59.999+00
U-0091,T-016,0,1,0,0,0,2026-03-20 07:09:09.596+00
U-0091,T-009,0,0,0,0,0,2026-03-21 07:15:38.521+00
U-0091,Web,0,0,0,0,0,2026-03-21 14:45:35.573+00
U-0091,Cloud,0,0,0,0,0,2026-03-26 13:59:52.9+00
U-0091,all,0,0,0,0,0,2026-03-28 10:20:44.354+00
U-0091,hack-3-1,0,1,0,0,0,2026-03-25 05:03:17.472+00
U-0091,/team/T-012/manage,0,0,0,0,0,2026-03-23 06:33:38.834+00
U-0091,T-017,0,3,0,0,0,2026-03-28 00:12:56.89+00
U-0091,/submit/hack-6-2,0,0,0,0,0,2026-03-16 09:50:59.745+00
U-0091,T-029,0,6,0,0,0,2026-03-19 17:40:53.639+00
U-0091,Team-U-0091-102,0,0,0,0,0,2026-03-28 00:14:14.89+00
U-0091,hack-3,6,7,1,0,0,2026-03-28 10:20:51.354+00
U-0091,T-3652,0,0,0,0,0,2026-03-05 08:41:26.252+00
U-0091,/submit/hack-7-1,0,0,0,0,0,2026-03-24 14:44:42.264+00
U-0091,hack-15,0,0,0,0,0,2026-03-08 14:27:29.069+00
U-0091,T-020,0,3,0,0,0,2026-03-21 03:20:15.274+00
U-0091,ended,0,0,0,0,0,2026-03-17 10:06:54.186+00
U-0091,INV-304914,0,0,0,0,0,2026-03-24 06:58:30.372+00
U-0091,/submit/hack-2,0,0,0,0,0,2026-03-23 04:38:41.819+00
U-0091,INV-719812,0,0,0,0,0,2026-03-07 15:58:21.278+00
U-0091,/camp,0,0,0,0,0,2026-03-28 14:36:26.829+00
U-0091,Team-U-0091-386,0,0,0,0,0,2026-03-23 23:50:30.018+00
U-0091,INV-439529,0,0,0,0,0,2026-03-18 19:01:59.85+00
U-0091,/hackathons,0,0,0,0,0,2026-03-28 15:19:18.221+00
U-0091,T-010,0,4,0,0,0,2026-03-22 11:05:17.06+00
U-0091,false,0,0,0,0,0,2026-03-19 13:37:57.476+00
U-0091,hack-6,1,4,1,0,0,2026-03-28 09:15:09.575+00
U-0091,hack-4-1,1,0,0,0,0,2026-03-28 03:58:04.116+00
U-0091,Team-U-0091-331,0,0,0,0,0,2026-03-16 23:40:52.829+00
U-0091,T-004,0,2,0,0,0,2026-03-26 13:58:51.174+00
U-0091,INV-760108,0,0,0,0,0,2026-03-26 11:43:37.001+00
U-0091,T-019,0,0,0,0,0,2026-03-19 16:43:49.164+00
U-0092,closed,0,0,0,0,0,2026-03-21 01:44:37.133+00
U-0092,open,0,0,0,0,0,2026-03-28 14:06:44.795+00
U-0092,T-009,0,0,0,1,0,2026-03-06 06:49:45.287+00
U-0092,user,0,0,0,0,0,2026-03-28 06:33:54.185+00
U-0092,hack-3-2,1,1,1,0,0,2026-03-03 12:48:31.086+00
U-0092,T-011,0,1,0,0,0,2026-03-21 10:19:18.189+00
U-0092,hack-4,1,1,0,0,0,2026-03-23 08:55:44.799+00
U-0092,T-030,0,4,0,0,0,2026-03-28 14:10:24.795+00
U-0092,hack-5-2,1,1,0,0,0,2026-03-28 06:34:05.185+00
U-0092,Team-U-0092-586,0,0,0,0,0,2026-03-17 03:02:09.784+00
U-0092,ended,0,0,0,0,0,2026-03-28 07:31:18.501+00
U-0092,true,0,0,0,0,0,2026-03-17 13:13:49.304+00
U-0092,T-027,0,4,0,0,0,2026-03-24 16:18:03.384+00
U-0092,hack-7-1,0,1,0,0,0,2026-03-21 10:09:08.189+00
U-0092,hack-2-2,0,0,0,0,0,2026-03-24 16:11:43.384+00
U-0092,hack-6,0,0,0,0,0,2026-03-27 01:40:41.166+00
U-0092,Cloud,0,0,0,0,0,2026-03-03 12:41:57.086+00
U-0092,/team/T-028/manage,0,0,0,0,0,2026-03-16 04:13:40.201+00
U-0092,hack-3,1,1,0,1,0,2026-03-20 12:12:19.074+00
U-0092,hackathons_list,0,0,0,0,0,2026-03-28 07:32:52.501+00
U-0092,T-004,0,0,0,0,0,2026-03-25 13:52:19.496+00
U-0092,/chat,0,0,0,0,0,2026-03-25 14:11:22.842+00
U-0092,T-019,0,2,0,0,0,2026-03-23 03:23:09.039+00
U-0092,hack-8-1,0,0,0,0,0,2026-03-28 14:08:08.795+00
U-0092,hack-11,0,0,0,0,0,2026-03-16 12:55:45.812+00
U-0092,T-013,0,0,0,0,0,2026-03-16 11:23:54.245+00
U-0092,/camp,0,0,0,0,0,2026-03-27 01:40:26.166+00
U-0092,T-4873,0,0,0,0,0,2026-03-16 13:03:26.812+00
U-0092,hack-10,1,2,0,0,0,2026-03-20 06:53:27.352+00
U-0092,/submit/hack-4-2,0,0,0,0,0,2026-03-27 05:26:34.618+00
U-0092,/team/T-019/manage,0,0,0,0,0,2026-03-16 06:10:49.312+00
U-0092,hack-7,1,1,0,0,0,2026-03-28 07:36:27.501+00
U-0092,hack-3-1,1,1,0,0,0,2026-03-20 06:49:35.352+00
U-0092,Blockchain,0,0,0,0,0,2026-03-21 03:34:07.678+00
U-0092,team,0,0,0,0,0,2026-03-25 13:47:51.671+00
U-0092,T-028,0,0,0,0,0,2026-03-24 16:23:42.384+00
U-0092,hack-10-1,0,0,0,0,1,2026-03-23 12:33:30.665+00
U-0092,hack-2,1,2,0,0,0,2026-03-21 03:40:45.678+00
U-0092,INV-584839,0,0,0,0,0,2026-03-06 06:48:33.287+00
U-0092,T-007,0,2,0,0,0,2026-03-21 02:16:18.133+00
U-0092,/profile/notifications,0,0,0,0,0,2026-03-16 11:21:48.245+00
U-0092,/team/T-007/manage,0,0,0,0,0,2026-03-20 10:17:41.571+00
U-0092,hack-5,1,1,0,1,0,2026-03-17 13:15:10.304+00
U-0092,T-003,0,2,0,0,0,2026-03-16 08:03:26.871+00
U-0092,fallback-hackathon_interest_toggle,0,0,0,0,0,2026-03-16 13:03:39.812+00
U-0092,Team-U-0092-913,0,0,0,0,0,2026-03-27 01:49:52.166+00
U-0092,AI,0,0,0,0,0,2026-03-06 14:06:33.359+00
U-0092,T-008,0,1,0,0,0,2026-03-17 03:00:12.784+00
U-0092,/team/T-014/manage,0,0,0,0,0,2026-03-17 12:16:11.457+00
U-0092,Team-U-0092-443,0,0,0,0,0,2026-03-16 13:02:55.812+00
U-0092,ongoing,0,0,0,0,0,2026-03-23 08:53:14.799+00
U-0092,hack-9-1,3,2,0,0,0,2026-03-28 07:40:08.501+00
U-0092,T-5853,0,0,0,0,0,2026-03-27 01:51:02.166+00
U-0092,T-014,0,0,0,0,0,2026-03-17 12:20:04.457+00
U-0092,T-002,0,3,0,0,0,2026-03-28 14:16:19.795+00
U-0092,/submit/hack-10-1,0,0,0,0,0,2026-03-20 02:15:54.067+00
U-0092,/matcher,0,0,0,0,0,2026-03-28 06:32:53.185+00
U-0092,/hackathons,0,0,0,0,0,2026-03-26 21:56:18.183+00
U-0092,all,0,0,0,0,0,2026-03-06 14:06:11.359+00
U-0092,hack-4-2,1,1,0,1,1,2026-03-27 05:27:46.618+00
U-0092,T-005,0,1,0,0,0,2026-03-21 10:28:58.189+00
U-0092,chatbot_room,0,0,0,0,0,2026-03-25 14:12:41.842+00
U-0092,hack-6-2,0,2,0,0,0,2026-03-26 22:04:33.183+00
U-0093,/submit/hack-5-2,0,0,0,0,0,2026-03-17 02:10:15.871+00
U-0093,true,0,0,0,0,0,2026-03-23 20:52:19.476+00
U-0093,hack-5-2,3,9,0,1,0,2026-03-27 11:49:51.536+00
U-0093,T-012,0,1,0,0,0,2026-03-21 12:06:39.329+00
U-0093,/team/T-009/manage,0,0,0,0,0,2026-03-19 18:08:26.217+00
U-0093,T-005,0,1,0,0,0,2026-03-23 12:03:23.304+00
U-0093,/profile/notifications,0,0,0,0,0,2026-03-27 06:58:10.278+00
U-0093,/submit/hack-10-1,0,0,0,0,0,2026-03-19 12:37:55.726+00
U-0093,/submit/hack-8,0,0,0,0,0,2026-03-26 13:31:06.711+00
U-0093,T-007,0,1,0,0,0,2026-03-11 11:54:53.673+00
U-0093,false,0,0,0,0,0,2026-03-26 12:01:59.489+00
U-0093,T-009,0,0,0,0,0,2026-03-19 18:15:23.217+00
U-0093,T-6246,0,0,0,0,0,2026-03-09 01:42:14.699+00
U-0093,hack-15,0,0,0,0,0,2026-03-16 14:53:59.448+00
U-0093,/submit/hack-3,0,0,0,0,0,2026-03-14 02:58:12.727+00
U-0093,hack-4-1,4,3,0,0,0,2026-03-26 14:59:59.999+00
U-0093,hack-10,3,3,0,0,0,2026-03-23 20:53:47.476+00
U-0093,T-018,0,3,0,0,0,2026-03-19 14:59:59.999+00
U-0093,ended,0,0,0,0,0,2026-03-27 00:17:32.212+00
U-0093,hack-4,11,16,1,1,0,2026-03-27 03:43:41.325+00
U-0093,/submit/hack-2-2,0,0,0,0,0,2026-03-22 15:55:37.861+00
U-0093,Team-U-0093-712,0,0,0,0,0,2026-03-03 14:12:13.483+00
U-0093,user,0,0,0,0,0,2026-03-27 02:02:47.819+00
U-0093,hack-7,1,1,0,0,0,2026-03-16 14:55:31.448+00
U-0093,hack-5-1,1,1,1,0,0,2026-03-19 06:08:51.635+00
U-0093,Cloud,0,0,0,0,0,2026-03-26 09:19:31.646+00
U-0093,Team-U-0093-481,0,0,0,0,0,2026-03-09 01:40:46.699+00
U-0093,hack-11,1,1,0,0,0,2026-03-23 04:57:36.429+00
U-0093,hack-14,1,2,0,0,0,2026-03-28 12:52:32.475+00
U-0093,INV-490171,0,0,0,0,0,2026-03-18 03:42:11.27+00
U-0093,ongoing,0,0,0,0,0,2026-03-28 09:01:09.648+00
U-0093,all,0,0,0,0,0,2026-03-27 05:33:27.676+00
U-0093,T-026,0,5,0,0,0,2026-03-28 12:58:00.475+00
U-0093,/submit/hack-3-2,0,0,0,0,0,2026-03-24 06:20:06.259+00
U-0093,hack-2-2,2,5,0,1,1,2026-03-28 12:08:32.663+00
U-0093,Data,0,0,0,0,0,2026-03-27 05:33:42.676+00
U-0093,hack-2,4,8,0,0,0,2026-03-26 06:55:50.269+00
U-0093,Blockchain,0,0,0,0,0,2026-03-26 06:49:26.269+00
U-0093,T-020,0,0,0,1,0,2026-03-07 12:32:34.378+00
U-0093,/team/T-012/manage,0,0,0,0,0,2026-03-04 03:14:22.305+00
U-0093,T-028,0,5,0,0,0,2026-03-24 12:19:32.442+00
U-0093,fallback-team_notice_send,0,0,0,0,0,2026-03-15 15:24:40.409+00
U-0093,/team/T-018/manage,0,0,0,0,0,2026-03-02 12:34:53.085+00
U-0093,notification_panel,0,0,0,0,0,2026-03-26 13:55:28.034+00
U-0093,/camp,0,0,0,0,0,2026-03-28 12:48:21.475+00
U-0093,hack-3,4,10,1,1,1,2026-03-26 13:31:02.557+00
U-0093,INV-673655,0,0,0,0,0,2026-03-08 03:31:22.581+00
U-0093,T-008,0,1,0,1,0,2026-03-28 13:14:04.475+00
U-0093,T-017,0,1,0,0,0,2026-03-12 12:49:49.659+00
U-0093,hack-6-1,1,1,1,0,0,2026-03-14 02:13:52.463+00
U-0093,hack-6,9,8,0,1,0,2026-03-28 12:05:52.663+00
U-0093,fallback-page_view,0,0,0,0,0,2026-03-09 03:10:21.617+00
U-0093,hack-2-1,0,0,0,0,0,2026-03-19 11:34:25.558+00
U-0093,INV-543766,0,0,0,0,0,2026-03-07 12:29:54.378+00
U-0093,T-010,0,0,0,1,0,2026-03-18 14:14:54.108+00
U-0093,hack-6-2,6,8,0,0,1,2026-03-28 12:04:21.663+00
U-0093,T-011,0,2,0,0,0,2026-03-12 12:58:08.659+00
U-0093,/submit/hack-2,0,0,0,0,0,2026-03-20 06:59:34.545+00
U-0093,chatbot_room,0,0,0,0,0,2026-03-27 14:25:55.587+00
U-0093,T-016,0,3,0,0,0,2026-03-26 15:18:14.2+00
U-0093,T-030,0,1,0,0,0,2026-03-19 12:39:05.368+00
U-0093,hack-13,0,0,0,0,0,2026-03-27 11:38:36.724+00
U-0093,hackathons_list,0,0,0,0,0,2026-03-28 09:01:23.648+00
U-0093,AI,0,0,0,0,0,2026-03-12 11:51:09.567+00
U-0093,/matcher,0,0,0,0,0,2026-03-27 11:34:16.724+00
U-0093,T-013,0,1,0,0,0,2026-03-27 10:05:36.016+00
U-0093,T-029,0,10,0,0,0,2026-03-28 13:22:04.475+00
U-0093,T-001,0,2,0,0,0,2026-03-28 13:03:00.475+00
U-0093,T-002,0,2,0,0,0,2026-03-20 14:28:46.683+00
U-0093,T-027,0,3,0,0,0,2026-03-26 13:52:36.557+00
U-0093,/chat,0,0,0,0,0,2026-03-27 14:21:23.587+00
U-0093,hack-8,2,2,0,0,0,2026-03-27 05:54:25.676+00
U-0093,/submit/hack-8-1,0,0,0,0,0,2026-03-17 09:24:21.235+00
U-0093,fallback-invite_send,0,0,0,0,0,2026-03-26 13:33:08.711+00
U-0093,hack-5,6,8,1,1,1,2026-03-28 09:02:56.648+00
U-0093,/team/T-013/manage,0,0,0,0,0,2026-03-27 10:00:00.016+00
U-0093,Web,0,0,0,0,0,2026-03-23 14:28:55.464+00
U-0093,T-003,0,0,0,0,0,2026-03-27 15:49:40.049+00
U-0093,/team/T-016/manage,0,0,0,0,0,2026-03-15 15:20:18.409+00
U-0093,T-015,0,1,0,0,0,2026-03-12 12:45:57.659+00
U-0093,hack-3-1,0,0,0,0,0,2026-03-10 10:32:19.728+00
U-0093,/submit/hack-5,0,0,0,0,0,2026-03-17 09:14:45.88+00
U-0093,fallback-matcher_profile_select,0,0,0,0,0,2026-03-23 12:03:41.304+00
U-0093,INV-489091,0,0,0,0,0,2026-03-18 14:13:26.108+00
U-0093,team,0,0,0,0,0,2026-03-14 03:39:52.016+00
U-0093,hack-4-2,4,7,0,1,1,2026-03-24 05:21:35.278+00
U-0093,hack-3-2,12,18,0,1,0,2026-03-28 12:00:21.663+00
U-0093,/hackathons,0,0,0,0,0,2026-03-28 08:59:39.648+00
U-0093,INV-416354,0,0,0,0,0,2026-03-17 11:20:36.344+00
U-0093,/submit/hack-4-2,0,0,0,0,0,2026-03-24 05:20:25.278+00
U-0093,fallback-recommendation_click,0,0,0,0,0,2026-03-06 18:39:07.811+00
U-0093,/team/T-007/manage,0,0,0,0,0,2026-03-09 18:23:00.656+00
U-0093,T-004,0,2,0,0,0,2026-03-25 14:10:09.46+00
U-0093,open,0,0,0,0,0,2026-03-10 13:17:47.381+00
U-0093,hack-8-1,3,6,0,0,1,2026-03-28 09:04:11.648+00
U-0093,closed,0,0,0,0,0,2026-03-28 12:50:45.475+00
U-0093,hack-9,1,1,0,0,0,2026-03-24 11:49:34.442+00
U-0093,/team/T-005/manage,0,0,0,0,0,2026-03-23 11:58:16.304+00
U-0093,hack-10-1,7,11,1,1,1,2026-03-27 11:41:27.724+00
U-0093,/team/T-003/manage,0,0,0,0,0,2026-03-27 15:46:55.049+00
U-0093,hack-7-1,6,5,1,1,1,2026-03-27 05:39:46.676+00
U-0093,hack-9-1,3,5,0,0,0,2026-03-25 13:53:36.46+00
U-0093,hack-12,0,1,0,0,0,2026-03-10 14:06:19.801+00
U-0093,T-014,0,4,0,0,0,2026-03-27 11:56:35.536+00
U-0093,T-019,0,1,0,0,0,2026-03-25 07:32:49.222+00
U-0094,hack-9,1,1,1,0,0,2026-03-28 05:02:03.65+00
U-0094,INV-761570,0,0,0,0,0,2026-03-17 12:55:29.297+00
U-0094,/team/T-015/manage,0,0,0,0,0,2026-03-18 07:03:38.685+00
U-0094,/submit/hack-8-1,0,0,0,0,0,2026-03-10 10:38:06.706+00
U-0094,T-5011,0,0,0,0,0,2026-03-19 03:51:27.102+00
U-0094,Team-U-0094-918,0,0,0,0,0,2026-03-17 12:21:48.726+00
U-0094,hack-8-1,2,6,0,0,1,2026-03-28 04:56:53.65+00
U-0094,ongoing,0,0,0,0,0,2026-03-27 13:38:13.781+00
U-0094,T-014,0,2,0,0,0,2026-03-27 13:49:17.653+00
U-0094,INV-285592,0,0,0,0,0,2026-03-24 05:00:10.817+00
U-0094,T-029,0,6,0,0,0,2026-03-26 14:46:53.208+00
U-0094,T-006,0,0,0,0,0,2026-03-26 14:59:59.999+00
U-0094,T-027,0,6,0,0,0,2026-03-27 07:02:09.178+00
U-0094,/submit/hack-3-2,0,0,0,0,0,2026-03-23 12:44:36.267+00
U-0094,T-2086,0,0,0,0,0,2026-03-27 07:17:50.178+00
U-0094,/submit/hack-2-2,0,0,0,0,0,2026-03-17 12:36:16.186+00
U-0094,/hackathons,0,0,0,0,0,2026-03-28 10:36:15.654+00
U-0094,/camp,0,0,0,0,0,2026-03-27 09:12:09.653+00
U-0094,fallback-hackathon_join,0,0,0,0,0,2026-03-18 12:27:44.392+00
U-0094,T-001,0,0,0,0,0,2026-03-23 10:37:22.802+00
U-0094,hack-6,5,9,0,1,0,2026-03-24 05:20:24.547+00
U-0094,hack-4-1,0,0,0,0,0,2026-03-23 05:13:45.781+00
U-0094,T-8381,0,0,0,0,0,2026-03-14 09:25:34.699+00
U-0094,hack-4,4,7,0,1,0,2026-03-27 13:44:56.781+00
U-0094,T-030,0,2,0,0,0,2026-03-28 12:29:09.336+00
U-0094,fallback-team_notice_send,0,0,0,0,0,2026-03-08 14:22:58.006+00
U-0094,/team/T-006/manage,0,0,0,0,0,2026-03-26 11:21:32.477+00
U-0094,T-020,0,0,0,0,0,2026-03-28 22:42:49.879+00
U-0094,T-013,0,2,0,0,0,2026-03-16 03:24:42.69+00
U-0094,Web,0,0,0,0,0,2026-03-18 06:57:34.363+00
U-0094,T-010,0,4,0,0,0,2026-03-23 21:50:50.867+00
U-0094,/submit/hack-9-1,0,0,0,0,0,2026-03-18 00:04:32.694+00
U-0094,hack-12,1,2,1,0,0,2026-03-18 02:37:24.094+00
U-0094,ended,0,0,0,0,0,2026-03-25 22:02:45.628+00
U-0094,hack-3-2,4,4,0,0,1,2026-03-28 10:41:28.654+00
U-0094,T-011,0,2,0,0,0,2026-03-06 13:57:18.856+00
U-0094,INV-925534,0,0,0,0,0,2026-03-02 12:58:55.062+00
U-0094,T-003,0,2,0,1,0,2026-03-27 01:24:07.469+00
U-0094,Team-U-0094-136,0,0,0,0,0,2026-03-14 09:25:01.699+00
U-0094,hack-2,5,7,1,1,0,2026-03-28 04:53:55.65+00
U-0094,AI,0,0,0,0,0,2026-03-17 23:41:50.895+00
U-0094,Team-U-0094-986,0,0,0,0,0,2026-03-04 01:55:59.059+00
U-0094,/team/T-027/manage,0,0,0,0,0,2026-03-06 07:57:12.861+00
U-0094,hackathons_list,0,0,0,0,0,2026-03-28 10:37:40.654+00
U-0094,hack-2-1,2,2,1,0,0,2026-03-28 10:48:53.654+00
U-0094,T-7289,0,0,0,0,0,2026-03-16 03:49:09.393+00
U-0094,hack-10,1,1,0,0,0,2026-03-24 03:44:28.361+00
U-0094,/team/T-005/manage,0,0,0,0,0,2026-03-19 03:17:41.614+00
U-0094,T-009,0,3,0,0,0,2026-03-27 09:21:32.653+00
U-0094,INV-506316,0,0,0,0,0,2026-03-24 18:18:28.64+00
U-0094,hack-11,1,1,0,0,0,2026-03-17 23:59:28.895+00
U-0094,hack-4-2,4,6,1,0,1,2026-03-25 08:13:54.306+00
U-0094,INV-264207,0,0,0,0,0,2026-03-10 02:12:02.296+00
U-0094,T-008,0,1,0,0,0,2026-03-23 07:30:24.536+00
U-0094,Team-U-0094-617,0,0,0,0,0,2026-03-27 07:16:51.178+00
U-0094,T-004,0,3,0,1,0,2026-03-27 06:43:27.681+00
U-0094,/submit/hack-4-2,0,0,0,0,0,2026-03-14 09:29:53.563+00
U-0094,hack-5-2,6,8,1,0,0,2026-03-26 15:08:23.173+00
U-0094,/team/T-014/manage,0,0,0,0,0,2026-03-24 14:21:37.205+00
U-0094,fallback-invite_cancel,0,0,0,0,0,2026-03-12 09:37:48.048+00
U-0094,INV-844297,0,0,0,0,0,2026-03-18 06:19:05.416+00
U-0094,hack-6-2,8,8,0,1,0,2026-03-27 13:39:35.653+00
U-0094,hack-6-1,2,2,0,0,0,2026-03-20 05:37:30.571+00
U-0094,Data,0,0,0,0,0,2026-03-22 09:37:08.605+00
U-0094,team,0,0,0,0,0,2026-03-28 22:37:04.879+00
U-0094,/matcher,0,0,0,0,0,2026-03-28 22:35:57.879+00
U-0094,T-016,0,2,0,1,0,2026-03-27 14:07:29.653+00
U-0094,Team-U-0094-808,0,0,0,0,0,2026-03-24 11:38:18.476+00
U-0094,T-028,0,3,0,0,0,2026-03-28 22:40:51.879+00
U-0094,Cloud,0,0,0,0,0,2026-03-25 08:06:19.306+00
U-0094,INV-127793,0,0,0,0,0,2026-03-23 08:50:13.22+00
U-0094,user,0,0,0,0,0,2026-03-12 09:35:00.048+00
U-0094,T-015,0,3,0,0,0,2026-03-23 12:58:05.067+00
U-0094,all,0,0,0,0,0,2026-03-27 13:38:25.653+00
U-0094,true,0,0,0,0,0,2026-03-21 11:41:20.292+00
U-0094,T-026,0,6,0,0,0,2026-03-27 07:07:04.178+00
U-0094,chatbot_room,0,0,0,0,0,2026-03-28 17:53:44.378+00
U-0094,/chat,0,0,0,0,0,2026-03-28 12:37:59.156+00
U-0094,/team/T-030/manage,0,0,0,0,0,2026-03-28 12:28:27.336+00
U-0094,Team-U-0094-778,0,0,0,0,0,2026-03-10 13:01:18.26+00
U-0094,/team/T-009/manage,0,0,0,0,0,2026-03-15 13:04:59.005+00
U-0094,T-017,0,1,0,1,0,2026-03-27 14:01:24.653+00
U-0094,hack-9-1,3,4,1,1,1,2026-03-27 13:58:35.781+00
U-0094,INV-950107,0,0,0,0,0,2026-03-12 04:33:42.418+00
U-0094,hack-7-1,6,9,0,0,0,2026-03-28 05:06:41.65+00
U-0094,T-005,0,4,0,0,0,2026-03-27 01:33:07.469+00
U-0094,hack-3,7,8,0,1,1,2026-03-28 10:51:19.654+00
U-0094,/submit/hack-3,0,0,0,0,0,2026-03-24 01:52:11.713+00
U-0094,/profile/notifications,0,0,0,0,0,2026-03-28 14:26:17.257+00
U-0094,INV-532259,0,0,0,0,0,2026-03-02 09:49:29.019+00
U-0094,/team/T-008/manage,0,0,0,0,0,2026-03-20 13:30:34.452+00
U-0094,INV-134083,0,0,0,0,0,2026-03-18 12:26:00.392+00
U-0094,Team-U-0094-324,0,0,0,0,0,2026-03-26 08:31:48.158+00
U-0094,hack-5-1,0,1,0,0,0,2026-03-28 22:38:51.879+00
U-0094,hack-2-2,3,3,1,0,1,2026-03-26 08:24:01.158+00
U-0094,T-6880,0,0,0,0,0,2026-03-10 13:02:34.26+00
U-0094,open,0,0,0,0,0,2026-03-19 03:12:08.102+00
U-0094,INV-738119,0,0,0,0,0,2026-03-12 12:06:03.396+00
U-0094,/submit/hack-4,0,0,0,0,0,2026-03-21 10:19:47.778+00
U-0094,T-002,0,1,0,1,0,2026-03-27 06:37:39.681+00
U-0094,/team/T-001/manage,0,0,0,0,0,2026-03-26 17:39:39.138+00
U-0094,hack-3-1,0,0,0,0,0,2026-03-26 14:41:54.208+00
U-0094,/team/T-010/manage,0,0,0,0,0,2026-03-04 12:09:02.292+00
U-0094,T-012,0,0,0,1,0,2026-03-12 04:35:21.418+00
U-0094,T-019,0,4,0,1,0,2026-03-27 07:15:41.178+00
U-0094,/team/T-017/manage,0,0,0,0,0,2026-03-16 10:21:27.053+00
U-0094,/team/T-013/manage,0,0,0,0,0,2026-03-03 13:03:14.448+00
U-0094,closed,0,0,0,0,0,2026-03-27 09:14:41.653+00
U-0094,false,0,0,0,0,0,2026-03-23 07:29:48.536+00
U-0094,hack-5,5,9,0,0,0,2026-03-27 13:40:06.781+00
U-0094,T-007,0,5,0,1,0,2026-03-24 05:01:46.817+00
U-0094,hack-10-1,5,6,1,0,0,2026-03-22 04:05:25.603+00
U-0095,hack-10-1,4,5,1,1,0,2026-03-26 08:52:40.198+00
U-0095,hack-2,3,2,0,0,1,2026-03-27 10:53:40.811+00
U-0095,Web,0,0,0,0,0,2026-03-21 13:54:27.456+00
U-0095,T-029,0,2,0,1,0,2026-03-23 02:27:08.074+00
U-0095,hack-13,1,1,0,0,0,2026-03-11 13:31:12.664+00
U-0095,T-016,0,1,0,0,0,2026-03-19 09:40:10.338+00
U-0095,Team-U-0095-951,0,0,0,0,0,2026-03-21 03:55:58.373+00
U-0095,T-011,0,3,0,0,0,2026-03-27 11:19:29.878+00
U-0095,hack-3,3,3,1,1,0,2026-03-28 15:24:08.002+00
U-0095,/team/T-027/manage,0,0,0,0,0,2026-03-28 06:00:38.096+00
U-0095,hack-6,4,7,0,0,0,2026-03-22 18:01:03.425+00
U-0095,open,0,0,0,0,0,2026-03-17 06:50:29.164+00
U-0095,T-030,0,10,0,0,0,2026-03-27 17:16:32.538+00
U-0095,fallback-team_member_kick,0,0,0,0,0,2026-03-07 14:30:49.29+00
U-0095,T-002,0,1,0,0,0,2026-03-08 03:21:12.373+00
U-0095,INV-721481,0,0,0,0,0,2026-03-24 10:02:55.716+00
U-0095,T-004,0,1,0,1,0,2026-03-12 10:10:12.362+00
U-0095,/team/T-010/manage,0,0,0,0,0,2026-03-21 11:17:24.353+00
U-0095,T-001,0,1,0,0,0,2026-03-28 21:11:30.207+00
U-0095,hack-10,1,1,1,0,0,2026-03-26 14:18:26.548+00
U-0095,team,0,0,0,0,0,2026-03-24 03:40:15.162+00
U-0095,T-007,0,3,0,1,0,2026-03-25 12:52:17.693+00
U-0095,AI,0,0,0,0,0,2026-03-22 17:45:03.425+00
U-0095,ended,0,0,0,0,0,2026-03-26 14:07:14.548+00
U-0095,hack-5-1,2,2,0,0,0,2026-03-23 10:48:14.666+00
U-0095,T-6643,0,0,0,0,0,2026-03-12 14:13:50.804+00
U-0095,hack-9-1,0,4,0,0,0,2026-03-28 15:19:48.002+00
U-0095,Team-U-0095-589,0,0,0,0,0,2026-03-27 11:13:14.811+00
U-0095,/team/T-030/manage,0,0,0,0,0,2026-03-16 02:45:31.096+00
U-0095,T-010,0,1,0,0,0,2026-03-21 11:18:26.353+00
U-0095,/team/T-011/manage,0,0,0,0,0,2026-03-14 14:00:40.746+00
U-0095,hack-5-2,4,3,0,1,1,2026-03-25 11:28:46.739+00
U-0095,T-008,0,3,0,0,0,2026-03-27 11:00:56.878+00
U-0095,/submit/hack-6,0,0,0,0,0,2026-03-08 03:21:38.594+00
U-0095,/submit/hack-5-2,0,0,0,0,0,2026-03-25 11:25:08.739+00
U-0095,hack-8,2,1,1,0,0,2026-03-28 13:00:59.635+00
U-0095,hack-4,4,4,1,0,1,2026-03-26 00:01:05.085+00
U-0095,T-2107,0,0,0,0,0,2026-03-26 09:34:21.198+00
U-0095,T-012,0,0,0,0,0,2026-03-21 11:30:04.772+00
U-0095,INV-874905,0,0,0,0,0,2026-03-09 04:07:43.85+00
U-0095,T-018,0,1,0,0,0,2026-03-27 09:11:01.579+00
U-0095,user,0,0,0,0,0,2026-03-22 09:58:28.593+00
U-0095,fallback-team_create,0,0,0,0,0,2026-03-22 10:02:08.593+00
U-0095,/team/T-017/manage,0,0,0,0,0,2026-03-07 06:14:37.09+00
U-0095,/team/T-005/manage,0,0,0,0,0,2026-03-10 10:53:50.889+00
U-0095,Blockchain,0,0,0,0,0,2026-03-06 07:38:36.158+00
U-0095,Cloud,0,0,0,0,0,2026-03-26 14:00:07.627+00
U-0095,/matcher,0,0,0,0,0,2026-03-24 03:39:51.162+00
U-0095,hack-7-1,3,4,0,0,0,2026-03-26 14:09:57.548+00
U-0095,hack-15,0,1,0,0,0,2026-03-09 13:25:09.24+00
U-0095,T-005,0,0,0,0,0,2026-03-22 13:32:32.201+00
U-0095,/hackathons,0,0,0,0,0,2026-03-28 12:54:30.635+00
U-0095,/team/T-015/manage,0,0,0,0,0,2026-03-10 14:26:23.344+00
U-0095,T-006,0,2,0,0,0,2026-03-26 10:55:38.548+00
U-0095,INV-166739,0,0,0,0,0,2026-03-25 12:49:28.693+00
U-0095,hack-2-2,1,3,0,0,0,2026-03-26 14:11:36.627+00
U-0095,hack-4-2,2,1,1,0,0,2026-03-27 10:59:05.878+00
U-0095,/camp,0,0,0,0,0,2026-03-27 17:11:59.538+00
U-0095,T-014,0,0,0,0,0,2026-03-19 10:52:24.233+00
U-0095,/team/T-028/manage,0,0,0,0,0,2026-03-14 10:29:08.238+00
U-0095,/chat,0,0,0,0,0,2026-03-28 11:49:32.441+00
U-0095,Team-U-0095-738,0,0,0,0,0,2026-03-26 09:32:40.198+00
U-0095,false,0,0,0,0,0,2026-03-24 03:42:09.162+00
U-0095,true,0,0,0,0,0,2026-03-23 06:23:31.787+00
U-0095,all,0,0,0,0,0,2026-03-27 17:12:42.538+00
U-0095,Team-U-0095-678,0,0,0,0,0,2026-03-09 20:52:00.666+00
U-0095,T-009,0,1,0,0,0,2026-03-26 09:19:51.198+00
U-0095,Team-U-0095-939,0,0,0,0,0,2026-03-16 02:16:18.01+00
U-0095,hack-11,1,1,0,0,0,2026-03-22 18:00:15.425+00
U-0095,hack-2-1,0,1,0,0,0,2026-03-21 01:08:09.168+00
U-0095,hackathons_list,0,0,0,0,0,2026-03-28 15:17:37.002+00
U-0095,T-017,0,3,0,0,0,2026-03-27 11:16:48.878+00
U-0095,/team/T-002/manage,0,0,0,0,0,2026-03-04 06:24:52.322+00
U-0095,T-2189,0,0,0,0,0,2026-03-16 02:17:10.01+00
U-0095,/submit/hack-2,0,0,0,0,0,2026-03-22 10:42:45.11+00
U-0095,hack-6-2,6,5,0,0,0,2026-03-24 09:02:52.662+00
U-0095,T-028,0,7,0,0,0,2026-03-28 21:24:59.562+00
U-0095,INV-859111,0,0,0,0,0,2026-03-22 06:29:10.042+00
U-0095,INV-923940,0,0,0,0,0,2026-03-23 11:03:30.538+00
U-0095,/submit/hack-3-2,0,0,0,0,0,2026-03-21 12:15:11.363+00
U-0095,T-2174,0,0,0,0,0,2026-03-26 14:02:39.335+00
U-0095,Data,0,0,0,0,0,2026-03-23 12:19:07.591+00
U-0095,hack-5,4,4,0,1,0,2026-03-23 13:25:29.688+00
U-0095,hack-3-2,3,5,1,1,1,2026-03-22 17:57:06.425+00
U-0095,Team-U-0095-551,0,0,0,0,0,2026-03-21 14:52:24.444+00
U-0095,INV-101769,0,0,0,0,0,2026-03-19 09:49:49.643+00
U-0095,INV-472701,0,0,0,0,0,2026-03-12 10:09:57.362+00
U-0095,chatbot_room,0,0,0,0,0,2026-03-28 11:52:55.441+00
U-0095,/profile/notifications,0,0,0,0,0,2026-03-28 21:24:29.562+00
U-0095,T-3442,0,0,0,0,0,2026-03-21 11:36:52.772+00
U-0095,/submit/hack-4,0,0,0,0,0,2026-03-11 03:09:30.024+00
U-0095,INV-120470,0,0,0,0,0,2026-03-05 03:34:28.632+00
U-0095,/team/T-001/manage,0,0,0,0,0,2026-03-28 21:06:23.207+00
U-0095,ongoing,0,0,0,0,0,2026-03-28 12:55:01.635+00
U-0095,Team-U-0095-461,0,0,0,0,0,2026-03-21 11:35:47.772+00
U-0095,hack-12,1,2,0,0,0,2026-03-26 14:06:52.627+00
U-0095,/team/T-016/manage,0,0,0,0,0,2026-03-11 09:57:48.838+00
U-0095,T-6162,0,0,0,0,0,2026-03-09 20:52:49.666+00
U-0095,T-003,0,3,0,0,0,2026-03-10 05:19:36.669+00
U-0095,/team/T-014/manage,0,0,0,0,0,2026-03-19 10:51:08.233+00
U-0095,T-015,0,4,0,0,0,2026-03-26 14:01:54.335+00
U-0095,Team-U-0095-669,0,0,0,0,0,2026-03-25 10:23:07.028+00
U-0095,T-026,0,9,0,0,0,2026-03-27 11:12:45.811+00
U-0095,Team-U-0095-281,0,0,0,0,0,2026-03-26 14:02:09.335+00
U-0095,hack-8-1,1,2,1,0,0,2026-03-22 10:01:18.593+00
U-0095,T-020,0,5,0,1,0,2026-03-25 03:27:07.706+00
U-0095,closed,0,0,0,0,0,2026-03-26 13:56:37.335+00
U-0095,T-027,0,7,0,0,0,2026-03-28 06:01:44.096+00
U-0095,T-013,0,2,0,0,0,2026-03-24 03:43:59.162+00
U-0096,hack-8-1,2,2,0,0,0,2026-03-26 13:32:53.727+00
U-0096,T-010,0,1,0,0,0,2026-03-23 07:43:45.624+00
U-0096,T-014,0,0,0,0,0,2026-02-27 22:10:39+00
U-0096,hack-3-2,3,3,0,1,0,2026-03-26 13:24:54.727+00
U-0096,/submit/hack-4,0,0,0,0,0,2026-03-20 09:46:58.512+00
U-0096,/submit/hack-5,0,0,0,0,0,2026-03-11 11:29:47.376+00
U-0096,/team/T-016/manage,0,0,0,0,0,2026-03-26 02:05:04.301+00
U-0096,T-029,0,4,0,0,0,2026-03-23 13:22:27.485+00
U-0096,Team-U-0096-978,0,0,0,0,0,2026-03-28 20:25:52.551+00
U-0096,/camp,0,0,0,0,0,2026-03-26 13:40:10.495+00
U-0096,fallback-team_request_cancel,0,0,0,0,0,2026-03-25 12:40:31.65+00
U-0096,INV-106549,0,0,0,0,0,2026-03-08 02:41:54.691+00
U-0096,T-008,0,1,0,0,0,2026-03-23 11:09:14.186+00
U-0096,T-009,0,2,0,0,0,2026-03-23 02:42:49.233+00
U-0096,hack-6,3,5,0,0,0,2026-03-24 14:32:37.619+00
U-0096,/submit/hack-5-2,0,0,0,0,0,2026-03-26 10:12:16.322+00
U-0096,/team/T-029/manage,0,0,0,0,0,2026-03-14 10:51:09.339+00
U-0096,hack-7-1,4,5,0,1,0,2026-03-25 12:17:52.65+00
U-0096,T-006,0,1,0,0,0,2026-03-25 02:56:58.641+00
U-0096,T-005,0,2,0,0,0,2026-03-25 13:08:57.792+00
U-0096,T-018,0,2,0,1,0,2026-03-25 12:34:15.65+00
U-0096,/profile/notifications,0,0,0,0,0,2026-03-23 12:37:35.221+00
U-0096,/team/T-008/manage,0,0,0,0,0,2026-03-23 11:08:29.186+00
U-0096,hack-2-1,1,0,0,0,0,2026-03-20 14:09:39.527+00
U-0096,hack-2,2,5,0,0,0,2026-03-26 13:41:30.495+00
U-0096,T-011,0,2,0,1,0,2026-03-28 20:24:27.551+00
U-0096,T-013,0,0,0,0,0,2026-03-25 02:57:17.641+00
U-0096,INV-233099,0,0,0,0,0,2026-03-13 21:49:56.115+00
U-0096,/matcher,0,0,0,0,0,2026-03-24 10:36:46.024+00
U-0096,T-020,0,0,0,0,0,2026-03-25 12:40:30.65+00
U-0096,T-002,0,1,0,0,0,2026-03-24 04:38:58.716+00
U-0096,ended,0,0,0,0,0,2026-03-21 13:50:18.393+00
U-0096,Web,0,0,0,0,0,2026-03-22 05:03:34.45+00
U-0096,/team/T-026/manage,0,0,0,0,0,2026-02-28 13:05:50.024+00
U-0096,hack-3-1,0,1,0,0,0,2026-03-19 09:55:10.837+00
U-0096,hack-5,4,6,0,0,1,2026-03-24 18:27:50.553+00
U-0096,hackathons_list,0,0,0,0,0,2026-03-26 13:20:18.727+00
U-0096,T-015,0,2,0,1,0,2026-03-20 03:19:47.414+00
U-0096,T-030,0,10,0,1,0,2026-03-28 20:13:53.551+00
U-0096,/hackathons,0,0,0,0,0,2026-03-25 14:35:55.73+00
U-0096,INV-778703,0,0,0,0,0,2026-03-03 12:56:29.394+00
U-0096,hack-15,0,0,0,0,0,2026-03-25 09:11:06.452+00
U-0096,T-019,0,1,0,1,0,2026-03-25 12:20:34.65+00
U-0096,INV-662892,0,0,0,0,0,2026-03-11 14:02:42.873+00
U-0096,/submit/hack-8-1,0,0,0,0,0,2026-03-02 16:36:37.309+00
U-0096,hack-12,1,1,0,0,0,2026-03-24 13:46:30.647+00
U-0096,Team-U-0096-906,0,0,0,0,0,2026-03-25 13:32:42.792+00
U-0096,T-012,0,0,0,0,0,2026-03-23 03:11:21.233+00
U-0096,team,0,0,0,0,0,2026-03-24 10:38:08.024+00
U-0096,Data,0,0,0,0,0,2026-03-08 08:22:49.278+00
U-0096,/team/T-028/manage,0,0,0,0,0,2026-03-19 10:32:47.096+00
U-0096,hack-10-1,6,8,0,1,0,2026-03-25 14:44:48.73+00
U-0096,fallback-team_member_kick,0,0,0,0,0,2026-03-23 11:09:32.186+00
U-0096,T-016,0,0,0,0,0,2026-02-28 14:17:49+00
U-0096,T-017,0,1,0,0,0,2026-03-02 13:48:48.879+00
U-0096,T-003,0,3,0,0,0,2026-03-24 10:41:20.024+00
U-0096,hack-4,3,3,1,0,0,2026-03-21 14:06:45.393+00
U-0096,user,0,0,0,0,0,2026-03-26 13:35:06.737+00
U-0096,/team/T-001/manage,0,0,0,0,0,2026-03-14 14:36:04.037+00
U-0096,hack-7,2,3,0,0,0,2026-03-24 11:25:30.103+00
U-0096,Team-U-0096-891,0,0,0,0,0,2026-03-19 14:59:59.999+00
U-0096,hack-9,3,3,0,0,0,2026-03-22 21:55:34.84+00
U-0096,hack-2-2,4,6,0,1,0,2026-03-25 02:56:02.641+00
U-0096,T-004,0,2,0,1,0,2026-03-20 05:21:16.61+00
U-0096,Blockchain,0,0,0,0,0,2026-03-23 10:04:46.539+00
U-0096,/team/T-009/manage,0,0,0,0,0,2026-03-21 10:55:01.635+00
U-0096,T-001,0,2,0,1,0,2026-03-24 04:28:07.716+00
U-0096,T-007,0,2,0,0,0,2026-03-20 09:20:42+00
U-0096,fallback-card_click,0,0,0,0,0,2026-03-18 01:41:59.412+00
U-0096,all,0,0,0,0,0,2026-03-25 14:37:06.73+00
U-0096,chatbot_room,0,0,0,0,0,2026-03-26 11:07:21.369+00
U-0096,false,0,0,0,0,0,2026-02-28 05:53:03.29+00
U-0096,hack-5-2,2,3,0,1,1,2026-03-26 13:21:27.727+00
U-0096,hack-3,2,5,0,0,0,2026-03-26 13:33:39.727+00
U-0096,T-028,0,6,0,1,0,2026-03-26 14:05:38.136+00
U-0096,ongoing,0,0,0,0,0,2026-03-25 09:05:09.452+00
U-0096,T-026,0,5,0,0,0,2026-03-26 14:07:56.495+00
U-0096,open,0,0,0,0,0,2026-03-02 10:00:51.496+00
U-0096,INV-449216,0,0,0,0,0,2026-03-17 13:10:52.368+00
U-0096,/chat,0,0,0,0,0,2026-03-26 11:03:25.369+00
U-0096,AI,0,0,0,0,0,2026-03-24 13:30:03.647+00
U-0096,hack-4-1,0,0,0,0,0,2026-03-24 04:19:28.716+00
U-0096,hack-4-2,1,1,0,0,0,2026-03-28 20:10:17.551+00
U-0096,hack-10,1,2,0,0,0,2026-03-26 13:26:45.727+00
U-0096,hack-6-2,6,7,0,1,0,2026-03-25 07:20:30.618+00
U-0096,Team-U-0096-506,0,0,0,0,0,2026-03-19 07:29:56.091+00
U-0096,hack-9-1,5,5,1,0,0,2026-03-25 14:50:01.73+00
U-0096,Cloud,0,0,0,0,0,2026-03-25 14:38:25.73+00
U-0096,/team/T-013/manage,0,0,0,0,0,2026-03-20 10:32:43.363+00
U-0096,INV-782583,0,0,0,0,0,2026-03-17 09:33:20.257+00
U-0096,T-027,0,6,0,1,0,2026-03-25 13:30:56.792+00
U-0096,INV-905333,0,0,0,0,0,2026-03-17 13:37:17.692+00
U-0096,hack-11,1,1,0,0,0,2026-03-11 10:51:04.809+00
U-0096,closed,0,0,0,0,0,2026-03-24 14:31:55.619+00
U-0097,T-030,0,3,0,0,0,2026-03-28 13:27:55.849+00
U-0097,hack-8,2,5,0,0,0,2026-03-28 12:49:17.219+00
U-0097,hack-6,4,5,0,1,0,2026-03-26 14:30:49.857+00
U-0097,hack-9-1,4,10,0,0,0,2026-03-27 10:30:49.561+00
U-0097,Team-U-0097-556,0,0,0,0,0,2026-03-07 09:18:12.453+00
U-0097,hack-3,7,9,1,0,0,2026-03-19 12:46:11.789+00
U-0097,hack-10,1,1,0,0,0,2026-03-27 14:05:36.48+00
U-0097,T-3591,0,0,0,0,0,2026-03-07 09:18:47.453+00
U-0097,hack-7,1,2,0,0,0,2026-03-09 16:49:08.34+00
U-0097,/chat,0,0,0,0,0,2026-03-26 03:48:17.661+00
U-0097,hack-5-2,7,10,1,0,0,2026-03-28 13:32:11.212+00
U-0097,Team-U-0097-456,0,0,0,0,0,2026-03-16 12:22:46.801+00
U-0097,/camp,0,0,0,0,0,2026-03-28 12:48:06.219+00
U-0097,team,0,0,0,0,0,2026-03-26 12:24:05.316+00
U-0097,T-007,0,2,0,0,0,2026-03-21 09:14:14.051+00
U-0097,hack-12,1,1,1,0,0,2026-03-12 14:00:54.015+00
U-0097,INV-226381,0,0,0,0,0,2026-03-22 08:21:08.31+00
U-0097,hack-4-2,2,4,1,0,0,2026-03-28 13:27:43.212+00
U-0097,chatbot_room,0,0,0,0,0,2026-03-27 07:43:57.541+00
U-0097,hack-13,0,1,0,0,0,2026-03-28 09:31:35.623+00
U-0097,ongoing,0,0,0,0,0,2026-03-27 10:27:08.561+00
U-0097,/profile/notifications,0,0,0,0,0,2026-03-28 12:24:01.854+00
U-0097,closed,0,0,0,0,0,2026-03-28 12:32:06.343+00
U-0097,/team/T-011/manage,0,0,0,0,0,2026-03-23 06:43:52.097+00
U-0097,/team/T-016/manage,0,0,0,0,0,2026-03-13 14:41:12.66+00
U-0097,hack-2-1,0,2,0,0,0,2026-03-28 09:29:52.623+00
U-0097,notification_panel,0,0,0,0,0,2026-03-21 14:10:24.542+00
U-0097,INV-203078,0,0,0,0,0,2026-03-20 11:59:58.89+00
U-0097,T-012,0,3,0,0,0,2026-03-25 05:19:12.775+00
U-0097,/team/T-026/manage,0,0,0,0,0,2026-03-17 14:07:38.455+00
U-0097,INV-266363,0,0,0,0,0,2026-03-25 13:21:11.72+00
U-0097,T-003,0,2,0,0,0,2026-03-11 14:36:52.6+00
U-0097,/team/T-029/manage,0,0,0,0,0,2026-03-11 06:43:16.727+00
U-0097,T-019,0,0,0,0,0,2026-03-10 09:27:53.726+00
U-0097,hack-5,6,6,0,0,0,2026-03-28 12:33:46.343+00
U-0097,/team/T-028/manage,0,0,0,0,0,2026-03-10 12:25:18.296+00
U-0097,fallback-hackathon_interest_toggle,0,0,0,0,0,2026-03-08 10:08:08.275+00
U-0097,true,0,0,0,0,0,2026-03-25 11:44:38.067+00
U-0097,Team-U-0097-931,0,0,0,0,0,2026-03-22 13:05:25.466+00
U-0097,T-008,0,1,0,0,0,2026-03-23 14:43:44.042+00
U-0097,T-011,0,0,0,0,0,2026-03-23 06:45:44.097+00
U-0097,/submit/hack-6-2,0,0,0,0,0,2026-03-04 13:30:06.62+00
U-0097,open,0,0,0,0,0,2026-03-28 12:49:03.219+00
U-0097,T-016,0,0,0,0,0,2026-03-22 06:01:22.555+00
U-0097,hack-10-1,5,7,1,0,1,2026-03-28 13:15:59.212+00
U-0097,false,0,0,0,0,0,2026-03-18 05:27:18.702+00
U-0097,hackathons_list,0,0,0,0,0,2026-03-28 13:14:46.212+00
U-0097,T-005,0,2,0,1,0,2026-03-27 14:12:54.016+00
U-0097,hack-6-2,11,12,0,1,1,2026-03-25 10:43:42.653+00
U-0097,T-017,0,3,0,0,0,2026-03-25 04:51:40.775+00
U-0097,/submit/hack-8,0,0,0,0,0,2026-03-08 02:07:20.398+00
U-0097,T-004,0,5,0,0,0,2026-03-23 14:14:31.477+00
U-0097,fallback-matcher_profile_select,0,0,0,0,0,2026-03-10 12:27:00.296+00
U-0097,INV-185199,0,0,0,0,0,2026-03-09 13:35:47.453+00
U-0097,hack-3-1,1,1,0,0,0,2026-03-09 11:40:21.746+00
U-0097,T-020,0,1,0,1,0,2026-03-28 12:54:06.219+00
U-0097,T-013,0,1,0,1,0,2026-03-27 01:55:59.646+00
U-0097,Web,0,0,0,0,0,2026-03-17 11:14:58.179+00
U-0097,INV-516100,0,0,0,0,0,2026-03-08 02:01:29.052+00
U-0097,AI,0,0,0,0,0,2026-03-18 05:39:19.569+00
U-0097,/submit/hack-3,0,0,0,0,0,2026-03-16 12:01:03.095+00
U-0097,T-028,0,2,0,0,0,2026-03-18 07:22:59.2+00
U-0097,hack-6-1,0,1,0,0,0,2026-03-19 10:25:48.868+00
U-0097,fallback-team_create,0,0,0,0,0,2026-03-12 13:50:52.844+00
U-0097,Team-U-0097-693,0,0,0,0,0,2026-03-28 13:07:38.219+00
U-0097,/hackathons,0,0,0,0,0,2026-03-27 13:59:38.48+00
U-0097,/submit/hack-7-1,0,0,0,0,0,2026-03-28 05:59:49.327+00
U-0097,hack-4,6,10,0,0,0,2026-03-27 10:36:16.561+00
U-0097,/team/T-017/manage,0,0,0,0,0,2026-03-21 11:03:25.85+00
U-0097,all,0,0,0,0,0,2026-03-28 13:13:19.212+00
U-0097,/submit/hack-10-1,0,0,0,0,0,2026-03-04 11:57:47.101+00
U-0097,hack-7-1,13,23,0,1,0,2026-03-27 10:32:13.561+00
U-0097,hack-2,4,7,0,0,0,2026-03-28 13:21:29.212+00
U-0097,INV-981771,0,0,0,0,0,2026-03-23 13:06:38.326+00
U-0097,/team/T-009/manage,0,0,0,0,0,2026-03-19 01:42:10.296+00
U-0097,hack-14,0,0,0,0,0,2026-03-23 14:08:02.477+00
U-0097,/submit/hack-4,0,0,0,0,0,2026-03-23 14:39:12.706+00
U-0097,T-2626,0,0,0,0,0,2026-03-16 12:23:56.801+00
U-0097,INV-471189,0,0,0,0,0,2026-03-27 01:55:46.646+00
U-0097,fallback-team_detail_dwell,0,0,0,0,0,2026-03-19 09:14:20.365+00
U-0097,T-018,0,3,0,0,0,2026-03-16 01:31:37.53+00
U-0097,T-014,0,1,0,0,0,2026-03-09 09:43:50.547+00
U-0097,hack-3-2,4,7,0,0,1,2026-03-27 14:03:00.48+00
U-0097,ended,0,0,0,0,0,2026-03-27 04:57:08.765+00
U-0097,hack-5-1,0,0,0,0,0,2026-03-12 14:01:30.015+00
U-0097,/team/T-005/manage,0,0,0,0,0,2026-03-20 02:47:15.367+00
U-0097,T-015,0,2,0,0,0,2026-03-22 13:26:16.245+00
U-0097,T-026,0,4,0,1,0,2026-03-21 13:08:58.509+00
U-0097,hack-9,0,1,0,0,0,2026-03-25 10:49:04.653+00
U-0097,/matcher,0,0,0,0,0,2026-03-28 13:24:05.849+00
U-0097,hack-8-1,6,7,0,1,0,2026-03-25 14:52:27.167+00
U-0097,T-006,0,3,0,0,0,2026-03-25 05:10:04.775+00
U-0097,T-002,0,3,0,0,0,2026-03-28 13:06:30.219+00
U-0097,Data,0,0,0,0,0,2026-03-27 14:00:22.48+00
U-0097,T-001,0,0,0,1,0,2026-03-09 13:35:54.453+00
U-0097,T-010,0,5,0,0,0,2026-03-28 16:20:58.333+00
U-0097,T-029,0,14,0,0,0,2026-03-28 12:42:12.343+00
U-0097,/submit/hack-3-2,0,0,0,0,0,2026-03-26 09:46:53.388+00
U-0097,hack-11,0,1,0,0,0,2026-03-12 12:53:36.874+00
U-0097,hack-2-2,12,14,1,1,0,2026-03-28 13:25:59.849+00
U-0097,hack-4-1,0,0,0,0,0,2026-03-21 07:00:34.374+00
U-0097,Blockchain,0,0,0,0,0,2026-03-17 12:23:27.048+00
U-0097,/team/T-010/manage,0,0,0,0,0,2026-03-28 16:18:02.333+00
U-0097,hack-15,1,1,0,0,0,2026-03-25 11:46:37.067+00
U-0097,T-009,0,3,0,0,0,2026-03-26 12:26:23.316+00
U-0097,T-1191,0,0,0,0,0,2026-03-22 13:05:47.466+00
U-0097,fallback-recommendation_click,0,0,0,0,0,2026-03-23 14:14:53.477+00
U-0097,INV-207817,0,0,0,0,0,2026-03-22 05:58:12.555+00
U-0097,/team/T-015/manage,0,0,0,0,0,2026-03-09 10:49:04.54+00
U-0097,T-027,0,2,0,1,0,2026-03-25 13:22:49.72+00
U-0097,INV-107773,0,0,0,0,0,2026-03-11 11:01:37.647+00
U-0097,INV-487661,0,0,0,0,0,2026-03-21 14:10:19.542+00
U-0097,/team/T-008/manage,0,0,0,0,0,2026-03-23 14:39:39.042+00
U-0097,user,0,0,0,0,0,2026-03-28 09:27:53.623+00
U-0098,/matcher,0,0,0,0,0,2026-03-26 04:57:48.069+00
U-0098,false,0,0,0,0,0,2026-03-22 09:21:01.863+00
U-0098,T-026,0,2,0,0,0,2026-03-08 09:54:27.579+00
U-0098,hack-2,2,3,0,0,0,2026-03-21 07:38:44.414+00
U-0098,open,0,0,0,0,0,2026-03-22 02:56:48.542+00
U-0098,/camp,0,0,0,0,0,2026-03-26 06:31:42.144+00
U-0098,all,0,0,0,0,0,2026-03-21 06:03:57.003+00
U-0098,/profile/notifications,0,0,0,0,0,2026-03-25 09:39:00.476+00
U-0098,ongoing,0,0,0,0,0,2026-03-21 12:12:24.189+00
U-0098,user,0,0,0,0,0,2026-03-25 03:16:40.716+00
U-0098,T-028,0,4,0,0,0,2026-03-26 06:43:28.144+00
U-0098,hack-3,1,2,0,1,0,2026-03-25 13:28:53.184+00
U-0098,hack-6-2,2,2,0,0,0,2026-03-26 06:33:40.144+00
U-0098,/submit/hack-7,0,0,0,0,0,2026-03-18 11:28:43.112+00
U-0098,T-007,0,1,0,0,0,2026-03-25 14:41:44.577+00
U-0098,T-017,0,2,0,0,0,2026-03-26 14:46:44.408+00
U-0098,chatbot_room,0,0,0,0,0,2026-03-28 13:34:14.789+00
U-0098,AI,0,0,0,0,0,2026-03-22 11:48:37.141+00
U-0098,hack-8,0,0,0,0,0,2026-03-28 13:00:32.07+00
U-0098,T-014,0,1,0,0,0,2026-03-25 14:52:54.577+00
U-0098,hackathons_list,0,0,0,0,0,2026-03-22 11:49:19.141+00
U-0098,hack-4-2,0,1,0,0,0,2026-03-21 12:21:30.189+00
U-0098,hack-6-1,0,0,0,0,0,2026-03-11 10:00:04.423+00
U-0098,team,0,0,0,0,0,2026-03-26 04:59:19.069+00
U-0098,hack-6,1,1,1,0,0,2026-03-19 19:08:46.294+00
U-0098,hack-4,2,1,0,0,0,2026-03-23 13:58:39.76+00
U-0098,T-006,0,0,0,0,0,2026-03-20 08:32:37.127+00
U-0098,INV-823289,0,0,0,0,0,2026-03-25 09:40:45.476+00
U-0098,hack-10,0,0,0,0,0,2026-03-21 05:39:02.141+00
U-0098,Team-U-0098-464,0,0,0,0,0,2026-03-11 11:19:05.496+00
U-0098,T-012,0,2,0,0,0,2026-03-20 08:21:33.127+00
U-0098,Data,0,0,0,0,0,2026-03-17 07:46:14.15+00
U-0098,hack-7-1,2,2,1,1,0,2026-03-22 12:00:57.141+00
U-0098,T-030,0,1,0,0,0,2026-03-19 19:22:30.294+00
U-0098,hack-14,0,0,0,0,0,2026-03-25 03:18:17.716+00
U-0098,INV-129249,0,0,0,0,0,2026-03-17 03:37:51.608+00
U-0098,/chat,0,0,0,0,0,2026-03-28 13:31:31.789+00
U-0098,true,0,0,0,0,0,2026-03-26 04:59:44.069+00
U-0098,/submit/hack-7-1,0,0,0,0,0,2026-03-16 06:16:18.383+00
U-0098,T-005,0,0,0,1,0,2026-03-22 12:32:05.132+00
U-0098,T-001,0,0,0,0,0,2026-02-27 22:59:15+00
U-0098,ended,0,0,0,0,0,2026-03-22 11:47:30.141+00
U-0098,hack-2-2,2,2,0,0,0,2026-03-21 06:10:24.003+00
U-0098,T-004,0,0,0,0,0,2026-02-27 18:17:31+00
U-0098,T-003,0,1,0,0,0,2026-03-28 13:21:52.07+00
U-0098,T-015,0,2,0,0,0,2026-03-26 05:00:35.069+00
U-0098,INV-401352,0,0,0,0,0,2026-03-20 09:46:26.407+00
U-0098,T-018,0,0,0,0,0,2026-03-22 09:22:25.863+00
U-0098,T-019,0,0,0,0,0,2026-02-28 05:44:47+00
U-0098,T-027,0,1,0,0,0,2026-03-28 13:12:55.07+00
U-0098,hack-5-2,3,5,1,1,0,2026-03-22 02:58:06.542+00
U-0098,T-009,0,2,0,0,0,2026-03-16 13:19:22.491+00
U-0098,T-016,0,1,0,0,0,2026-03-16 13:06:56.491+00
U-0098,T-2813,0,0,0,0,0,2026-03-11 11:19:56.496+00
U-0098,/team/T-011/manage,0,0,0,0,0,2026-03-18 11:38:35.582+00
U-0098,hack-12,0,0,0,0,0,2026-03-25 03:17:40.716+00
U-0098,T-013,0,1,0,0,0,2026-03-25 12:17:44.027+00
U-0098,T-029,0,3,0,0,0,2026-03-25 11:47:50.695+00
U-0098,hack-9,1,1,0,0,0,2026-03-22 11:54:05.141+00
U-0098,T-002,0,0,0,0,0,2026-02-28 04:31:39+00
U-0098,hack-5,1,3,0,0,0,2026-03-25 11:28:34.695+00
U-0098,T-011,0,0,0,0,0,2026-03-28 13:04:33.07+00
U-0098,hack-3-2,0,0,0,0,0,2026-03-25 12:12:21.027+00
U-0098,hack-8-1,1,1,1,0,0,2026-03-22 12:03:37.141+00
U-0098,INV-676068,0,0,0,0,0,2026-03-23 13:51:58.278+00
U-0098,T-010,0,1,0,0,0,2026-03-20 08:28:19.127+00
U-0098,closed,0,0,0,0,0,2026-03-11 11:00:23.496+00
U-0098,hack-13,2,1,1,0,0,2026-03-21 09:44:28.808+00
U-0098,hack-7,0,0,0,0,1,2026-03-18 11:33:24.112+00
U-0098,/hackathons,0,0,0,0,0,2026-03-22 11:46:16.141+00
U-0098,hack-15,1,1,0,0,0,2026-03-21 07:33:54.414+00
U-0098,hack-10-1,1,3,0,0,0,2026-03-25 14:34:27.577+00
U-0099,Team-U-0099-452,0,0,0,0,0,2026-03-17 12:17:17.029+00
U-0099,hack-8,1,2,0,0,0,2026-03-26 10:17:06.13+00
U-0099,/submit/hack-2-1,0,0,0,0,0,2026-03-03 09:51:02.047+00
U-0099,Web,0,0,0,0,0,2026-03-17 14:13:57.36+00
U-0099,/chat,0,0,0,0,0,2026-03-28 14:48:42.338+00
U-0099,T-016,0,2,0,0,0,2026-03-23 04:59:01.244+00
U-0099,/team/T-004/manage,0,0,0,0,0,2026-03-10 02:05:09.7+00
U-0099,/hackathons,0,0,0,0,0,2026-03-28 12:54:26.513+00
U-0099,T-019,0,1,0,0,0,2026-03-19 06:35:04.43+00
U-0099,INV-751915,0,0,0,0,0,2026-03-16 13:01:26.434+00
U-0099,hack-11,0,0,0,0,0,2026-03-25 04:59:14.208+00
U-0099,T-028,0,4,0,0,0,2026-03-21 13:50:58.012+00
U-0099,/submit/hack-3-2,0,0,0,0,0,2026-03-25 11:39:47.463+00
U-0099,T-027,0,5,0,0,0,2026-03-22 10:41:23.396+00
U-0099,/profile/notifications,0,0,0,0,0,2026-03-25 06:31:45.816+00
U-0099,/team/T-029/manage,0,0,0,0,0,2026-03-19 07:25:24.075+00
U-0099,true,0,0,0,0,0,2026-03-28 07:29:00.065+00
U-0099,/submit/hack-2-2,0,0,0,0,0,2026-03-28 12:12:58.823+00
U-0099,/team/T-027/manage,0,0,0,0,0,2026-03-22 10:36:52.396+00
U-0099,hack-2-2,7,9,0,1,0,2026-03-28 13:09:47.513+00
U-0099,T-026,0,9,0,0,0,2026-03-19 01:42:10.487+00
U-0099,/team/T-020/manage,0,0,0,0,0,2026-03-09 01:15:03.425+00
U-0099,/submit/hack-9-1,0,0,0,0,0,2026-03-16 05:30:43.165+00
U-0099,hack-10-1,9,14,1,1,0,2026-03-28 13:06:24.513+00
U-0099,Data,0,0,0,0,0,2026-03-24 13:47:09.411+00
U-0099,T-2427,0,0,0,0,0,2026-03-14 12:24:38.621+00
U-0099,/submit/hack-4,0,0,0,0,0,2026-03-27 06:18:53.494+00
U-0099,T-018,0,3,0,0,0,2026-03-28 14:41:50.676+00
U-0099,T-003,0,1,0,0,0,2026-03-19 01:21:04.487+00
U-0099,hack-2-1,0,0,0,0,0,2026-03-19 13:31:04.852+00
U-0099,hack-4-2,10,12,1,1,1,2026-03-26 07:15:39.041+00
U-0099,/team/T-002/manage,0,0,0,0,0,2026-03-17 14:38:48.256+00
U-0099,T-008,0,0,0,0,0,2026-03-28 07:31:50.065+00
U-0099,T-009,0,1,0,0,0,2026-03-17 14:59:59.999+00
U-0099,T-029,0,6,0,0,0,2026-03-26 17:44:05.569+00
U-0099,hack-6-2,2,3,0,0,0,2026-03-28 13:02:20.513+00
U-0099,fallback-team_recruit_toggle,0,0,0,0,0,2026-03-12 14:03:16.109+00
U-0099,hack-5-1,0,0,0,0,0,2026-03-26 09:41:22.12+00
U-0099,/team/T-015/manage,0,0,0,0,0,2026-03-17 04:25:00.891+00
U-0099,T-002,0,2,0,0,0,2026-03-27 07:57:22.796+00
U-0099,T-020,0,1,0,0,0,2026-03-21 12:24:02.522+00
U-0099,closed,0,0,0,0,0,2026-03-25 07:44:13.893+00
U-0099,hack-2,3,6,1,0,1,2026-03-28 10:40:38.796+00
U-0099,hack-9,0,0,0,0,0,2026-03-23 04:52:56.244+00
U-0099,/submit/hack-5,0,0,0,0,0,2026-03-03 12:54:34.695+00
U-0099,hack-12,0,0,0,0,0,2026-03-17 14:59:59.999+00
U-0099,hack-3-1,2,3,0,0,0,2026-03-26 10:16:39.861+00
U-0099,T-8031,0,0,0,0,0,2026-03-23 14:19:57.653+00
U-0099,Team-U-0099-437,0,0,0,0,0,2026-03-07 11:48:27.869+00
U-0099,T-007,0,2,0,0,0,2026-03-23 06:06:27.321+00
U-0099,/matcher,0,0,0,0,0,2026-03-28 14:37:46.676+00
U-0099,/submit/hack-2,0,0,0,0,0,2026-03-26 06:22:33.022+00
U-0099,user,0,0,0,0,0,2026-03-26 09:35:50.12+00
U-0099,T-001,0,3,0,0,0,2026-03-25 11:08:24.47+00
U-0099,hack-8-1,6,9,0,0,0,2026-03-26 04:14:36.108+00
U-0099,hack-5-2,4,6,0,1,0,2026-03-26 13:04:33.819+00
U-0099,/submit/hack-4-2,0,0,0,0,0,2026-03-25 05:06:10.293+00
U-0099,hack-4-1,2,3,0,0,0,2026-03-26 04:13:03.108+00
U-0099,hack-13,1,2,1,0,0,2026-03-19 13:29:19.852+00
U-0099,T-010,0,5,0,0,0,2026-03-27 14:18:57.892+00
U-0099,/team/T-005/manage,0,0,0,0,0,2026-03-26 13:15:11.087+00
U-0099,/camp,0,0,0,0,0,2026-03-26 17:32:20.569+00
U-0099,INV-375424,0,0,0,0,0,2026-03-23 14:47:09.289+00
U-0099,open,0,0,0,0,0,2026-03-25 10:54:49.47+00
U-0099,/team/T-026/manage,0,0,0,0,0,2026-03-05 11:12:40.518+00
U-0099,team,0,0,0,0,0,2026-03-28 14:39:05.676+00
U-0099,/team/T-018/manage,0,0,0,0,0,2026-03-28 09:57:36.193+00
U-0099,Blockchain,0,0,0,0,0,2026-03-25 13:53:48.682+00
U-0099,T-4619,0,0,0,0,0,2026-03-07 11:50:11.869+00
U-0099,hack-3,3,5,1,0,1,2026-03-28 10:34:53.796+00
U-0099,T-005,0,4,0,0,0,2026-03-26 13:17:11.087+00
U-0099,T-017,0,1,0,0,0,2026-03-28 14:42:39.676+00
U-0099,Cloud,0,0,0,0,0,2026-03-26 04:08:24.108+00
U-0099,false,0,0,0,0,0,2026-03-19 10:18:13.398+00
U-0099,INV-466742,0,0,0,0,0,2026-03-13 12:11:31.487+00
U-0099,/team/T-019/manage,0,0,0,0,0,2026-03-11 14:36:54.415+00
U-0099,ongoing,0,0,0,0,0,2026-03-28 10:29:27.796+00
U-0099,hack-15,3,2,0,0,0,2026-03-26 13:13:37.819+00
U-0099,Team-U-0099-907,0,0,0,0,0,2026-03-21 12:50:29.392+00
U-0099,hack-5,4,7,0,1,1,2026-03-26 17:35:14.569+00
U-0099,all,0,0,0,0,0,2026-03-28 12:54:31.513+00
U-0099,hack-14,1,2,0,0,0,2026-03-25 14:02:05.682+00
U-0099,hack-4,4,5,0,0,1,2026-03-28 14:40:56.676+00
U-0099,T-4572,0,0,0,0,0,2026-03-21 12:52:02.392+00
U-0099,T-011,0,3,0,0,0,2026-03-25 12:23:13.092+00
U-0099,/submit/hack-3-1,0,0,0,0,0,2026-03-07 03:32:26.388+00
U-0099,AI,0,0,0,0,0,2026-03-19 09:42:05.635+00
U-0099,T-012,0,1,0,0,0,2026-03-23 14:19:15.653+00
U-0099,fallback-page_view,0,0,0,0,0,2026-03-13 13:16:18.767+00
U-0099,T-006,0,3,0,0,0,2026-03-28 07:29:20.065+00
U-0099,chatbot_room,0,0,0,0,0,2026-03-28 14:50:38.338+00
U-0099,hack-7-1,9,10,0,0,0,2026-03-28 13:04:10.513+00
U-0099,T-004,0,0,0,0,0,2026-03-25 05:19:11.208+00
U-0099,/team/T-028/manage,0,0,0,0,0,2026-03-19 12:32:19.148+00
U-0099,Team-U-0099-170,0,0,0,0,0,2026-03-14 12:23:30.621+00
U-0099,hackathons_list,0,0,0,0,0,2026-03-28 12:56:23.513+00
U-0099,fallback-team_request_review,0,0,0,0,0,2026-03-28 10:40:45.796+00
U-0099,ended,0,0,0,0,0,2026-03-26 07:12:35.041+00
U-0099,hack-9-1,2,6,0,0,0,2026-03-28 07:28:26.065+00
U-0099,T-013,0,3,0,0,0,2026-03-23 14:08:18.653+00
U-0099,hack-6,5,7,0,0,0,2026-03-26 10:12:22.13+00
U-0099,T-014,0,3,0,0,0,2026-03-27 14:27:21.892+00
U-0099,/team/T-016/manage,0,0,0,0,0,2026-03-08 13:56:26.23+00
U-0099,hack-7,0,0,0,0,0,2026-03-09 04:20:07.707+00
U-0099,hack-3-2,12,15,0,0,1,2026-03-27 13:55:21.892+00
U-0099,fallback-team_filter,0,0,0,0,0,2026-03-16 12:55:14.052+00
U-0099,T-030,0,5,0,0,0,2026-03-26 03:52:46.554+00
U-0099,T-015,0,1,0,0,0,2026-03-28 07:33:01.065+00
U-0099,hack-6-1,2,2,1,0,0,2026-03-28 13:00:11.513+00
U-0100,team,0,0,0,0,0,2026-03-21 14:20:42.175+00
U-0100,T-029,0,7,0,0,0,2026-03-24 09:19:54.558+00
U-0100,T-019,0,0,0,0,0,2026-03-28 12:04:50.497+00
U-0100,fallback-hackathon_view,0,0,0,0,0,2026-03-28 02:23:00.414+00
U-0100,T-006,0,0,0,0,0,2026-03-16 11:29:39.876+00
U-0100,Data,0,0,0,0,0,2026-03-27 09:23:41.857+00
U-0100,hack-6-2,4,4,1,0,0,2026-03-28 02:04:12.852+00
U-0100,hack-12,1,1,0,0,0,2026-03-17 01:46:56.519+00
U-0100,hack-3-2,6,6,1,0,0,2026-03-28 01:53:08.852+00
U-0100,hack-2-1,0,0,0,0,0,2026-03-14 14:57:53.61+00
U-0100,/matcher,0,0,0,0,0,2026-03-28 02:17:56.414+00
U-0100,T-028,0,10,0,0,0,2026-03-23 10:52:34.876+00
U-0100,/submit/hack-4,0,0,0,0,0,2026-03-18 00:46:27.27+00
U-0100,T-013,0,4,0,0,0,2026-03-28 14:28:22.347+00
U-0100,hack-13,0,1,0,0,0,2026-03-24 14:50:31.124+00
U-0100,hack-10,2,2,0,0,0,2026-03-24 14:47:19.124+00
U-0100,T-017,0,0,0,0,0,2026-03-27 11:32:36.46+00
U-0100,false,0,0,0,0,0,2026-03-16 02:19:53.703+00
U-0100,Web,0,0,0,0,0,2026-03-26 01:04:47.032+00
U-0100,hack-7,1,1,0,0,0,2026-03-28 09:59:45.541+00
U-0100,T-9086,0,0,0,0,0,2026-03-07 14:48:34.707+00
U-0100,closed,0,0,0,0,0,2026-03-23 10:47:08.876+00
U-0100,/hackathons,0,0,0,0,0,2026-03-28 09:54:01.541+00
U-0100,INV-705707,0,0,0,0,0,2026-03-10 14:51:14.515+00
U-0100,true,0,0,0,0,0,2026-03-14 14:56:51.61+00
U-0100,fallback-invite_response,0,0,0,0,0,2026-03-04 12:13:28.228+00
U-0100,T-030,0,1,0,0,0,2026-03-12 03:00:39.656+00
U-0100,T-009,0,2,0,0,0,2026-03-17 11:56:10.596+00
U-0100,/chat,0,0,0,0,0,2026-03-27 10:09:13.232+00
U-0100,hack-8-1,6,8,1,1,0,2026-03-26 14:12:48.223+00
U-0100,T-011,0,0,0,0,0,2026-03-23 13:45:49.075+00
U-0100,/team/T-026/manage,0,0,0,0,0,2026-03-13 05:33:14.538+00
U-0100,ended,0,0,0,0,0,2026-03-26 14:05:03.223+00
U-0100,open,0,0,0,0,0,2026-03-19 07:30:04.572+00
U-0100,hack-4,4,6,1,0,1,2026-03-24 13:04:20.276+00
U-0100,/team/T-016/manage,0,0,0,0,0,2026-03-18 14:52:57.839+00
U-0100,T-020,0,5,0,0,0,2026-03-22 20:42:07.648+00
U-0100,Team-U-0100-576,0,0,0,0,0,2026-03-18 04:35:10.277+00
U-0100,hack-2-2,8,9,1,0,0,2026-03-27 11:22:02.204+00
U-0100,hack-11,0,1,0,0,0,2026-03-23 14:46:39.616+00
U-0100,Blockchain,0,0,0,0,0,2026-03-28 09:57:26.541+00
U-0100,T-027,0,4,0,0,0,2026-03-05 14:59:59.999+00
U-0100,hack-15,0,0,0,0,0,2026-03-14 14:58:16.61+00
U-0100,T-010,0,0,0,0,0,2026-03-20 04:47:42.859+00
U-0100,/submit/hack-5-2,0,0,0,0,0,2026-03-17 03:05:30.464+00
U-0100,hack-9,0,0,0,0,1,2026-03-28 02:22:53.414+00
U-0100,INV-492410,0,0,0,0,0,2026-03-23 14:52:17.787+00
U-0100,fallback-tab_view,0,0,0,0,0,2026-03-17 12:55:23.899+00
U-0100,/team/T-013/manage,0,0,0,0,0,2026-03-28 14:25:28.347+00
U-0100,T-008,0,2,0,0,0,2026-03-19 07:35:48.572+00
U-0100,hack-6-1,0,0,0,0,1,2026-03-26 12:22:01.226+00
U-0100,Cloud,0,0,0,0,0,2026-03-14 11:59:11.278+00
U-0100,hack-9-1,7,8,1,1,1,2026-03-27 11:27:45.46+00
U-0100,Team-U-0100-426,0,0,0,0,0,2026-03-21 14:59:59.999+00
U-0100,hack-7-1,5,6,0,1,0,2026-03-28 05:44:06.45+00
U-0100,hack-10-1,3,8,0,0,0,2026-03-28 01:57:54.852+00
U-0100,all,0,0,0,0,0,2026-03-28 09:55:42.541+00
U-0100,hack-5,4,6,1,0,0,2026-03-28 10:03:01.541+00
U-0100,T-014,0,1,0,0,0,2026-03-26 01:29:10.216+00
U-0100,hack-6,6,7,1,0,0,2026-03-28 02:06:47.852+00
U-0100,Team-U-0100-604,0,0,0,0,0,2026-03-07 14:48:05.707+00
U-0100,/submit/hack-5,0,0,0,0,0,2026-03-12 05:21:00.267+00
U-0100,/team/T-012/manage,0,0,0,0,0,2026-03-04 10:37:49.875+00
U-0100,ongoing,0,0,0,0,0,2026-03-26 02:30:56.157+00
U-0100,hackathons_list,0,0,0,0,0,2026-03-28 09:58:52.541+00
U-0100,hack-4-1,0,0,0,0,0,2026-03-12 01:31:53.759+00
U-0100,T-015,0,3,0,0,0,2026-03-27 11:54:22.46+00
U-0100,T-026,0,5,0,0,0,2026-03-19 06:41:26.87+00
U-0100,T-003,0,2,0,0,0,2026-03-27 11:58:42.46+00
U-0100,INV-536763,0,0,0,0,0,2026-03-28 02:17:16.046+00
U-0100,/submit/hack-2,0,0,0,0,0,2026-03-16 12:58:29.023+00
U-0100,/team/T-020/manage,0,0,0,0,0,2026-03-09 18:43:38.598+00
U-0100,AI,0,0,0,0,0,2026-03-24 12:56:14.276+00
U-0100,chatbot_room,0,0,0,0,0,2026-03-27 10:14:23.232+00
U-0100,T-001,0,2,0,1,0,2026-03-27 11:44:30.46+00
U-0100,/camp,0,0,0,0,0,2026-03-28 11:37:19.497+00
U-0100,T-018,0,1,0,0,0,2026-03-18 13:57:46.051+00
U-0100,/team/T-014/manage,0,0,0,0,0,2026-03-21 13:47:54.349+00
U-0100,T-016,0,2,0,0,0,2026-03-18 14:55:27.839+00
U-0100,T-007,0,2,0,0,0,2026-03-28 02:18:28.046+00
U-0100,T-005,0,1,0,0,0,2026-03-13 18:03:57.203+00
U-0100,/submit/hack-9,0,0,0,0,0,2026-03-06 14:24:39.025+00
U-0100,/team/T-018/manage,0,0,0,0,0,2026-03-05 11:59:25.341+00
U-0100,hack-4-2,5,6,1,1,0,2026-03-28 02:01:02.852+00
U-0100,/profile/notifications,0,0,0,0,0,2026-03-27 13:15:28.122+00
U-0100,Team-U-0100-265,0,0,0,0,0,2026-03-28 12:05:57.497+00
U-0100,hack-3-1,0,0,0,0,0,2026-03-16 09:07:43.591+00
U-0100,hack-3,3,7,0,0,0,2026-03-26 14:13:59.223+00
U-0100,user,0,0,0,0,0,2026-03-28 02:19:04.414+00
U-0100,hack-8,1,3,0,0,0,2026-03-21 11:28:35.062+00
U-0100,T-012,0,4,0,0,0,2026-03-28 12:01:34.497+00
U-0100,/submit/hack-2-2,0,0,0,0,0,2026-03-18 04:48:35.522+00
U-0100,T-004,0,1,0,0,0,2026-03-02 16:25:25.798+00
U-0100,hack-2,7,8,0,1,1,2026-03-26 02:36:27.157+00
U-0100,hack-5-2,2,1,0,0,1,2026-03-26 14:21:20.223+00
U-0100,/team/T-001/manage,0,0,0,0,0,2026-03-23 10:38:42.732+00
U-0100,fallback-team_member_kick,0,0,0,0,0,2026-03-25 14:22:40.058+00
U-0100,/submit/hack-9-1,0,0,0,0,0,2026-03-17 12:51:16.899+00