user_id,item_id,base_score,recency_w,score
U-0001,hack-10,1.75777966186898,0.74654796157790912876,1.31226682347139
U-0001,hack-10-1,9.0451042891403,0.97481622865185278371,8.81731445090244
U-0001,hack-11,0.415888308335967,0.97702831769364528438,0.406334654241946
U-0001,hack-12,0.693147180559945,0.86129877118518355708,0.597006814866755
U-0001,hack-13,3.75777966186898,0.98364178924112795579,3.69630911017472
U-0001,hack-14,1.51450059700408,0.97487801255243009459,1.4764533320168
U-0001,hack-15,2.21807097779182,0.97485663540118217491,2.16230121049115
U-0001,hack-2,9.36477066676941,0.92430243614379206978,8.65588034122289
U-0001,hack-2-1,1.10903548889591,0.90126347307890302814,0.999533176490089
U-0001,hack-2-2,13.9115728965158,0.95430689998133126419,13.2759100047383
U-0001,hack-3,9.62091983939578,0.91285354314884232772,8.78249076374343
U-0001,hack-3-2,5.47013118242723,0.97655706933191392239,5.34189527637226
U-0001,hack-4,9.74132225667307,0.90117550726945582920,8.77864102613259
U-0001,hack-4-2,7.57510065989456,0.96736077167593473348,7.32785521987848
U-0001,hack-5,8.27228025887305,0.91278763491786621718,7.55083513287449
U-0001,hack-5-1,1.10903548889591,0.84847442862024732488,0.940988252760536
U-0001,hack-5-2,4.44121452910603,0.98361943080492357774,4.36846490720183
U-0001,hack-6,9.62091983939578,0.90630992390249190086,8.71953512751476
U-0001,hack-6-1,0.693147180559945,0.97486575973766692059,0.675725452786593
U-0001,hack-6-2,3.16288732479668,0.92442380704197762790,2.92384834203336
U-0001,hack-7,0.693147180559945,0.77532706232483906022,0.537415767262287
U-0001,hack-7-1,4.77768676572725,0.91296291249067602593,4.36185082460651
U-0001,hack-8,1.75777966186898,0.88112401634548560642,1.5488218755164
U-0001,hack-8-1,5.56544136223156,0.93233360848234205770,5.18884802804623
U-0001,hack-9-1,14.2296718894703,0.96930182770910624606,13.7928469701645
U-0001,T-001,0.693147180559945,0.96938762853370920287,0.671928301587832
U-0001,T-002,4.69314718055995,0.97671690549770120643,4.58387619124177
U-0001,T-003,5.09861228866811,0.90765407754497160886,4.62777623363051
U-0001,T-004,1.79175946922805,0.84835407905919669954,1.52004645441256
U-0001,T-005,5.38629436111989,0.91084418241479801333,4.90607488359968
U-0001,T-007,4,0.97123418647631000469,3.88493674590524
U-0001,T-009,5.09861228866811,0.94738175807610359887,4.83033227378682
U-0001,T-010,5.38629436111989,0.84857711672799465919,4.57068613880737
U-0001,T-011,0.693147180559945,0.54880828511472928446,0.380404915495213
U-0001,T-012,5.38629436111989,0.97668060054316030903,5.26068921132081
U-0001,T-013,1.09861228866811,0.96954758866268026297,1.06515689535335
U-0001,T-014,0.693147180559945,0.78853758768455727650,0.546572605669091
U-0001,T-015,4.69314718055995,0.84843461997878786533,3.9818285446429
U-0001,T-016,4.69314718055995,0.87096102442379401492,4.08754827615213
U-0001,T-017,4.69314718055995,0.88715915002218986673,4.1635684636346
U-0001,T-018,4.69314718055995,0.88716436936663179596,4.16359295878625
U-0001,T-019,5.09861228866811,0.95463718429469485510,4.86732487906445
U-0001,T-026,5.6094379124341,0.96969823877693065953,5.43946206421589
U-0001,T-027,1.79175946922805,0.62328546822082166586,1.1167776397169
U-0001,T-028,1.09861228866811,0.96747667155024423658,1.06288176036482
U-0001,T-029,1.94591014905531,0.95438065526753583174,1.85713900314716
U-0001,T-030,4.69314718055995,0.91115089626924953623,4.2761652598907
U-0002,hack-10-1,4.21807097779183,0.92971321165621708492,3.92159631575672
U-0002,hack-15,1.10903548889591,0.65364144990953988396,0.72491156496306
U-0002,hack-2,2.21807097779182,0.97406612799389032851,2.16054780895331
U-0002,hack-2-1,0.693147180559945,0.85456995540803149658,0.592342755182315
U-0002,hack-2-2,1.75777966186898,0.97102444580279747523,1.70684702200975
U-0002,hack-3,7.80218266945586,0.93435218903223845748,7.28998645643548
U-0002,hack-3-2,3.75777966186898,0.92265007378341496769,3.46711568228523
U-0002,hack-4,2.45092684242892,0.93092229935581254281,2.28162245170681
U-0002,hack-4-2,4.04546173432076,0.97119895926048820519,3.92894822610045
U-0002,hack-5,1.10903548889591,0.96463582436718306345,1.06981536308357
U-0002,hack-5-2,8.86681515076489,0.96359332327940033788,8.54400387802968
U-0002,hack-6,1.38629436111989,0.97109793499887989338,1.34622759138412
U-0002,hack-6-2,13.9115728965158,0.97096809919698381325,13.5076934921702
U-0002,hack-7-1,5.35231455376081,0.73534042609768476628,3.93577326457131
U-0002,hack-8,3.10903548889591,0.65973290543449206255,2.05113301618825
U-0002,hack-8-1,8.1134562384885,0.97538827929263836635,7.91377011957542
U-0002,hack-9-1,4.21807097779183,0.56110807183279857702,2.36679367320266
U-0002,T-001,0.693147180559945,0.96922133095322921466,0.671813032888788
U-0002,T-004,4,0.53459935918086297490,2.13839743672345
U-0002,T-006,4.69314718055995,0.96468303236340198595,4.52739945347032
U-0002,T-007,0.693147180559945,0.86974994621301573739,0.602864723009716
U-0002,T-011,4.69314718055995,0.74030879335257015403,3.47437812626635
U-0002,T-014,0.693147180559945,0.96911014605360941406,0.671735965389096
U-0002,T-016,0.693147180559945,0.69109712128640562611,0.479032021112767
U-0002,T-017,0.693147180559945,0.96390671566099548340,0.668129222283216
U-0002,T-020,1.09861228866811,0.75788874066811886881,0.832625883941194
U-0002,T-027,0.693147180559945,0.93439022437500553835,0.64766994956831
U-0002,T-028,1.09861228866811,0.93112620786928435569,1.02294669426613
U-0002,T-029,6.19722457733622,0.96380258386105341077,5.97290106040387
U-0002,T-030,0.693147180559945,0.96369021661903405640,0.667979156582686
U-0003,hack-10,0.693147180559945,0.75571214279395780704,0.523819741092547
U-0003,hack-10-1,5.56544136223156,0.94956387951619517249,5.2847420911405
U-0003,hack-11,5,0.67248951239347445920,3.36244756196737
U-0003,hack-13,1.10903548889591,0.84926234163388829913,0.941862076254827
U-0003,hack-15,0.693147180559945,0.89761391237523295787,0.622178552594274
U-0003,hack-2,6.86681515076489,0.95000124170766746569,6.52348291980367
U-0003,hack-2-1,1.10903548889591,0.75862655531642487126,0.841343772664773
U-0003,hack-2-2,9.36477066676941,0.93092015071157596517,8.71785372048832
U-0003,hack-3,7.64556019780627,0.95202638139618213572,7.27877500886418
U-0003,hack-3-2,7.7162300192001,0.95227209137711800061,7.34795049793058
U-0003,hack-4,6.36179845739128,0.92919022814248265452,5.9113209600199
U-0003,hack-4-1,3.80218266945586,0.88416500933218642617,3.36175687542212
U-0003,hack-4-2,9.27228025887305,0.87848232679698348317,8.14553433652854
U-0003,hack-5,3.0451042891403,0.95217354514750121876,2.89946774633458
U-0003,hack-5-1,1.51450059700408,0.92910823266958298168,1.40713497305949
U-0003,hack-5-2,5.64556019780627,0.95212873163116716512,5.37530007048469
U-0003,hack-6,3.0451042891403,0.94967764713785932583,2.89186747660016
U-0003,hack-6-1,1.10903548889591,0.80860990180859901415,0.896777077778375
U-0003,hack-6-2,5.47013118242723,0.97691326032920681625,5.34384368785345
U-0003,hack-7-1,12.6455601978063,0.80936678736210905490,10.2348964316926
U-0003,hack-8,3.10903548889591,0.73257807079740754823,2.27761122049604
U-0003,hack-8-1,14.2722802588731,0.92766265089248734261,13.2398613392267
U-0003,hack-9,1.80218266945586,0.79789123487265061201,1.43794575559822
U-0003,hack-9-1,9.36477066676941,0.92436888411850767883,8.65650261126737
U-0003,T-001,0.693147180559945,0.86412885615854129625,0.598968480286783
U-0003,T-003,0.693147180559945,0.93564125001558202828,0.648537094463884
U-0003,T-005,4.69314718055995,0.97705016182207274777,4.5854402122209
U-0003,T-006,0.693147180559945,0.86521177336228729839,0.59971910129334
U-0003,T-008,1.09861228866811,0.97723595005895777765,1.07360342366303
U-0003,T-009,0.693147180559945,0.86414896065853030978,0.598982415664267
U-0003,T-010,1.6094379124341,0.93582842372985750314,1.50615774468428
U-0003,T-011,1.09861228866811,0.93573708428555952455,1.02801225975858
U-0003,T-012,0.693147180559945,0.86541355423983159228,0.5998589651397
U-0003,T-013,0.693147180559945,0.93597708835293891263,0.648769879860546
U-0003,T-014,1.38629436111989,0.86667501223066067214,1.20146668237888
U-0003,T-015,1.38629436111989,0.95093772309775456964,1.31827960330661
U-0003,T-016,0.693147180559945,0.93108197883464256786,0.645376848499407
U-0003,T-018,0.693147180559945,0.91557388067538730844,0.634627453984473
U-0003,T-019,1.6094379124341,0.86526360249125086891,1.39258804609873
U-0003,T-020,4,0.73616387414396530887,2.94465549657586
U-0003,T-026,5.38629436111989,0.95051862290842827286,5.11977309871111
U-0003,T-027,2.30258509299405,0.93150410912655433044,2.1448674757375
U-0003,T-028,2.19722457733622,0.97480262264250846975,2.14186028052192
U-0003,T-030,1.38629436111989,0.88758860234878912100,1.23045907443041
U-0004,hack-10,2.69314718055995,0.93009204993849378370,2.50487478195307
U-0004,hack-10-1,4.91121815835177,0.97965861734474468519,4.8113171904893
U-0004,hack-12,0.693147180559945,0.95453731968688672741,0.661634851880213
U-0004,hack-13,0.693147180559945,0.80954116044130132575,0.561131172907114
U-0004,hack-15,4.21807097779183,0.93407206921083134252,3.93998228630416
U-0004,hack-2,7.23049663290708,0.99729675655990324834,7.21095084031553
U-0004,hack-2-2,10.5145005970041,0.98290825514306295928,10.334789435502
U-0004,hack-3,9.7794463285948,0.99726570331728925312,9.75270642093977
U-0004,hack-3-1,1.75777966186898,0.86323404398689458803,1.51737524595307
U-0004,hack-3-2,13.8668151507649,0.97972332810814115991,13.5856422897678
U-0004,hack-4,13.6050775222562,0.99711585746849352680,13.5658385395298
U-0004,hack-4-1,1.75777966186898,0.83028632920174373476,1.45946042299867
U-0004,hack-4-2,2.75742221668852,0.97963058607367486567,2.70125514218714
U-0004,hack-5,12.4701311824272,0.92911798627307967496,11.5862231727779
U-0004,hack-5-1,0.693147180559945,0.67705397080744534588,0.469298050952096
U-0004,hack-5-2,7.02900119400815,0.95457560950876360994,6.70971309900816
U-0004,hack-6,9.77768676572725,0.99723406651100141988,9.75064233445699
U-0004,hack-6-2,8.21807097779183,0.91053345628016137698,7.48282857136448
U-0004,hack-7,5.69314718055995,0.80516107322762024977,4.58390049394245
U-0004,hack-7-1,7.21807097779183,0.97654240201776737345,7.04875237058756
U-0004,hack-8-1,7.7162300192001,0.95455365648969582443,7.36555557914301
U-0004,hack-9,5,0.89553634557500188918,4.47768172787501
U-0004,hack-9-1,5.02096583059215,0.96869326056934750986,4.86377576164359
U-0004,T-002,1.6094379124341,0.77295600880026019893,1.24402470520688
U-0004,T-003,1.38629436111989,0.91076870084283508252,1.26259351426291
U-0004,T-004,4.69314718055995,0.95623056056238919260,4.48773075926863
U-0004,T-005,1.38629436111989,0.77314185647783583581,1.07180219598099
U-0004,T-006,1.09861228866811,0.91062111795776706515,1.0004195505091
U-0004,T-008,4.69314718055995,0.98068726049670599450,4.60250965161117
U-0004,T-009,4.69314718055995,0.97681272440984254525,4.58432588349913
U-0004,T-010,1.38629436111989,0.97664373150052448118,1.35391569780227
U-0004,T-011,1.38629436111989,0.95623056056238919260,1.32561703403815
U-0004,T-013,1.09861228866811,0.90728597669949257950,0.996755523338311
U-0004,T-014,1.09861228866811,0.97777620860882326563,1.07419695834497
U-0004,T-015,1.38629436111989,0.97686131201764800175,1.35421732844624
U-0004,T-016,4.69314718055995,0.68833265345197017299,3.23044645183546
U-0004,T-017,0.693147180559945,0.79483267264134977695,0.550936026058278
U-0004,T-018,0.693147180559945,0.72298200327825288716,0.501132937167902
U-0004,T-019,0.693147180559945,0.97766665678254401945,0.677666886676288
U-0004,T-020,1.09861228866811,0.84786293229257888280,0.931472636522805
U-0004,T-026,5.94591014905531,0.90900967509373829549,5.40488985272933
U-0004,T-027,2.19722457733622,0.92698707929645069985,2.03679879350328
U-0004,T-028,0.693147180559945,0.96883885531192310124,0.671547920976384
U-0004,T-029,6.30258509299405,0.97603446550596259956,6.15154027254629
U-0004,T-030,1.79175946922805,0.90819358834679876723,1.62726446181258
U-0004,T-077,0.693147180559945,0.99673352188931883770,0.690883030467166
U-0004,T-491682,0.693147180559945,0.99586481225388371776,0.690280886832639
U-0004,T-526580,0.693147180559945,0.99778721133358577663,0.691613392334645
U-0005,hack-10-1,3.75777966186898,0.96496493178320287163,3.6261255950717
U-0005,hack-12,1.10903548889591,0.90910702630671161567,1.00823195537877
U-0005,hack-13,1.51450059700408,0.70756870252663391225,1.07161322239799
U-0005,hack-14,1.10903548889591,0.88866683744001068297,0.985563060525867
U-0005,hack-15,1.09861228866811,0.77122190817922208917,0.847273865615762
U-0005,hack-2,7.19357507406322,0.95529476260792451844,6.8719845926795
U-0005,hack-2-1,0.693147180559945,0.93426650087015980592,0.647584190969757
U-0005,hack-2-2,14.6455601978063,0.95097466183673233771,13.9275566565183
U-0005,hack-3,10.6455601978063,0.93416157763654456867,9.94467330920751
U-0005,hack-3-2,3.88883926267117,0.95616418228653772527,3.71836881363576
U-0005,hack-4,2.04546173432076,0.84161717557881647780,1.72149572759358
U-0005,hack-4-2,6.26860528563497,0.90987674464096837772,5.70365817073271
U-0005,hack-5,13.9115728965158,0.94744711722677266247,13.180479636894
U-0005,hack-5-1,1.10903548889591,0.60085364891319417923,0.666368020277337
U-0005,hack-5-2,12.4729509543352,0.97355127441696215688,12.1430572973333
U-0005,hack-6,3.36477066676941,0.97343360557446810900,3.27538084208455
U-0005,hack-6-1,0.693147180559945,0.84444801317861436668,0.585326759464204
U-0005,hack-6-2,12.1935750740632,0.93431172292853720403,11.3926001361065
U-0005,hack-7-1,3.36355802025883,0.98053991667033797972,3.29810290090044
U-0005,hack-8,1.51450059700408,0.86833328014436425974,1.31509127117715
U-0005,hack-8-1,5.83663243647739,0.92859972596091012066,5.41989528104747
U-0005,hack-9,6.51450059700408,0.97631539972597694028,6.36020725437915
U-0005,hack-9-1,2.44121452910603,0.97435113386127920639,2.37860014443309
U-0005,T-002,0.693147180559945,0.92243368681112995776,0.63938230926665
U-0005,T-004,1.09861228866811,0.98074157990897564887,1.07745475169578
U-0005,T-005,1.6094379124341,0.95623056056238919260,1.53899371719722
U-0005,T-006,4.69314718055995,0.95623056056238919260,4.48773075926863
U-0005,T-007,4,0.92249511099927074445,3.68998044399708
U-0005,T-008,0.693147180559945,0.96854420173768921127,0.671343682682162
U-0005,T-009,4.69314718055995,0.84829730412086201850,3.98118410111143
U-0005,T-010,0.693147180559945,0.95113209129597218416,0.659274527421888
U-0005,T-011,4,0.89881546333712927165,3.59526185334852
U-0005,T-013,5.6094379124341,0.95623056056238919260,5.36391595944678
U-0005,T-015,1.09861228866811,0.92508691279317942525,1.01631185048063
U-0005,T-016,0.693147180559945,0.86609500575953838308,0.600331311339274
U-0005,T-017,0.693147180559945,0.64091142124927317643,0.444245944627601
U-0005,T-020,4.69314718055995,0.96592309085256846714,4.53321923047248
U-0005,T-026,2.39789527279837,0.95585848005353262750,2.2920485307846
U-0005,T-027,1.79175946922805,0.93439022437500553835,1.67420253247804
U-0005,T-028,1.09861228866811,0.64244871153388719078,0.705802049330122
U-0005,T-029,1.38629436111989,0.94784751742318746982,1.31399566860525
U-0005,T-030,1.6094379124341,0.93138460591898199446,1.4990056958235
U-0006,hack-10,5.69314718055995,0.93418896712347034737,5.31847528428919
U-0006,hack-10-1,3.26824784045451,0.97344315496410745408,3.18145348901667
U-0006,hack-15,1.35231455376081,0.79460011516777785332,1.0745493001614
U-0006,hack-2,9.83663243647739,0.97501298515157854412,9.59084435572867
U-0006,hack-2-1,1.75777966186898,0.89066314523257420210,1.56558956226607
U-0006,hack-2-2,3.62091983939578,0.97674531310679237818,3.53671648226522
U-0006,hack-3,3.05706264599924,0.97807526102537865497,2.99003734545664
U-0006,hack-3-1,1.10903548889591,0.86821643288600986199,0.962882836113201
U-0006,hack-3-2,5.93038890534004,0.97205702440478724928,5.76467619288801
U-0006,hack-4,3.36477066676941,0.87769434033107553968,2.95324017073553
U-0006,hack-4-1,2.21807097779182,0.92172475686027054162,2.04445093270399
U-0006,hack-4-2,7.36355802025883,0.97819636840718657976,7.2030057139728
U-0006,hack-5,2.62353608589999,0.92845039431598731300,2.43582311345607
U-0006,hack-5-1,1.09861228866811,0.97487011233695147237,1.07100428526864
U-0006,hack-5-2,2.44121452910603,0.95479003434305431553,2.33084730408391
U-0006,hack-6,11.7776867657272,0.92773222970982634614,10.9265396039921
U-0006,hack-6-1,1.10903548889591,0.90109163348064295651,0.999342600277221
U-0006,hack-6-2,3.26824784045451,0.97827040038963121489,3.19723012345398
U-0006,hack-7,5,0.67392560128713153982,3.36962800643566
U-0006,hack-7-1,8.77768676572725,0.97508651545318815454,8.55900400213255
U-0006,hack-8-1,2.86681515076489,0.92848763770028112133,2.66180242705707
U-0006,hack-9,1.10903548889591,0.97832350805413999537,1.08499549005319
U-0006,hack-9-1,4.91157289651577,0.94998445110579566959,4.66591788216264
U-0006,T-002,0.693147180559945,0.56141071312272131732,0.389140252937163
U-0006,T-003,1.09861228866811,0.97232766527899756809,1.06821112168748
U-0006,T-004,0.693147180559945,0.97700863736341831367,0.677210782371167
U-0006,T-006,4.69314718055995,0.97721009698650059566,4.58619081148691
U-0006,T-007,1.09861228866811,0.94955889766928318057,1.04319707379362
U-0006,T-009,0.693147180559945,0.88387750864650327440,0.612657203078672
U-0006,T-011,5.09861228866811,0.97797035491854069410,4.98629166954078
U-0006,T-012,1.38629436111989,0.97687174168884155744,1.35423178704061
U-0006,T-013,4,0.67019309527801850917,2.68077238111207
U-0006,T-014,1.09861228866811,0.97707709239458405967,1.0734289006808
U-0006,T-017,1.38629436111989,0.88392572835274521165,1.2253812528642
U-0006,T-019,1.09861228866811,0.72089769893470042048,0.791987070922225
U-0006,T-020,0.693147180559945,0.64100296130351253765,0.444309395358105
U-0006,T-026,2.19722457733622,0.93283118809792346561,2.0496396129945
U-0006,T-027,5.79175946922805,0.97364075495057327124,5.63909306211133
U-0006,T-028,5.09861228866811,0.97350797583562352340,4.96353972871193
U-0006,T-030,1.94591014905531,0.97216568767268056177,1.89174707820561
U-0007,hack-10-1,8.44121452910603,0.96960116374747949253,8.18461143086334
U-0007,hack-13,1.10903548889591,0.83008962068231535045,0.920598848300834
U-0007,hack-14,1.10903548889591,0.88306281413229869044,0.979347999797014
U-0007,hack-2,2.77768676572725,0.97081272544222882058,2.69661365946048
U-0007,hack-3,6.51450059700408,0.96949978716547963843,6.31580694228484
U-0007,hack-3-2,2.04546173432076,0.87066647754855867385,1.78091496318142
U-0007,hack-4,2.26860528563497,0.95524150211897175497,2.16706592076498
U-0007,hack-4-2,5.51450059700408,0.83012891221698183304,4.57774638201089
U-0007,hack-5,4.57510065989456,0.84848017140894245154,3.8818821921205
U-0007,hack-5-2,3.10903548889591,0.68504957127656854198,2.12984342875178
U-0007,hack-6,3.75777966186898,0.84853440195043392023,3.1886053180455
U-0007,hack-6-2,4.04546173432076,0.91084086905605056644,3.68477188182172
U-0007,hack-7-1,1.10903548889591,0.59368191164861613017,0.658414309133883
U-0007,hack-8-1,7.04546173432076,0.95247457960476580220,6.71062320351863
U-0007,hack-9,0.693147180559945,0.96953556592522560084,0.672030843973661
U-0007,hack-9-1,6.21807097779183,0.96944949172146576602,6.02810574890828
U-0007,T-002,0.693147180559945,0.68528868183664362097,0.475005917684711
U-0007,T-003,1.09861228866811,0.82918847781239256294,0.910956651346699
U-0007,T-004,4,0.65055576254853107519,2.60222305019412
U-0007,T-006,4,0.59971628633466851333,2.39886514533867
U-0007,T-007,0.693147180559945,0.53102773421203696738,0.368080376768209
U-0007,T-010,0.693147180559945,0.71697802254407776815,0.496971294849872
U-0007,T-011,1.09861228866811,0.86364947701037968122,0.948815928545389
U-0007,T-014,0.693147180559945,0.87076683383572673801,0.603569575798344
U-0007,T-015,1.09861228866811,0.82932663323849408183,0.91110843059556
U-0007,T-016,0.693147180559945,0.86378159355996265076,0.598727776195665
U-0007,T-019,0.693147180559945,0.82941113449692112729,0.574903989401567
U-0007,T-026,1.09861228866811,0.97097967075731814039,1.0667301983409
U-0007,T-027,1.38629436111989,0.68907359684634428512,0.955258841704688
U-0007,T-028,0.693147180559945,0.95546402382496265352,0.662277194240733
U-0008,hack-10,1.10903548889591,0.92960767141425852343,1.0309678983483
U-0008,hack-10-1,5.16288732479668,0.95440307289987899627,4.92747552782179
U-0008,hack-12,1.09861228866811,0.95439260875440357139,1.0485074481916
U-0008,hack-14,0.659167373200866,0.92866591962763409236,0.612146274822114
U-0008,hack-15,3.10903548889591,0.89070844831856677633,2.76924417608183
U-0008,hack-2,4.77768676572725,0.97649484085313039030,4.66538647794494
U-0008,hack-2-1,1.75777966186898,0.97600387258902668132,1.71559975714235
U-0008,hack-2-2,2.26860528563497,0.97574292119632945912,2.2135755484469
U-0008,hack-3,9.44488950234412,0.90549220281232531263,8.55227380079659
U-0008,hack-3-2,9.15449722321667,0.96941033230291288713,8.87446419522457
U-0008,hack-4,9.7386089148807,0.94526167334152040611,9.20553375889878
U-0008,hack-4-1,3.75777966186898,0.64439434141656600138,2.42149195039862
U-0008,hack-4-2,6.57510065989456,0.97241021013826951336,6.39369501436834
U-0008,hack-5,8.0451042891403,0.91024155334157132057,7.322988224942
U-0008,hack-5-1,0.693147180559945,0.79186993408841862123,0.548882412183577
U-0008,hack-5-2,4.44121452910603,0.97656926636440235814,4.337153614456
U-0008,hack-6,9.36477066676941,0.97653975662338898833,9.14507086776085
U-0008,hack-6-1,1.10903548889591,0.95581921732346420147,1.06003743298044
U-0008,hack-6-2,2.62353608589999,0.94569981711739956459,2.48107759663652
U-0008,hack-7,2.26860528563497,0.97237146496653454783,2.2059270450237
U-0008,hack-7-1,7.62353608589999,0.97572804823602435073,7.4384979857521
U-0008,hack-8,0.415888308335967,0.97660354370089442374,0.406157995704676
U-0008,hack-8-1,7.16288732479668,0.92961761521646100318,6.65874623294171
U-0008,hack-9,0.693147180559945,0.81395445869807571761,0.564190238150768
U-0008,hack-9-1,5.75777966186898,0.97604511160241825803,5.61985269265104
U-0008,T-002,0.693147180559945,0.88429747948270629994,0.612948304679704
U-0008,T-004,0.693147180559945,0.88408538508012377312,0.612801292042541
U-0008,T-005,1.09861228866811,0.90910458571377813351,0.998753469549688
U-0008,T-007,5.38629436111989,0.97660164636616418784,5.26026394088247
U-0008,T-008,4.69314718055995,0.88931245238781391661,4.17367422856072
U-0008,T-009,0.693147180559945,0.81501115316521832822,0.564922682941381
U-0008,T-012,1.09861228866811,0.90925775844127368668,0.998921746990403
U-0008,T-013,5.09861228866811,0.97658310412856690819,4.97921861561556
U-0008,T-014,4,0.84938364206391788627,3.39753456825567
U-0008,T-016,1.09861228866811,0.97190207521949412703,1.06774356321817
U-0008,T-017,1.09861228866811,0.55907934457420272182,0.614211438289732
U-0008,T-018,0.693147180559945,0.97690000672287498620,0.677135485348952
U-0008,T-020,0.693147180559945,0.96955136785332162264,0.672041797035568
U-0008,T-026,1.79175946922805,0.90394421329128532111,1.61965060381856
U-0008,T-027,0.693147180559945,0.97707244069720782255,0.677255007472094
U-0008,T-028,0.693147180559945,0.89090593038284892255,0.617528933789007
U-0008,T-029,2.30258509299405,0.90940803866798448161,2.09398939328585
U-0009,hack-10-1,9.7162300192001,0.95545780554269888287,9.28344781229302
U-0009,hack-11,3.35231455376081,0.94919701517469415181,3.18200696835645
U-0009,hack-12,5,0.97760846491632571724,4.88804232458163
U-0009,hack-14,4.04546173432076,0.75756650073583658224,3.0647062899301
U-0009,hack-2,2.68449359397093,0.93387424715358541366,2.50697943405823
U-0009,hack-2-2,7.24698763111302,0.93384228166109388980,6.76754346460831
U-0009,hack-3,9.15449722321667,0.91259876389636934847,8.35438285000028
U-0009,hack-3-1,1.35231455376081,0.77143392372268074230,1.04322132231499
U-0009,hack-3-2,9.93686488727529,0.95556149596761053193,9.4952854769128
U-0009,hack-4,6.57510065989456,0.93393293664846796403,6.14070306805461
U-0009,hack-4-2,12.7794463285948,0.96576158719853302030,12.3418983698222
U-0009,hack-5,5.4729509543352,0.95565911503426457057,5.23027546564591
U-0009,hack-5-1,1.10903548889591,0.68874642633773625880,0.763844229658784
U-0009,hack-5-2,7.26824784045451,0.91007661405639795541,6.61466238476356
U-0009,hack-6,2.77768676572725,0.83850544431264306009,2.32910547565747
U-0009,hack-6-1,1.10903548889591,0.68447361347720182519,0.75910552855904
U-0009,hack-6-2,14.7794463285948,0.95420842310288248859,14.1026721755421
U-0009,hack-7,3.10903548889591,0.93350674948425638788,2.90230561327042
U-0009,hack-7-1,3.64556019780627,0.95575827759353332494,3.48427433551886
U-0009,hack-8,3.35231455376081,0.89192456757379654574,2.99001170873446
U-0009,hack-8-1,7.79352908286685,0.93013917175316761873,7.24906668617199
U-0009,hack-9,1.75777966186898,0.95420102313178234652,1.67727515179562
U-0009,hack-9-1,4.96175246619491,0.92965772586545233823,4.61273151403006
U-0009,T-001,4.69314718055995,0.95571932848239993670,4.48533147187382
U-0009,T-003,1.09861228866811,0.95907605654285282230,1.05365274148533
U-0009,T-005,5.09861228866811,0.93375991512557992506,4.76087977792497
U-0009,T-006,0.693147180559945,0.93020210405416249739,0.644766965776072
U-0009,T-007,0.693147180559945,0.81243058016671389576,0.563133966043238
U-0009,T-008,0.693147180559945,0.93370098681519810656,0.647192206496993
U-0009,T-009,0.693147180559945,0.95866014576187103216,0.664492577150027
U-0009,T-010,1.09861228866811,0.75487431067222789322,0.829314194104378
U-0009,T-011,5.79175946922805,0.93381809799577427713,5.40844981160356
U-0009,T-012,1.09861228866811,0.82340451804760794506,0.904602322071944
U-0009,T-013,5.38629436111989,0.93353920278149705250,5.02831694382634
U-0009,T-014,1.79175946922805,0.97546278115251077358,1.74779467500954
U-0009,T-015,1.09861228866811,0.70813537133528193475,0.777966220989496
U-0009,T-016,0.693147180559945,0.95884448839195486374,0.664620353724327
U-0009,T-017,1.09861228866811,0.90603500689267607756,0.995381192535789
U-0009,T-018,4.69314718055995,0.83970036795103790616,3.94083741436456
U-0009,T-019,1.09861228866811,0.93176994539910934833,1.02365391222708
U-0009,T-020,1.38629436111989,0.95895782927088479552,1.32939783127
U-0009,T-026,1.09861228866811,0.97476285546751855368,1.07088645155383
U-0009,T-027,2.19722457733622,0.75061682953802263200,1.64927374602314
U-0009,T-028,1.79175946922805,0.70813537133528193475,1.26880825708532
U-0009,T-029,1.94591014905531,0.93175599187403978222,1.81311344103079
U-0009,T-030,1.38629436111989,0.70434461335218065231,0.976428965775298
U-0010,hack-10-1,2.86681515076489,0.91677226013185716777,2.62821660514698
U-0010,hack-11,3.51450059700408,0.90621160382186740681,3.18488122264398
U-0010,hack-15,1.35231455376081,0.97616181022493487817,1.32007782279268
U-0010,hack-2,14.0451042891403,0.97477667337005189852,13.6908400361036
U-0010,hack-2-2,8.02096583059215,0.97636962267775864987,7.83142738152645
U-0010,hack-3,9.15449722321667,0.95649454360893178587,8.75622664348986
U-0010,hack-3-2,8.86681515076489,0.95264135380269453326,8.44689478914291
U-0010,hack-4,9.55025001800195,0.97478553628298860510,9.30944558543465
U-0010,hack-4-2,3.27228025887305,0.95475254170319004096,3.12421789432422
U-0010,hack-5,14.7162300192001,0.96820538008946775902,14.2483330792237
U-0010,hack-5-1,1.09861228866811,0.97620775489793329830,1.07247383582398
U-0010,hack-5-2,4.4953298500158,0.95644057475898449958,4.29951586548033
U-0010,hack-6,2.44121452910603,0.90878168977704668349,2.21853106486926
U-0010,hack-6-1,6.10903548889591,0.87150404526868075958,5.32404914126272
U-0010,hack-6-2,12.1134562384885,0.92298730264705635996,11.1805662992957
U-0010,hack-7-1,2.26860528563497,0.95635080393944168841,2.16958248873827
U-0010,hack-8,0.415888308335967,0.80338335144102502776,0.334117742976088
U-0010,hack-8-1,9.62353608589999,0.94619598709898577951,9.10575122618085
U-0010,hack-9-1,7.91121815835177,0.97628920758742207234,7.72363690686848
U-0010,T-001,1.09861228866811,0.91731643451238623597,1.00777510755252
U-0010,T-002,0.693147180559945,0.85456660566146958056,0.59234043331493
U-0010,T-003,1.38629436111989,0.91697037187037610048,1.27119085583791
U-0010,T-005,1.09861228866811,0.75896069888043884094,0.833803550406187
U-0010,T-006,0.693147180559945,0.84937539463659657469,0.588742160029348
U-0010,T-007,0.693147180559945,0.85694949174341672229,0.593992124084227
U-0010,T-008,0.693147180559945,0.95127628469922044422,0.659374474672804
U-0010,T-009,5.38629436111989,0.88263164358838505598,4.7541138448061
U-0010,T-010,1.38629436111989,0.83185301807198146972,1.15319314823375
U-0010,T-011,0.693147180559945,0.82816510729942216884,0.574040309162719
U-0010,T-012,5.09861228866811,0.95326168876160472015,4.86031176063643
U-0010,T-013,1.09861228866811,0.97015219103591981827,1.06582111895035
U-0010,T-014,4,0.84936630915802810472,3.39746523663211
U-0010,T-015,0.693147180559945,0.95498334430922171903,0.661944012589645
U-0010,T-016,5.09861228866811,0.89048386526429695436,4.54023197829722
U-0010,T-017,5.09861228866811,0.91712928449568795671,4.67608664022711
U-0010,T-018,1.38629436111989,0.92980627675241447079,1.28898519839575
U-0010,T-020,5.6094379124341,0.95122922402775354483,5.33586127267655
U-0010,T-026,6.39789527279837,0.89586651285481509478,5.73166012765218
U-0010,T-027,2.19722457733622,0.95543057506851294781,2.09929554147901
U-0010,T-028,2.39789527279837,0.92968460416319071414,2.22928631751634
U-0010,T-029,6.39789527279837,0.97014829950289188376,6.20690721930293
U-0010,T-030,1.79175946922805,0.90900991842230901281,1.62872712895539
U-0011,hack-10,3.09861228866811,0.95192417479002237295,2.94964394588461
U-0011,hack-10-1,6.44121452910603,0.97358752501330939360,6.27108611147211
U-0011,hack-2,4.86681515076489,0.88761454348254317476,4.3198559082601
U-0011,hack-2-2,11.6050775222562,0.95193664838807899503,11.0472986008204
U-0011,hack-3,6.57510065989456,0.95439390757832134180,6.27523601151757
U-0011,hack-3-2,9.95930555866124,0.96623503482768880523,9.62302995333264
U-0011,hack-4,9.83663243647739,0.97135202194775995714,9.55483280632924
U-0011,hack-4-1,0.693147180559945,0.59199558308695711699,0.410340069320665
U-0011,hack-4-2,4.02532622077007,0.95595280563716883242,3.84802189435001
U-0011,hack-5,8.7162300192001,0.96315778490172954781,8.39510479798673
U-0011,hack-5-2,8.47013118242723,0.96650068726331501050,8.18638760902636
U-0011,hack-6,6.91157289651577,0.87090321328265527015,6.0193110444129
U-0011,hack-6-2,9.32710646668774,0.96663716355531248576,9.01592773913745
U-0011,hack-7-1,4.91157289651577,0.88811045966806106932,4.36201926281781
U-0011,hack-8,3.10903548889591,0.78447767462569638389,2.43896893065783
U-0011,hack-8-1,9.1134562384885,0.94551475504755887180,8.6169073429711
U-0011,hack-9,1.35231455376081,0.95195701379739966546,1.2873453243129
U-0011,hack-9-1,2.77768676572725,0.95601876274499359375,2.65552066506371
U-0011,T-002,4.69314718055995,0.80915857132239206551,3.7975002676276
U-0011,T-005,1.79175946922805,0.95287067622343180106,1.70731505707307
U-0011,T-006,0.693147180559945,0.93319375217054095037,0.646840618233167
U-0011,T-007,1.38629436111989,0.96734003068514096277,1.34101802982435
U-0011,T-009,1.38629436111989,0.97363256742268432480,1.34974133802075
U-0011,T-010,1.09861228866811,0.85836726412454686129,0.943012824557652
U-0011,T-011,1.09861228866811,0.97593732798021641888,1.07217674148899
U-0011,T-012,4.69314718055995,0.97596681951663226173,4.58035592733454
U-0011,T-013,1.79175946922805,0.90169116851642386598,1.61561368950861
U-0011,T-014,5.6094379124341,0.95304269164970077695,5.34603380670807
U-0011,T-015,0.693147180559945,0.90806049083672156908,0.629419569001354
U-0011,T-016,1.09861228866811,0.92466734712439237905,1.015850910481
U-0011,T-017,0.693147180559945,0.96919195590698604468,0.671792671658306
U-0011,T-018,1.6094379124341,0.90835609440947121895,1.46194273633317
U-0011,T-019,1.6094379124341,0.90184622737823746431,1.4514655095282
U-0011,T-020,1.38629436111989,0.95318873800226396640,1.32140017257552
U-0011,T-026,2.19722457733622,0.84983126423297838994,1.86727014036141
U-0011,T-027,1.79175946922805,0.95479852020484787382,1.71076928978197
U-0011,T-028,5.6094379124341,0.97176408378649085055,5.45105029353373
U-0011,T-029,1.79175946922805,0.96329688038270850776,1.72599630710356
U-0011,T-030,2.07944154167984,0.86973541361973477701,1.80856394935097
U-0012,hack-10-1,1.10903548889591,0.93400106104628899576,1.03584032336677
U-0012,hack-14,2.21807097779182,0.93326236871092384352,2.07004217470295
U-0012,hack-2,1.10903548889591,0.97725117946681798052,1.08380623959409
U-0012,hack-3,6.68449359397093,0.93262032752904419785,6.23409460497497
U-0012,hack-3-1,1.10903548889591,0.62607324439778106437,0.694337446685343
U-0012,hack-3-2,1.51450059700408,0.95669062886062470130,1.44890852855762
U-0012,hack-4-2,4.75742221668852,0.91288191053985508944,4.34296468241536
U-0012,hack-5,4.04546173432076,0.96600989379649328617,3.90795606032897
U-0012,hack-5-2,1.51450059700408,0.94380628175325815854,1.42939517717151
U-0012,hack-6,1.10903548889591,0.94602861691224891450,1.0491793096668
U-0012,hack-6-1,0.693147180559945,0.94364956014950028629,0.654088032054259
U-0012,hack-6-2,2.36179845739128,0.97717408884427274481,2.30788825563513
U-0012,hack-7-1,3.93038890534004,0.97733585549754279367,3.84131000323856
U-0012,hack-8-1,1.10903548889591,0.93267170521309056626,1.03436602057038
U-0012,hack-9-1,1.75777966186898,0.95573351742549078617,1.67996893909703
U-0012,T-001,4,0.93891922897522173163,3.75567691590089
U-0012,T-004,0.693147180559945,0.92621270329888032405,0.642001723890424
U-0012,T-007,4.69314718055995,0.92730647345341839641,4.3519857614029
U-0012,T-009,4,0.91257217213834745835,3.65028868855339
U-0012,T-012,0.693147180559945,0.60857445898942532088,0.421831670409314
U-0012,T-013,4,0.92885340140780219843,3.71541360563121
U-0012,T-015,4,0.72044393020576409491,2.88177572082306
U-0012,T-020,4.69314718055995,0.96181092597547617079,4.51392023547356
U-0012,T-026,1.09861228866811,0.71726379119064283561,0.787994815218717
U-0012,T-028,5.6094379124341,0.94788797612203565458,5.31711874999938
U-0012,T-029,1.94591014905531,0.96624655153184417795,1.88022897111551
U-0012,T-030,1.38629436111989,0.94621685646282571831,1.311735092511
U-0013,hack-10,1.10903548889591,0.90869507657580885417,1.00777508850756
U-0013,hack-10-1,7.0451042891403,0.94421032683018542663,6.6520602234019
U-0013,hack-11,0.693147180559945,0.92220600600935062720,0.639224492960829
U-0013,hack-14,1.51450059700408,0.97213597096166332179,1.47230050839058
U-0013,hack-15,0.693147180559945,0.80861031244230443111,0.56048595824108
U-0013,hack-2,9.74132225667307,0.96683392106213544210,9.41824079374907
U-0013,hack-2-2,3.32710646668774,0.98155547046235432752,3.26573955318802
U-0013,hack-3,9.75742221668851,0.92212290070546439463,8.99754247786075
U-0013,hack-3-2,9.44121452910603,0.98626614724249218722,9.31155027891125
U-0013,hack-4,3.44488950234412,0.96793614417484276036,3.33443306200736
U-0013,hack-4-1,5,0.79032664234857643597,3.95163321174288
U-0013,hack-4-2,7.91121815835177,0.98154384163628902426,7.76520746317136
U-0013,hack-5,8.85639195053709,0.96092121705391323199,8.51029493181658
U-0013,hack-5-1,1.10903548889591,0.93190308823448923450,1.03351359706375
U-0013,hack-5-2,9.64556019780627,0.98163755232147814985,9.46844410334402
U-0013,hack-6,4.7386089148807,0.97201925298635782113,4.60601909763684
U-0013,hack-6-2,9.47013118242723,0.96469562258447995182,9.13579409698834
U-0013,hack-7,1.51450059700408,0.73840520948722560057,1.11831513059932
U-0013,hack-7-1,9.7162300192001,0.93191679475114272411,9.05471793655779
U-0013,hack-8,1.75777966186898,0.74987037979000229913,1.31810690263283
U-0013,hack-8-1,2.62353608589999,0.96666691303380087973,2.53608552938972
U-0013,hack-9,0.693147180559945,0.73840698665425680169,0.511824720905163
U-0013,hack-9-1,7.77768676572725,0.96197757533573032321,7.4819602566151
U-0013,T-001,1.09861228866811,0.97752750313761025033,1.07392372745803
U-0013,T-002,4.69314718055995,0.84190283929779752444,3.95117393655587
U-0013,T-003,0.693147180559945,0.98670485307880919327,0.683931686956392
U-0013,T-004,4.69314718055995,0.76694266379189732020,3.59937480022608
U-0013,T-005,0.693147180559945,0.98642387949312634039,0.683736930907664
U-0013,T-006,1.09861228866811,0.84178397383093826600,0.924794218054543
U-0013,T-007,4.69314718055995,0.81239476350686692310,3.81268819385392
U-0013,T-009,1.09861228866811,0.89017479707422745297,0.977956971128387
U-0013,T-010,1.09861228866811,0.90440326067791291561,0.993588536092263
U-0013,T-011,5.6094379124341,0.94455025130327620210,5.29839598985975
U-0013,T-012,0.693147180559945,0.98657767953385918245,0.683843536972268
U-0013,T-013,1.38629436111989,0.90426734915949994457,1.25358072708465
U-0013,T-015,0.693147180559945,0.92909757602569098707,0.644001365287287
U-0013,T-016,1.09861228866811,0.75896069888043884094,0.833803550406187
U-0013,T-017,0.693147180559945,0.97795003031509347352,0.67786330624142
U-0013,T-018,1.09861228866811,0.97760096164278818444,1.07400442987453
U-0013,T-019,1.09861228866811,0.86163114698296124845,0.94659856637468
U-0013,T-020,1.94591014905531,0.98171901254945829732,1.91033699004055
U-0013,T-026,2.39789527279837,0.95616736211996495914,2.29278919763155
U-0013,T-027,1.09861228866811,0.96201976526366622676,1.05688673606027
U-0013,T-028,2.39789527279837,0.96597351384434457690,2.31630332249579
U-0013,T-029,5.94591014905531,0.89019312701047955952,5.2930083485109
U-0013,T-030,1.09861228866811,0.98187706786823613005,1.07870221272146
U-0014,hack-10-1,7.24698763111302,0.97750970792643596451,7.08400076263579
U-0014,hack-12,3.10903548889591,0.94495739329093152941,2.93790607123608
U-0014,hack-13,3.75777966186898,0.94500414367276650201,3.55111735147543
U-0014,hack-14,5,0.86503371606651523459,4.32516858033258
U-0014,hack-2,6.91157289651577,0.97746788424724255945,6.75584053597786
U-0014,hack-2-1,1.10903548889591,0.89096884622336491952,0.988116069962357
U-0014,hack-2-2,2.26860528563497,0.97782243427211222700,2.21829314280216
U-0014,hack-3,6.46135004265672,0.92610636102598636082,5.98389737531992
U-0014,hack-3-2,1.38629436111989,0.75601391693683049640,1.04805782997769
U-0014,hack-4,6.51450059700408,0.96852494923229456363,6.30945635998713
U-0014,hack-4-1,1.51450059700408,0.90196834474788998126,1.36603159659946
U-0014,hack-4-2,6.04546173432076,0.81075763690295766132,4.90140426970515
U-0014,hack-5,3.16288732479668,0.96830534136865815011,3.06264069074785
U-0014,hack-5-1,3.10903548889591,0.67429289821096942147,2.09640055044838
U-0014,hack-5-2,7.75777966186898,0.90279878556656615998,7.00371405742832
U-0014,hack-6,3.6094379124341,0.97788074765995851380,3.52959984444326
U-0014,hack-6-2,2.02532622077007,0.90194687798307543559,1.82673666172082
U-0014,hack-7,1.10903548889591,0.95378867850328580183,1.05778549336728
U-0014,hack-7-1,1.38629436111989,0.97745559888151636450,1.35504118497451
U-0014,hack-8-1,2.57510065989456,0.97755153339517168547,2.51729359872685
U-0014,hack-9,0.415888308335967,0.67396163466931277132,0.280292764125964
U-0014,hack-9-1,14.1628873247967,0.97743155137852385902,13.8432529298753
U-0014,T-001,5.79175946922805,0.95040229101767108009,5.50450146857763
U-0014,T-002,1.6094379124341,0.90904045023299470045,1.46304416454115
U-0014,T-004,1.79175946922805,0.75244746627272683798,1.34820487279082
U-0014,T-005,1.6094379124341,0.90925731566196348553,1.46339319598442
U-0014,T-006,1.09861228866811,0.83264500544233110341,0.91475403507707
U-0014,T-008,5.38629436111989,0.88018852500927983311,4.74095448897992
U-0014,T-009,0.693147180559945,0.70381649895242268490,0.487848421880443
U-0014,T-010,0.693147180559945,0.94496605229794599937,0.655000554875183
U-0014,T-012,1.38629436111989,0.97226808896198830077,1.34784976922482
U-0014,T-013,1.38629436111989,0.80365972241854666682,1.11410894144801
U-0014,T-014,1.09861228866811,0.87001901644012438621,0.955813582836063
U-0014,T-015,0.693147180559945,0.85173271466231335929,0.590376129758851
U-0014,T-016,0.693147180559945,0.90892960627220070848,0.630021993915037
U-0014,T-017,5.38629436111989,0.90024126555702613259,4.84896445231724
U-0014,T-019,4.69314718055995,0.88029539318175641916,4.13135584257087
U-0014,T-020,1.09861228866811,0.90917513410954025761,0.998830974884218
U-0014,T-026,1.38629436111989,0.92625666709455160396,1.28406439454288
U-0014,T-027,2.39789527279837,0.94580207499367578052,2.26793432463023
U-0014,T-028,1.38629436111989,0.86889533206774885095,1.20454469924892
U-0014,T-029,0.693147180559945,0.88201498913834168896,0.611366202932852
U-0014,T-030,2.30258509299405,0.90036958945415720883,2.07317759486231
U-0015,hack-10,1.51450059700408,0.97762675106988584985,1.4806162981425
U-0015,hack-10-1,1.75777966186898,0.97769315778637397119,1.71856914830534
U-0015,hack-11,1.10903548889591,0.81191204176097129257,0.900439268174857
U-0015,hack-12,1.10903548889591,0.58836147244967353920,0.652513753245743
U-0015,hack-14,2.44121452910603,0.97577622179369312283,2.38207908979896
U-0015,hack-2,9.75742221668851,0.93103288791545470038,9.08448098501393
U-0015,hack-2-1,1.10903548889591,0.97786024030163868513,1.0844817096748
U-0015,hack-2-2,2.91121815835177,0.95479482124327203478,2.77961602110365
U-0015,hack-3,5.55025001800195,0.80959569569858641823,4.49345852462538
U-0015,hack-3-2,7.64556019780627,0.94568786300214552917,7.23031348491768
U-0015,hack-4,2.75742221668852,0.93415298316049461170,2.5758541895526
U-0015,hack-4-1,0.693147180559945,0.94571037082321414234,0.655516477162411
U-0015,hack-4-2,7.24698763111302,0.97782781517084468797,7.08630608190138
U-0015,hack-5,3.51450059700408,0.95210315577136502158,3.34616710936793
U-0015,hack-5-1,1.10903548889591,0.58830609194445592861,0.652452334300063
U-0015,hack-5-2,8.24698763111302,0.97564889137144925665,8.04616433944948
U-0015,hack-6,7.24698763111302,0.97558914573335436658,7.07008247217774
U-0015,hack-6-1,1.75777966186898,0.90193004743198411875,1.58539429380446
U-0015,hack-6-2,3.75777966186898,0.74060922188925594256,2.78304627140805
U-0015,hack-7-1,7.57510065989456,0.91441173236529663039,6.92676091725569
U-0015,hack-8,3.10903548889591,0.66001141198626288510,2.05199890294159
U-0015,hack-8-1,3.27228025887305,0.97586416254364639443,3.19330103443326
U-0015,hack-9-1,5.51555932373795,0.88327375454322407333,4.87174879228391
U-0015,T-001,0.693147180559945,0.96696010596935459133,0.670245671166604
U-0015,T-002,1.09861228866811,0.96679902253116607394,1.06213728682506
U-0015,T-003,0.693147180559945,0.94602043743723135078,0.655731398961703
U-0015,T-004,1.38629436111989,0.91462400909267044207,1.26793810635004
U-0015,T-005,1.6094379124341,0.91453571751026771761,1.47188845603615
U-0015,T-006,5.09861228866811,0.95369307679974220592,4.86251124098887
U-0015,T-008,4.69314718055995,0.96649476959093165013,4.53590220293161
U-0015,T-010,4,0.90744215152004270050,3.62976860608017
U-0015,T-011,4,0.88797494374464895883,3.5518997749786
U-0015,T-013,0.693147180559945,0.86203728055500631695,0.597518710554265
U-0015,T-014,0.693147180559945,0.84156503921015948538,0.583328434186342
U-0015,T-015,1.09861228866811,0.95509615726418529970,1.04928037523012
U-0015,T-016,4.69314718055995,0.81087672285683910202,3.80556380565726
U-0015,T-018,1.09861228866811,0.95153752189069301924,1.04537081467792
U-0015,T-019,1.09861228866811,0.68645516354982842957,0.754148078295519
U-0015,T-020,5.09861228866811,0.91237930112568115353,4.65186831664582
U-0015,T-026,5.09861228866811,0.93152698508735173249,4.74949493339233
U-0015,T-027,1.6094379124341,0.91167563701078343406,1.46728533404766
U-0015,T-028,1.38629436111989,0.96651906494787540070,1.33987992965211
U-0015,T-029,2.39789527279837,0.95233156781552743351,2.28359136460151
U-0015,T-030,1.6094379124341,0.95492121757266845466,1.53688641094918
U-0016,hack-10,3.75777966186898,0.77546210269784230205,2.9140157180681
U-0016,hack-10-1,14.3271064666877,0.96747867172106743020,13.8611699339974
U-0016,hack-11,6.10903548889591,0.77427592284735706846,4.73007909087214
U-0016,hack-12,1.10903548889591,0.75565335864199140617,0.838046392037359
U-0016,hack-13,1.10903548889591,0.91093982902704019057,1.01026459863976
U-0016,hack-14,1.10903548889591,0.84454324050741583378,0.93662842562988
U-0016,hack-2,4.75742221668852,0.97700698352830094982,4.64803472929737
U-0016,hack-2-2,2.91157289651577,0.89196537583353732525,2.59702221290743
U-0016,hack-3,8.62353608589999,0.97728561062607920835,8.4276577294648
U-0016,hack-3-2,9.68413614879047,0.97456098899146739821,9.43778130269326
U-0016,hack-4,4.75742221668852,0.88812862882098838740,4.22520287003008
U-0016,hack-4-1,1.75777966186898,0.95179789008732523637,1.6730509734053
U-0016,hack-4-2,7.77768676572725,0.97462666619625524765,7.58034092319948
U-0016,hack-5,2.44121452910603,0.96741709805667758151,2.36167267548156
U-0016,hack-5-1,6.51450059700408,0.80931970715354050133,5.27231371541891
U-0016,hack-5-2,7.62353608589999,0.94522841567703227890,7.20598293633193
U-0016,hack-6,7.55025001800195,0.97714729513606082546,7.3777063826916
U-0016,hack-6-2,2.62353608589999,0.95399853090689627945,2.50284957172982
U-0016,hack-7-1,4.86681515076489,0.97805963586487099454,4.76003545417874
U-0016,hack-8,1.51450059700408,0.80748598456782670880,1.2229380057004
U-0016,hack-8-1,7.44488950234412,0.97797542018218682509,7.28091893926494
U-0016,hack-9,1.09861228866811,0.88935769961439414035,0.977059297817975
U-0016,hack-9-1,3.0451042891403,0.97473561671650862318,2.96817160724125
U-0016,T-001,5.6094379124341,0.93439022437500553835,5.24140394961696
U-0016,T-002,1.38629436111989,0.85176580825607925482,1.18079813698013
U-0016,T-003,1.09861228866811,0.90949208362060980637,0.999179179511966
U-0016,T-004,0.693147180559945,0.95544035690668345737,0.662260789583056
U-0016,T-005,1.6094379124341,0.95208885981434036935,1.53232790699135
U-0016,T-006,4.69314718055995,0.90930580042623668776,4.2675059535372
U-0016,T-007,0.693147180559945,0.82226777749502700915,0.56995259163597
U-0016,T-008,0.693147180559945,0.84468553590925818248,0.585491397675269
U-0016,T-009,1.6094379124341,0.95503419532357389131,1.53706824162475
U-0016,T-010,5.38629436111989,0.84808944050713775308,4.56805937112892
U-0016,T-011,1.79175946922805,0.95528068159592058267,1.71163320702012
U-0016,T-012,1.09861228866811,0.95487897865425592439,1.04904178014042
U-0016,T-013,0.693147180559945,0.81146611246323397466,0.56246544797383
U-0016,T-014,5.09861228866811,0.90318213371653925740,4.60497552587263
U-0016,T-015,4.69314718055995,0.84484976910899016019,3.96500431189058
U-0016,T-016,1.6094379124341,0.90964507838124212450,1.46401727600586
U-0016,T-017,1.09861228866811,0.85190458065165062274,0.935912841076556
U-0016,T-018,1.09861228866811,0.92977482321101780352,1.02146204647384
U-0016,T-019,1.09861228866811,0.85505208216693540029,0.93937072491985
U-0016,T-020,5.79175946922805,0.97753945846001141695,5.66167341507984
U-0016,T-026,1.09861228866811,0.95520685675497485888,1.04940199105105
U-0016,T-027,6.39789527279837,0.97747170502746168447,6.25376160088936
U-0016,T-028,5.94591014905531,0.95193839979615729189,5.66014019262345
U-0016,T-029,2.39789527279837,0.90535326012265282904,2.1709423026607
U-0016,T-030,1.6094379124341,0.85150504303635591921,1.37044449889154
U-0017,hack-10-1,2.41588830833597,0.75896069888043884094,1.83356427891175
U-0017,hack-2,0.693147180559945,0.64092639604320460416,0.444256324363794
U-0017,hack-2-1,2.04546173432076,0.95307862232928414657,1.9494858517737
U-0017,hack-3,5.69314718055995,0.93173275324018213664,5.3044916971447
U-0017,hack-3-2,1.75777966186898,0.93301436996484284780,1.6400336837557
U-0017,hack-4-2,2.21807097779182,0.97369237550672063759,2.15971879940864
U-0017,hack-5,1.10903548889591,0.96499261979408215584,1.07021106187428
U-0017,hack-5-2,3.10903548889591,0.97753775536529220670,3.03919957316634
U-0017,hack-6-1,5,0.97508643253291654874,4.87543216266458
U-0017,hack-7-1,0.693147180559945,0.75896069888043884094,0.526071468584782
U-0017,hack-8,0.693147180559945,0.58778757723845844692,0.407423301930999
U-0017,hack-8-1,1.10903548889591,0.81441241087805588609,0.903212266261043
U-0017,hack-9-1,1.75777966186898,0.66027855205411501374,1.16062420996902
U-0017,T-002,0.693147180559945,0.75741547049028133470,0.525000397882823
U-0017,T-004,1.09861228866811,0.95344081923574278015,1.04746180053018
U-0017,T-005,0.693147180559945,0.81452261929071166176,0.564584057063659
U-0017,T-006,4,0.94473398696132367298,3.77893594784529
U-0017,T-009,1.38629436111989,0.95367388767988380038,1.32207273283791
U-0017,T-012,0.693147180559945,0.57437764029040921812,0.398128241943972
U-0017,T-013,4,0.81325754498469056391,3.25303017993876
U-0017,T-014,0.693147180559945,0.58555368999906063083,0.405874889289321
U-0017,T-015,1.09861228866811,0.97531149054982452421,1.07148918879725
U-0017,T-016,0.693147180559945,0.97545781915845003385,0.676135837104833
U-0017,T-017,0.693147180559945,0.63976077279656506440,0.443448375896791
U-0017,T-018,0.693147180559945,0.97521342875997461168,0.675966438589173
U-0017,T-019,0.693147180559945,0.96837870583216970659,0.671228969661857
U-0017,T-020,0.693147180559945,0.93178616364454185944,0.645864952214982
U-0017,T-026,5.38629436111989,0.95575328037220294027,5.14796850469063
U-0017,T-027,1.09861228866811,0.93183267256365788659,1.02372282506088
U-0017,T-028,0.693147180559945,0.94972080647019970389,0.658296299323936
U-0017,T-029,0.693147180559945,0.65542237487747283378,0.454304171222224
U-0018,hack-10-1,2.91121815835177,0.88142814552871904672,2.56602962254553
U-0018,hack-12,0.415888308335967,0.75273458133358437123,0.313053511656807
U-0018,hack-13,1.10903548889591,0.64237909226003603018,0.712421210641121
U-0018,hack-14,1.09861228866811,0.79352398008714483710,0.871775195876566
U-0018,hack-2,5.10903548889591,0.88768329198458497131,4.5352054416492
U-0018,hack-2-2,12.8021826694559,0.95529780977441436907,12.2298970644631
U-0018,hack-3,12.2722802588731,0.95308384820378614351,11.6965120953621
U-0018,hack-3-1,3.51450059700408,0.68043614028991840452,2.39139322127207
U-0018,hack-3-2,13.7574222166885,0.95520482550298035693,13.1411560878628
U-0018,hack-4,4.44121452910603,0.91121604642677031962,4.04690594454513
U-0018,hack-4-2,7.62353608589999,0.92963540941878173300,7.08710909043449
U-0018,hack-5,9.7794463285948,0.92979900336361268181,9.09291944977538
U-0018,hack-5-1,1.10903548889591,0.90985797752610603844,1.00906478693151
U-0018,hack-5-2,2.91157289651577,0.95204773553337914864,2.7719563829682
U-0018,hack-6,8.77768676572725,0.95210756714440476101,8.35730199167221
U-0018,hack-6-2,2.04546173432076,0.75722411217277146575,1.54887294575441
U-0018,hack-7,1.10903548889591,0.80787579985364196669,0.89596293265786
U-0018,hack-7-1,1.51450059700408,0.76978258807109538321,1.16583618919702
U-0018,hack-8,0.693147180559945,0.77418006158637890713,0.536620726934323
U-0018,hack-8-1,12.2722802588731,0.95533280894629022271,11.7241119718853
U-0018,hack-9-1,4.35195710858035,0.92975971830076529397,4.04627441533068
U-0018,T-001,1.09861228866811,0.90519016736678782278,0.994453041450696
U-0018,T-002,5.09861228866811,0.95577965102855642385,4.87314987399312
U-0018,T-003,0.693147180559945,0.82899343821606141657,0.574614464402158
U-0018,T-004,0.693147180559945,0.64489128878243759060,0.447004578587216
U-0018,T-005,1.09861228866811,0.89022538432989199887,0.97801254690911
U-0018,T-006,0.693147180559945,0.81057544824405275508,0.561848086581479
U-0018,T-007,5.38629436111989,0.79095459012266820965,4.26031424867962
U-0018,T-008,0.693147180559945,0.90530757604371308148,0.627511393874258
U-0018,T-009,4,0.92846524059134692479,3.71386096236539
U-0018,T-010,4.69314718055995,0.95268754577992240646,4.47110286943162
U-0018,T-011,5.38629436111989,0.95573773476440519426,5.14788477147101
U-0018,T-012,1.38629436111989,0.94297503837148954658,1.30724097837121
U-0018,T-013,1.09861228866811,0.95251279254147811832,1.04644225899965
U-0018,T-014,1.6094379124341,0.95219826656073518743,1.53250399035688
U-0018,T-016,1.6094379124341,0.91199654457684669041,1.46780181485087
U-0018,T-017,1.09861228866811,0.94303833476380256036,1.03603350325662
U-0018,T-018,1.09861228866811,0.95240377906325094988,1.04632249545283
U-0018,T-019,0.693147180559945,0.77017807374164752789,0.533846760343113
U-0018,T-020,1.79175946922805,0.89049705474137616924,1.59555653015255
U-0018,T-026,1.38629436111989,0.91715689788189868337,1.27144943579589
U-0018,T-027,6.39789527279837,0.87987073125456885366,5.62932079216725
U-0018,T-028,1.79175946922805,0.91216654770376465545,1.63438304936128
U-0018,T-029,2.07944154167984,0.90811389326650830277,1.88836975423499
U-0018,T-030,2.30258509299405,0.92935154131267706966,2.13991100517761
U-0019,hack-10-1,12.5502500180019,0.96656155072413967599,12.1305891193756
U-0019,hack-13,1.75777966186898,0.83021339731260003935,1.45933222480724
U-0019,hack-15,3.75777966186898,0.90518554540765561918,3.40148783275066
U-0019,hack-2,5.24698763111302,0.97843409845110007302,5.13383161243214
U-0019,hack-2-1,2.41588830833597,0.95342130272112494029,2.30335937816241
U-0019,hack-2-2,7.15449722321667,0.96849906865395795584,6.92912389737267
U-0019,hack-3,6.57510065989456,0.93391255549169614723,6.14056905989727
U-0019,hack-3-1,3.35231455376081,0.96779697354280051441,3.2443598794932
U-0019,hack-3-2,1.80218266945586,0.96784925381293840650,1.74424115186746
U-0019,hack-4,5.24698763111302,0.96857521587771972452,5.08210217751302
U-0019,hack-4-1,0.693147180559945,0.91165523009589840703,0.6319112523837
U-0019,hack-4-2,4.77768676572725,0.97648072127637276147,4.66531901902992
U-0019,hack-5,7.4729509543352,0.97663243848812060049,7.29832631323452
U-0019,hack-5-2,10.6455601978063,0.96848068025587307952,10.3100193820763
U-0019,hack-6,7.51555932373795,0.97645304832329855795,7.33859081151851
U-0019,hack-6-1,0.693147180559945,0.90212597686065448649,0.625306077370849
U-0019,hack-6-2,7.15449722321667,0.91170106431726803467,6.52276273306158
U-0019,hack-7,0.693147180559945,0.72854317367913797462,0.504987646751889
U-0019,hack-7-1,9.44488950234412,0.97841630635943789030,9.24103390085656
U-0019,hack-8,1.51450059700408,0.65025102849328165698,0.98480557085559
U-0019,hack-8-1,7.02096583059215,0.96791111381967166037,6.7956708571783
U-0019,hack-9-1,2.91157289651577,0.96856097019355418653,2.82003586943857
U-0019,T-001,1.38629436111989,0.83692322562124404247,1.160221948369
U-0019,T-002,0.693147180559945,0.94463896974985392824,0.654773838529163
U-0019,T-003,1.38629436111989,0.86903504445993972160,1.20473838175039
U-0019,T-004,4,0.70277289517447672116,2.81109158069791
U-0019,T-005,4.69314718055995,0.81018785969009454995,3.80233086942846
U-0019,T-007,1.09861228866811,0.94494821911585033859,1.03813172567572
U-0019,T-008,4,0.84793949624419258075,3.39175798497677
U-0019,T-009,1.6094379124341,0.86915264454991000084,1.39884721783098
U-0019,T-010,1.09861228866811,0.94491562188605009562,1.03809591395848
U-0019,T-011,1.09861228866811,0.91270481308310882983,1.00270872357963
U-0019,T-012,0.693147180559945,0.86930629235601651989,0.602557205589592
U-0019,T-013,0.693147180559945,0.85053255261977280359,0.589544240822849
U-0019,T-014,5.09861228866811,0.90423251363461034081,4.61033100583068
U-0019,T-015,1.38629436111989,0.90424774766405359642,1.25355355364204
U-0019,T-016,1.38629436111989,0.93110549405455067983,1.29078629601557
U-0019,T-017,5.09861228866811,0.97334838524716058285,4.96272603817643
U-0019,T-018,1.38629436111989,0.83683325954211941449,1.16009722890082
U-0019,T-019,5.09861228866811,0.90231078917419938757,4.60053287788139
U-0019,T-020,4.69314718055995,0.92702198005569001050,4.35065059201546
U-0019,T-026,1.38629436111989,0.96862174995850663601,1.34279487002556
U-0019,T-027,0.693147180559945,0.92721734762450933752,0.642698090272199
U-0019,T-028,1.79175946922805,0.92806318070386299040,1.66286599206805
U-0019,T-029,6.07944154167984,0.97692133411106124172,5.93913614154807
U-0019,T-030,6.07944154167984,0.97676121974363285555,5.93816273561131
U-0020,hack-10,1.10903548889591,0.88625534178978056166,0.982888626268443
U-0020,hack-10-1,2.91157289651577,0.93609146330835150491,2.72549853322839
U-0020,hack-12,1.10903548889591,0.86673368236295096716,0.96123841316195
U-0020,hack-13,0.693147180559945,0.94485035120884461696,0.654920356991485
U-0020,hack-15,1.75777966186898,0.77820713460472676676,1.36791667392952
U-0020,hack-2,5.47013118242723,0.97690574541072077825,5.3438025802635
U-0020,hack-2-2,11.8668151507649,0.88414174899188897421,10.4919467023607
U-0020,hack-3,4.75742221668852,0.97709803850215756547,4.64846791625293
U-0020,hack-3-1,1.10903548889591,0.84183833851653622623,0.933628593328009
U-0020,hack-3-2,2.91157289651577,0.94471088772279693911,2.75059461573705
U-0020,hack-4,7.47013118242723,0.97627120517483094758,7.29287397228232
U-0020,hack-4-1,1.51450059700408,0.75662209198257759012,1.14590461001409
U-0020,hack-4-2,2.26860528563497,0.96879796792248690119,2.19782019074137
U-0020,hack-5,7.02096583059215,0.97700685132612014645,6.85953171941511
U-0020,hack-5-1,0.693147180559945,0.93612500780876443964,0.648872409814302
U-0020,hack-5-2,2.21807097779182,0.91523265328728144923,2.03005098618393
U-0020,hack-6,6.75742221668852,0.91536996810621038469,6.18554135897036
U-0020,hack-6-1,1.10903548889591,0.89211766645983259468,0.989390152374961
U-0020,hack-6-2,2.62353608589999,0.85057281339417533340,2.2315084696251
U-0020,hack-7-1,7.91121815835177,0.96680300895774988011,7.64858952001568
U-0020,hack-8-1,8.86681515076489,0.97704630375892763897,8.66328896916849
U-0020,hack-9,3.10903548889591,0.73190273473937829655,2.2755115767247
U-0020,hack-9-1,7.62353608589999,0.96885626130640551357,7.38611067011953
U-0020,T-001,0.693147180559945,0.97480521093433005739,0.675683483554274
U-0020,T-002,1.79175946922805,0.91304872215554840712,1.63596369378878
U-0020,T-003,0.693147180559945,0.91042450750029633920,0.631058180486507
U-0020,T-004,5.38629436111989,0.88116432549876092587,4.74621043765399
U-0020,T-007,0.693147180559945,0.65453286114861613284,0.453687607288997
U-0020,T-008,1.94591014905531,0.87181690631136012496,1.69647736610928
U-0020,T-009,1.09861228866811,0.93744851121476288711,1.02989245441416
U-0020,T-011,5.09861228866811,0.97094998069288951749,4.95049750324283
U-0020,T-012,1.09861228866811,0.96907774466461434895,1.06464071896332
U-0020,T-014,0.693147180559945,0.97583437766371789344,0.676396847571075
U-0020,T-015,0.693147180559945,0.98233645564899555367,0.680903744594351
U-0020,T-016,1.09861228866811,0.72501662875165295598,0.796512177835291
U-0020,T-017,4.69314718055995,0.86435402253573382788,4.05654064386923
U-0020,T-019,5.09861228866811,0.97584559881791169419,4.97545836197569
U-0020,T-020,1.38629436111989,0.96076247896845483252,1.33189960696954
U-0020,T-026,2.19722457733622,0.92657438533208731044,2.03589201218186
U-0020,T-027,6.39789527279837,0.92505966079094566967,5.91843483083086
U-0020,T-028,2.39789527279837,0.93201003830700062168,2.23486246505699
U-0020,T-029,1.94591014905531,0.93061737067614684433,1.81089778648588
U-0020,T-030,2.07944154167984,0.89068128800812535528,1.852119670681
U-0021,hack-10,1.10903548889591,0.95293314940006472037,1.05683668123002
U-0021,hack-10-1,2.44121452910603,0.87002715162061526024,2.12392292325299
U-0021,hack-11,3.35231455376081,0.90829629225611122264,3.04489487965714
U-0021,hack-13,1.75777966186898,0.86997736362797531458,1.52922851607165
U-0021,hack-14,1.10903548889591,0.77634219870895769387,0.860991049895717
U-0021,hack-2,7.0451042891403,0.95313270325860763949,6.7149192958471
U-0021,hack-2-2,7.1134562384885,0.86354757952821106643,6.1428079168266
U-0021,hack-3,11.268605285635,0.92692443886900175198,10.4451456312235
U-0021,hack-3-1,3.51450059700408,0.68541087187444435450,2.40887691839582
U-0021,hack-3-2,2.44121452910603,0.94984962692804990304,2.3187867097227
U-0021,hack-4,9.15449722321667,0.93017470459793519404,8.51528175034818
U-0021,hack-4-1,8.10903548889591,0.63968123932075512216,5.18719787123292
U-0021,hack-4-2,7.47013118242723,0.92593808666479457065,6.91687897419169
U-0021,hack-5,9.7162300192001,0.90819743950041608860,8.82425522503461
U-0021,hack-5-2,9.27228025887305,0.93106019239215320562,8.63305104174031
U-0021,hack-6,14.6209198393958,0.97833278937227936464,14.3041252896646
U-0021,hack-6-2,1.09861228866811,0.90964697723464931735,0.999349347539786
U-0021,hack-7,1.51450059700408,0.87144153193027519842,1.31979872036255
U-0021,hack-7-1,3.4729509543352,0.93112443200433784772,3.23374948473429
U-0021,hack-8-1,2.62353608589999,0.93019485319033722645,2.44039976426329
U-0021,hack-9-1,3.0451042891403,0.97819289845896726516,2.97869939070398
U-0021,T-001,1.38629436111989,0.79176817969091248542,1.09762376281967
U-0021,T-002,5.38629436111989,0.88919842617523021606,4.78948446882432
U-0021,T-003,5.6094379124341,0.95032702561124307103,5.33080044667444
U-0021,T-004,1.94591014905531,0.97837183984254333578,1.90382369269952
U-0021,T-005,4.69314718055995,0.65912264093552863198,3.0933595639498
U-0021,T-006,1.09861228866811,0.95027289651467496455,1.04398148169926
U-0021,T-007,1.38629436111989,0.95305027123614419379,1.32120821687845
U-0021,T-008,5.6094379124341,0.88852529165835776502,4.98412745718496
U-0021,T-009,4,0.81217529225906506577,3.24870116903626
U-0021,T-010,1.09861228866811,0.88862699351492930864,0.976256535117698
U-0021,T-011,0.693147180559945,0.88091557119761081333,0.610604144486978
U-0021,T-012,1.38629436111989,0.88834140243683563495,1.23150267694752
U-0021,T-013,4.69314718055995,0.95388663071489096711,4.47673035151342
U-0021,T-014,1.09861228866811,0.88652224196831274803,0.973944229203992
U-0021,T-015,5.09861228866811,0.88667990880768565856,4.52083707916199
U-0021,T-017,1.38629436111989,0.77273740990146963954,1.0712415139728
U-0021,T-018,1.09861228866811,0.59322952205752424648,0.651729242933106
U-0021,T-019,5.09861228866811,0.88194545345537022442,4.49669792692252
U-0021,T-020,1.38629436111989,0.73397021028938288366,1.01749876375415
U-0021,T-026,5.79175946922805,0.97851365582182576406,5.66731573187502
U-0021,T-027,1.94591014905531,0.95010976549354244328,1.84882823539045
U-0021,T-028,2.39789527279837,0.90389148269314189141,2.1674371134726
U-0021,T-029,2.19722457733622,0.86842768914826158717,1.90813066223586
U-0021,T-030,1.09861228866811,0.93281535677244863185,1.02480241400854
U-0022,hack-10-1,0.693147180559945,0.95586075731835513990,0.662552188943112
U-0022,hack-14,1.10903548889591,0.66681720864260260419,0.739523948991156
U-0022,hack-15,1.75777966186898,0.93019666683381190192,1.63508078249879
U-0022,hack-2,1.51450059700408,0.94061102916957518614,1.42455596522594
U-0022,hack-2-1,0.693147180559945,0.97792050134063457517,0.677842838316029
U-0022,hack-2-2,6.04546173432076,0.97799738931466257322,5.91244579336739
U-0022,hack-3,0.693147180559945,0.86442373251765324164,0.599172873003716
U-0022,hack-3-2,1.10903548889591,0.86969900121686620406,0.964527057006834
U-0022,hack-4,6.04546173432076,0.94067768862984800560,5.68683097094104
U-0022,hack-4-1,1.10903548889591,0.86451620241272359637,0.958779149201233
U-0022,hack-4-2,1.75777966186898,0.93935917836221740706,1.65118645891506
U-0022,hack-5,0.693147180559945,0.93040985241005528341,0.644910965963225
U-0022,hack-5-2,5,0.97842059736370392396,4.89210298681852
U-0022,hack-6,5.75777966186898,0.86447620796923100339,4.97746352841485
U-0022,hack-6-2,1.38629436111989,0.94070636622823737050,1.30409593097179
U-0022,hack-8-1,4.21807097779183,0.97805519003706462111,4.12550621177401
U-0022,T-002,0.693147180559945,0.97105868614229513830,0.673086590457777
U-0022,T-004,0.693147180559945,0.90202258316711600713,0.625234410323685
U-0022,T-006,0.693147180559945,0.89020594200255568473,0.617043738816782
U-0022,T-007,0.693147180559945,0.77670056428586702265,0.538367806274067
U-0022,T-008,1.09861228866811,0.97393582762811845796,1.0699778686064
U-0022,T-009,1.09861228866811,0.66614737401201278108,0.731837691153589
U-0022,T-016,1.09861228866811,0.69173016040651161911,0.759943254664956
U-0022,T-020,0.693147180559945,0.66622308769872205463,0.46179065486231
U-0022,T-026,1.38629436111989,0.65518077236550743732,0.908273410244478
U-0022,T-027,1.38629436111989,0.86977807965733009929,1.20576844725464
U-0022,T-029,1.6094379124341,0.77017386929796721267,1.23954702441421
U-0022,T-030,1.38629436111989,0.67940976392249250832,0.941861924615547
U-0023,hack-10-1,8.35231455376081,0.89015973395797907093,7.43489410110908
U-0023,hack-11,3.75777966186898,0.77626008544911400164,2.91701436142135
U-0023,hack-12,0.693147180559945,0.75896069888043884094,0.526071468584782
U-0023,hack-15,1.10903548889591,0.77394437749774593892,0.858331781076455
U-0023,hack-2,2.26860528563497,0.98236607462032241104,2.22860086931214
U-0023,hack-2-2,7.91157289651577,0.86460010474554248435,6.84034675502953
U-0023,hack-3,13.4509268424289,0.98351778418787924883,13.229225763339
U-0023,hack-3-2,6.62353608589999,0.88405613328633702939,5.85557770078326
U-0023,hack-4,9.27228025887305,0.91180171045558387656,8.45448099986399
U-0023,hack-4-1,0.693147180559945,0.72383927754381790305,0.501727154408045
U-0023,hack-4-2,10.3271064666877,0.92998078253508556921,9.6040105532134
U-0023,hack-5,8.57510065989456,0.88736360141196439738,7.60923220403415
U-0023,hack-5-2,2.04546173432076,0.95433891979415589469,1.95206374201195
U-0023,hack-6,2.91157289651577,0.94634365159340898268,2.75534852676914
U-0023,hack-6-2,7.62353608589999,0.91184877126394881997,6.95151201261428
U-0023,hack-7-1,2.86681515076489,0.95441165664750205605,2.73612179734367
U-0023,hack-8-1,7.32710646668774,0.94623686240572443113,6.9331782335513
U-0023,hack-9,1.51450059700408,0.59958106675824836398,0.908065883557709
U-0023,hack-9-1,2.44121452910603,0.95427843757978812379,2.32959838663239
U-0023,T-001,4,0.88946339024561264532,3.55785356098245
U-0023,T-002,5.09861228866811,0.95191965506029318318,4.85346925111512
U-0023,T-003,5.6094379124341,0.90784133260732175606,5.09247958960221
U-0023,T-004,0.693147180559945,0.89879910655228897386,0.623000066596517
U-0023,T-005,1.38629436111989,0.98237191976314259949,1.36185665289017
U-0023,T-006,5.09861228866811,0.87761227200860248541,4.474604714749
U-0023,T-007,1.38629436111989,0.81537342297957557946,1.13034757848361
U-0023,T-008,5.09861228866811,0.79055450397574207176,4.03073090883264
U-0023,T-009,5.38629436111989,0.93753503777701239654,5.04983968733065
U-0023,T-011,1.09861228866811,0.84272319051682708933,0.925826053047383
U-0023,T-012,1.09861228866811,0.93331026686856412221,1.02534612832192
U-0023,T-013,0.693147180559945,0.88427673360153707784,0.612933924730663
U-0023,T-014,0.693147180559945,0.77608416663237298382,0.537940551978444
U-0023,T-015,5.38629436111989,0.91156345911374672940,4.90994911962732
U-0023,T-016,5.09861228866811,0.95188809010034431996,4.85330831362243
U-0023,T-017,5.6094379124341,0.93026590558511036607,5.21826883943396
U-0023,T-018,1.38629436111989,0.81288794061183546610,1.12690196829255
U-0023,T-019,1.09861228866811,0.95621946932400561598,1.05051445966305
U-0023,T-026,1.38629436111989,0.98279200730532068896,1.36243901788106
U-0023,T-027,5.94591014905531,0.98377030644452402773,5.84940984942775
U-0023,T-028,6.39789527279837,0.91161513947529096521,5.83241819146039
U-0023,T-029,1.38629436111989,0.93377909484552223906,1.29449269371598
U-0023,T-030,2.19722457733622,0.93017461156717509085,2.04380251774957
U-0024,hack-10,3.51450059700408,0.92954399830095635580,3.26688293697027
U-0024,hack-10-1,8.68449359397093,0.93028870735344497546,8.07908631955449
U-0024,hack-11,0.693147180559945,0.90676245604385398978,0.628519839844409
U-0024,hack-12,3.10903548889591,0.97731157990653277489,3.03849638563834
U-0024,hack-13,0.693147180559945,0.57009792154567429163,0.395161766962469
U-0024,hack-14,3.35231455376081,0.97612034466466137278,3.27226243764136
U-0024,hack-2,7.19357507406322,0.95278997728694064357,6.85396623142859
U-0024,hack-2-2,3.32710646668774,0.96803995631658460804,3.22077199867302
U-0024,hack-3,7.96175246619491,0.97779360651598211879,7.78495065810824
U-0024,hack-3-1,1.09861228866811,0.93359758361128581538,1.02566177802621
U-0024,hack-3-2,7.56544136223156,0.95197418472166109364,7.20210487286992
U-0024,hack-4,7.26860528563497,0.95128316821714608917,6.91450186463872
U-0024,hack-4-1,0.693147180559945,0.97781740144062133365,0.677771374911019
U-0024,hack-4-2,2.21807097779182,0.97751350142265422842,2.16819432790526
U-0024,hack-5,4.86681515076489,0.94667449341271691587,4.60728976738369
U-0024,hack-5-1,1.10903548889591,0.85949384416633705527,0.953209175668041
U-0024,hack-5-2,6.77768676572725,0.96713213340850694551,6.5549186613124
U-0024,hack-6,8.24698763111302,0.96704058327483478740,7.97517172905189
U-0024,hack-6-1,0.415888308335967,0.93306846540763200335,0.388052265640017
U-0024,hack-6-2,5.10903548889591,0.94426215740592046357,4.82426887300827
U-0024,hack-7-1,9.24698763111302,0.93300858272040174463,8.62751882413785
U-0024,hack-8,1.10903548889591,0.94662006607207538589,1.04983524777493
U-0024,hack-8-1,2.45092684242892,0.97745730104893144004,2.39567633646895
U-0024,hack-9,1.10903548889591,0.95206889130673166500,1.05587818833295
U-0024,hack-9-1,3.02096583059215,0.93362354868508557890,2.82044483921383
U-0024,T-002,0.693147180559945,0.96837292193777702039,0.671224960571766
U-0024,T-004,0.693147180559945,0.92837285962411470954,0.643499030156829
U-0024,T-005,0.693147180559945,0.77409394703064567134,0.536561036872812
U-0024,T-006,4.69314718055995,0.96532677537803555810,4.53042063418445
U-0024,T-007,5.09861228866811,0.96530044488053095505,4.92169271052467
U-0024,T-008,0.693147180559945,0.96818441722752856957,0.671094299063335
U-0024,T-009,0.693147180559945,0.74793009876054016073,0.51842563921179
U-0024,T-010,0.693147180559945,0.96822325448209686224,0.67112121899684
U-0024,T-011,0.693147180559945,0.84989197916114379093,0.589100229136059
U-0024,T-015,4,0.90224259167716282778,3.60897036670865
U-0024,T-016,0.693147180559945,0.77430864261420251836,0.536709852511233
U-0024,T-017,1.09861228866811,0.93048924229662987530,1.02224691606056
U-0024,T-019,0.693147180559945,0.93082820976544445320,0.645200949184579
U-0024,T-020,1.09861228866811,0.96811037184556219885,1.06357795129659
U-0024,T-026,1.94591014905531,0.93185374768968345569,1.81330366506458
U-0024,T-027,1.79175946922805,0.94431392390728427707,1.69198341508478
U-0024,T-028,1.09861228866811,0.97352679526246844651,1.06952850062303
U-0024,T-029,1.94591014905531,0.88059306470933196392,1.71355498180561
U-0024,T-030,0.693147180559945,0.84370755640648555215,0.584813513940276
U-0025,hack-10-1,2.04546173432076,0.97146171413351386704,1.98708776261775
U-0025,hack-11,8.75777966186898,0.97290543524701048552,8.52049143372805
U-0025,hack-14,0.693147180559945,0.95211633393695242582,0.65995675243347
U-0025,hack-15,0.415888308335967,0.95521723301543180370,0.397263679132151
U-0025,hack-2,2.44121452910603,0.90711304412709699887,2.21445754286467
U-0025,hack-2-1,0.693147180559945,0.88067963727643508472,0.610440607554716
U-0025,hack-2-2,10.1090354888959,0.90705749540652254376,9.16947641153358
U-0025,hack-3,5.51450059700408,0.88741213493952606515,4.89363474791268
U-0025,hack-3-1,5,0.75023009030162596236,3.75115045150813
U-0025,hack-3-2,1.51450059700408,0.97744102184190978749,1.48033501111585
U-0025,hack-4,1.80218266945586,0.97138430091696472657,1.75061195249405
U-0025,hack-4-2,14.246987631113,0.95208781771419995012,13.5643833627076
U-0025,hack-5,9.26860528563497,0.95415203779114500373,8.84365862077038
U-0025,hack-5-2,6.68449359397093,0.90461636534582407618,6.04690229915543
U-0025,hack-6,4.45092684242892,0.97617269839482872136,4.34487326613181
U-0025,hack-6-1,1.10903548889591,0.73714486139926137731,0.817519811749039
U-0025,hack-6-2,0.415888308335967,0.95517406426240883295,0.397245725752484
U-0025,hack-7-1,10.4701311824272,0.97144300970391132743,10.1711357478519
U-0025,hack-8-1,4.21807097779183,0.97783123727885780607,4.12456156314422
U-0025,hack-9,1.10903548889591,0.97774861006598551954,1.08435790778183
U-0025,hack-9-1,4.75742221668852,0.95205242823261475842,4.52931537352609
U-0025,T-001,5.38629436111989,0.97786821861759688050,5.26708607185831
U-0025,T-002,1.09861228866811,0.77351597553957502077,0.849794156208878
U-0025,T-003,0.693147180559945,0.75492216211276115738,0.523272168210678
U-0025,T-004,0.693147180559945,0.65854629829713360242,0.456469509932847
U-0025,T-005,0.693147180559945,0.74162601256084286708,0.514055979636463
U-0025,T-006,1.6094379124341,0.88748522939395856358,1.42835237491191
U-0025,T-007,1.6094379124341,0.97798171596905254064,1.57400085134795
U-0025,T-008,0.693147180559945,0.74160730508595208590,0.514043012602987
U-0025,T-011,0.693147180559945,0.84776671536286005133,0.587627108526332
U-0025,T-012,0.693147180559945,0.76068288266023348256,0.527265195416152
U-0025,T-013,5.09861228866811,0.92879710580764188671,4.73557633735022
U-0025,T-014,1.09861228866811,0.92885870533775253967,1.02045558812041
U-0025,T-015,0.693147180559945,0.58455068971413982289,0.405179662469727
U-0025,T-016,0.693147180559945,0.94772491085154355522,0.656912849903173
U-0025,T-017,0.693147180559945,0.89069991467697605497,0.61738613458333
U-0025,T-018,1.38629436111989,0.97773224835277147136,1.35542470257652
U-0025,T-019,1.09861228866811,0.89066609246764245331,0.978496714284959
U-0025,T-026,1.79175946922805,0.97762897588330260044,1.75167597493063
U-0025,T-027,2.07944154167984,0.92653321890698532217,1.92667166514152
U-0025,T-028,1.38629436111989,0.89068276522722555884,1.23474849498117
U-0025,T-029,2.39789527279837,0.95428574959924418078,2.28827728786288
U-0025,T-030,1.6094379124341,0.97645231875144818132,1.57153938148277
U-0026,hack-10,0.693147180559945,0.64463968861135711826,0.446830182638003
U-0026,hack-10-1,12.0209658305921,0.88248305751222035736,10.6082986804309
U-0026,hack-11,0.693147180559945,0.93134033472343409508,0.645555927155304
U-0026,hack-12,1.80218266945586,0.92578637137051158579,1.66843615410236
U-0026,hack-13,1.10903548889591,0.88993395344976803740,0.986968337149236
U-0026,hack-15,1.10903548889591,0.82586576220324275185,0.915914439347469
U-0026,hack-2,5.0451042891403,0.97186778616907066188,4.90317433647886
U-0026,hack-2-1,1.10903548889591,0.88511147584651155650,0.981620038342818
U-0026,hack-2-2,12.3271064666877,0.89218216571159538737,10.9980245444069
U-0026,hack-3,4.62353608589999,0.85140435255305545676,3.93649874772137
U-0026,hack-3-1,1.09861228866811,0.89211154720578845845,0.980084708623
U-0026,hack-3-2,9.7794463285948,0.95312105050929868237,9.32099615810958
U-0026,hack-4,2.75742221668852,0.89587349517112360211,2.47030147892725
U-0026,hack-4-1,4.04546173432076,0.88957290748255999225,3.59873315710916
U-0026,hack-4-2,3.26824784045451,0.91226808639125069461,2.98151820326377
U-0026,hack-5,5.0451042891403,0.88972290690343212981,4.48874485376488
U-0026,hack-5-2,3.0451042891403,0.91234737580006417265,2.77819290723467
U-0026,hack-6,2.85639195053709,0.89219466052044428677,2.54845764662276
U-0026,hack-6-1,1.10903548889591,0.85104677420495847489,0.943841075303685
U-0026,hack-6-2,9.0451042891403,0.97015655501962497570,8.77516721694558
U-0026,hack-7,0.693147180559945,0.88496899713807958396,0.613413765249222
U-0026,hack-7-1,6.44121452910603,0.97327405841029115093,6.26906700583436
U-0026,hack-8-1,7.24698763111302,0.92224081604052395776,6.68346778675326
U-0026,hack-9,5.69314718055995,0.95463457654088657716,5.43487514789879
U-0026,hack-9-1,2.91157289651577,0.89601916715591628912,2.6088251218498
U-0026,T-002,5.09861228866811,0.97450290770737437083,4.96861250057962
U-0026,T-004,1.09861228866811,0.73957999538849537257,0.812511671386905
U-0026,T-005,4.69314718055995,0.79007846764862616763,3.70795453286627
U-0026,T-006,0.693147180559945,0.52378876858491448591,0.363062708153599
U-0026,T-007,1.09861228866811,0.95036006468078695149,1.04407724571773
U-0026,T-008,1.09861228866811,0.95307577211922993194,1.04706075528203
U-0026,T-009,1.09861228866811,0.82964716061627693381,0.911460565911647
U-0026,T-010,1.79175946922805,0.97032442542460352679,1.73858797747781
U-0026,T-011,1.94591014905531,0.93159191633837299263,1.81279416478073
U-0026,T-012,0.693147180559945,0.97346485567823099286,0.67475442008756
U-0026,T-013,5.38629436111989,0.95318834163327455037,5.13415298962453
U-0026,T-014,5.38629436111989,0.81305978023692110645,4.37937930954351
U-0026,T-015,1.09861228866811,0.95322555770410675837,1.04722531156624
U-0026,T-017,5.6094379124341,0.82301779588855703780,4.61666722686522
U-0026,T-019,0.693147180559945,0.92960549671889165640,0.644353429083727
U-0026,T-020,4,0.82965758821913023335,3.31863035287652
U-0026,T-026,2.07944154167984,0.96643870418261883307,2.00965278896457
U-0026,T-027,1.6094379124341,0.97451906501124839060,1.56842792961893
U-0026,T-028,6.07944154167984,0.89002534409921421182,5.41085705006465
U-0026,T-029,1.94591014905531,0.97339613311687721939,1.89414141448333
U-0026,T-030,1.79175946922805,0.56843161498383667304,1.01849272875589
U-0027,hack-10,1.10903548889591,0.62926804471987896986,0.697880593622486
U-0027,hack-10-1,0.693147180559945,0.68569716256226891172,0.475289054947991
U-0027,hack-14,1.10903548889591,0.94453569972627965353,1.04752361152558
U-0027,hack-2,5.80218266945586,0.94034173431222435881,5.45603451419245
U-0027,hack-2-2,1.10903548889591,0.94457586171393940006,1.0475681525952
U-0027,hack-3,8.21807097779183,0.94860122082891531914,7.795672162392
U-0027,hack-3-2,3.09861228866811,0.67447604879800112936,2.0899397732178
U-0027,hack-4,3.35231455376081,0.94447129255673602674,3.16616485964723
U-0027,hack-4-2,10.0986122886681,0.98636970458919675237,9.9609652199344
U-0027,hack-5,0.415888308335967,0.93671457029928266008,0.389568638035421
U-0027,hack-5-1,0.693147180559945,0.78583198930406224895,0.544697227779924
U-0027,hack-5-2,1.75777966186898,0.93676041186640661327,1.64661840002277
U-0027,hack-6,1.51450059700408,0.94042799049071059878,1.42427875303753
U-0027,hack-6-2,5.10903548889591,0.59738301497264911189,3.0520510239589
U-0027,hack-7-1,5.10903548889591,0.77320838943557481757,3.9503491019384
U-0027,hack-8-1,1.51450059700408,0.79456062546631222447,1.20336254162466
U-0027,hack-9,1.10903548889591,0.76208690563889947729,0.84518142397641
U-0027,hack-9-1,4.41588830833597,0.93681527439557401400,4.13687161727397
U-0027,T-004,0.693147180559945,0.73663550924476773324,0.51059682633335
U-0027,T-005,0.693147180559945,0.61707778426339749537,0.427725726348352
U-0027,T-011,0.693147180559945,0.76228012843006942758,0.528372321818176
U-0027,T-013,0.693147180559945,0.77327497216457767194,0.535993366753447
U-0027,T-015,0.693147180559945,0.73643519814659597361,0.510457981260418
U-0027,T-016,0.693147180559945,0.68523142255876224981,0.474966228577687
U-0027,T-018,1.09861228866811,0.61719462781421974865,0.678057602616642
U-0027,T-019,1.09861228866811,0.77330641237142249928,0.849563927537094
U-0027,T-026,0.693147180559945,0.77462238076482606991,0.536927319225772
U-0027,T-027,1.6094379124341,0.94899703317120144280,1.52735180397321
U-0027,T-030,1.79175946922805,0.68052870258343748113,1.21934374693536
U-0028,hack-10-1,7.19357507406322,0.90217551828789621112,6.48986732078587
U-0028,hack-13,4.21807097779183,0.97127174167720443727,4.09689314511794
U-0028,hack-14,1.10903548889591,0.79297654710799691332,0.87943913260491
U-0028,hack-15,6.10903548889591,0.97781738026026609707,5.9735210776692
U-0028,hack-2,7.35195710858035,0.90475540447253861776,6.65172292743837
U-0028,hack-2-1,2.41588830833597,0.93202079864191119791,2.25165815056494
U-0028,hack-2-2,13.4509268424289,0.95605351681323057703,12.8598059121017
U-0028,hack-3,14.3271064666877,0.97730078226596766019,14.0018923575017
U-0028,hack-3-1,1.75777966186898,0.97783123910928479709,1.71881186484644
U-0028,hack-3-2,7.02532622077007,0.95605658480796635919,6.71660939379129
U-0028,hack-4,2.20764777756402,0.95273360547412065260,2.1033002267355
U-0028,hack-4-2,6.86681515076489,0.95491386212454908398,6.55721697611227
U-0028,hack-5,4.86681515076489,0.90221387910585460701,4.39090817606273
U-0028,hack-5-1,5,0.63064387679299123283,3.15321938396496
U-0028,hack-5-2,9.26424489545705,0.97714973495949890854,9.05255444419574
U-0028,hack-6,4.75742221668852,0.97721192808174151262,4.6490097370691
U-0028,hack-6-2,2.75742221668852,0.82541127951334194983,2.27600740003538
U-0028,hack-7,0.693147180559945,0.81185126720763808948,0.562732416898993
U-0028,hack-7-1,14.6455601978063,0.95361836938199615209,13.9662752345179
U-0028,hack-8-1,12.1544972232167,0.97119875875977227742,11.8044326165371
U-0028,hack-9-1,2.02532622077007,0.86237902824202135119,1.74659885814078
U-0028,T-001,0.693147180559945,0.51210119955457115911,0.354961502632617
U-0028,T-002,1.09861228866811,0.97425646150834572883,1.07033012092738
U-0028,T-003,0.693147180559945,0.88444481950928734142,0.613050433003712
U-0028,T-004,1.09861228866811,0.87421668350753639316,0.960425191460059
U-0028,T-005,1.79175946922805,0.95384572645443954894,1.70906211255745
U-0028,T-006,5.38629436111989,0.88278044070654596262,4.7549153098846
U-0028,T-007,5.6094379124341,0.97298988278226845703,5.45792633689367
U-0028,T-008,5.09861228866811,0.97406915584964416630,4.96640096802757
U-0028,T-009,0.693147180559945,0.81067396904721981374,0.561916375998421
U-0028,T-010,5.6094379124341,0.94082735607444537005,5.27751264021913
U-0028,T-011,1.79175946922805,0.95214104673545631873,1.70600773652897
U-0028,T-012,1.09861228866811,0.95366693534705215550,1.04771021446873
U-0028,T-013,0.693147180559945,0.88291076167487142310,0.611987105140971
U-0028,T-014,0.693147180559945,0.79223029849518699372,0.549132197756103
U-0028,T-015,1.09861228866811,0.93035903172872481634,1.02210386513054
U-0028,T-016,1.38629436111989,0.91025414041199153019,1.26188018203918
U-0028,T-017,5.09861228866811,0.86134323413894803581,4.39165519834197
U-0028,T-018,0.693147180559945,0.97441644227906339013,0.675414009656986
U-0028,T-019,0.693147180559945,0.95344508714017915705,0.660877773969947
U-0028,T-020,1.6094379124341,0.95355855477468671322,1.53469328978025
U-0028,T-026,2.39789527279837,0.95222736667660377030,2.28334150118307
U-0028,T-027,2.39789527279837,0.97611568812508898851,2.34062319425948
U-0028,T-028,5.79175946922805,0.95296344296135200075,5.51933504459958
U-0028,T-029,1.94591014905531,0.78139179735478256438,1.52051822886124
U-0028,T-030,2.39789527279837,0.97658093079244457631,2.34173879745224
U-0029,hack-10-1,2.91157289651577,0.94419904474902940213,2.74910434760736
U-0029,hack-11,0.693147180559945,0.69188264744924649742,0.479576506357796
U-0029,hack-13,1.38629436111989,0.97460957849022672910,1.35109576295443
U-0029,hack-14,3.10903548889591,0.67170612336080446156,2.08835817563744
U-0029,hack-2,9.86681515076489,0.94416041369419701132,9.31585627459035
U-0029,hack-2-1,0.693147180559945,0.97423004011100522803,0.675284805519746
U-0029,hack-2-2,2.44121452910603,0.93014807032106005028,2.27069098348771
U-0029,hack-3,14.0451042891403,0.90958679164000157629,12.7752413486083
U-0029,hack-3-2,7.64556019780627,0.97421154290188689400,7.4483929966541
U-0029,hack-4,8.64556019780627,0.97594253069227567769,8.43756989869946
U-0029,hack-4-1,3.10903548889591,0.68885383188795003497,2.14167101000158
U-0029,hack-4-2,10.246987631113,0.97424957979785235092,9.98312339380565
U-0029,hack-5,8.83663243647739,0.97515186612096272333,8.61705861065596
U-0029,hack-5-2,6.68449359397093,0.93405109078627045648,6.24365853280239
U-0029,hack-6,8.02096583059215,0.92608791741916636595,7.42811954174338
U-0029,hack-6-1,1.10903548889591,0.83010521742309050702,0.920616145639865
U-0029,hack-6-2,3.32710646668774,0.97606024179811424644,3.2474563423633
U-0029,hack-7,1.51450059700408,0.81275326850613383987,1.23091531036955
U-0029,hack-7-1,5.32710646668774,0.92611070172762668888,4.93349030804196
U-0029,hack-8,3.10903548889591,0.83010632734877664910,2.58083003128439
U-0029,hack-8-1,9.47013118242723,0.97597358834146231791,9.24259791217788
U-0029,hack-9,2.21807097779182,0.85019294833622727917,1.88578830422785
U-0029,hack-9-1,3.56544136223156,0.94464848018564213175,3.36808876402307
U-0029,T-001,1.09861228866811,0.84771155207587755609,0.931306328356475
U-0029,T-002,1.6094379124341,0.93045332221602830289,1.49750685252474
U-0029,T-003,1.6094379124341,0.83177426475876991225,1.33868903628976
U-0029,T-004,5.79175946922805,0.95750651019863712553,5.54564739729047
U-0029,T-005,1.09861228866811,0.84883743837902259314,0.932543240884754
U-0029,T-006,1.09861228866811,0.69196153710115713318,0.760197447945005
U-0029,T-007,1.38629436111989,0.83164237344271731986,1.152901132772
U-0029,T-008,1.6094379124341,0.94710308284447302980,1.52430360851311
U-0029,T-009,1.38629436111989,0.89104000809898649849,1.23524373875985
U-0029,T-010,1.6094379124341,0.89116749704117605210,1.43427875606707
U-0029,T-011,1.6094379124341,0.94671641497744381914,1.52368129058839
U-0029,T-012,0.693147180559945,0.73692799015455683999,0.510799558651338
U-0029,T-013,2.07944154167984,0.97474615715250405897,2.0269276517757
U-0029,T-014,4,0.82850459768601017067,3.31401839074404
U-0029,T-015,5.09861228866811,0.77488057520908155663,3.95081562301124
U-0029,T-017,1.09861228866811,0.97519541619410649999,1.07136166808366
U-0029,T-018,1.38629436111989,0.94487535651012395507,1.30987537869113
U-0029,T-019,1.79175946922805,0.97483165887933975386,1.74666385570035
U-0029,T-026,2.39789527279837,0.97516751262997364626,2.33834956872196
U-0029,T-027,1.79175946922805,0.90655578871582076120,1.62432991881508
U-0029,T-028,1.79175946922805,0.97504779271435888909,1.74705111554587
U-0029,T-029,5.38629436111989,0.97515499540268098902,5.25247185295535
U-0029,T-030,1.6094379124341,0.81505961677740534511,1.31178784813557
U-0030,hack-10,1.10903548889591,0.82827217362319003240,0.918583235013075
U-0030,hack-10-1,3.47013118242723,0.97858139040899000734,3.39580579740124
U-0030,hack-11,5,0.90714703507224700288,4.53573517536124
U-0030,hack-14,3.10903548889591,0.82696950240450881790,2.57107753121021
U-0030,hack-2,7.32710646668774,0.97858139040899000734,7.17017003384599
U-0030,hack-2-2,12.1544972232167,0.96837530023160720380,11.7701148976967
U-0030,hack-3,4.68449359397093,0.95114400078843350149,4.4556279786373
U-0030,hack-3-2,7.75742221668852,0.96703169251169986757,7.50167313573216
U-0030,hack-4,7.7794463285948,0.96711031058711570380,7.52358275504311
U-0030,hack-4-1,0.693147180559945,0.89865291051890827695,0.62289873122817
U-0030,hack-4-2,9.47013118242723,0.97788049923232070030,9.26065660846751
U-0030,hack-5,6.86681515076489,0.95267332664819580725,6.54183163315742
U-0030,hack-5-2,4.26860528563497,0.96834940448954473756,4.13350138634554
U-0030,hack-6,4.44121452910603,0.96701514215231115832,4.29472169919238
U-0030,hack-6-2,7.02096583059215,0.88208262199465094743,6.19307194878357
U-0030,hack-7-1,4.75742221668852,0.95623056056238919260,4.54919251309602
U-0030,hack-8,1.10903548889591,0.76674871392486015763,0.850351534807969
U-0030,hack-8-1,14.4448895023441,0.96698824842242737750,13.9680383985273
U-0030,hack-9,1.75777966186898,0.75747782576617500041,1.33147911644851
U-0030,hack-9-1,6.04546173432076,0.76688425888174233703,4.63616944172251
U-0030,T-001,1.38629436111989,0.94898011921950556584,1.31556578808888
U-0030,T-002,1.09861228866811,0.70380371619764474790,0.773207411425015
U-0030,T-003,0.693147180559945,0.88494440886462038145,0.613396721956799
U-0030,T-005,0.693147180559945,0.95322355896025687714,0.660724222336619
U-0030,T-006,1.09861228866811,0.84403651923548769158,0.927268892116764
U-0030,T-007,0.693147180559945,0.84692823409714423868,0.587045917601049
U-0030,T-008,1.79175946922805,0.97614309491676468339,1.74901363363869
U-0030,T-009,1.09861228866811,0.95309917146695221617,1.04708646209299
U-0030,T-010,5.6094379124341,0.95386342681187455884,5.35063766964284
U-0030,T-012,1.09861228866811,0.68974031228083502753,0.757757183061505
U-0030,T-013,5.09861228866811,0.86853036918884250825,4.42829961342768
U-0030,T-014,1.6094379124341,0.95401959379441990305,1.53543530345772
U-0030,T-015,1.79175946922805,0.89887763394925603482,1.61057251230589
U-0030,T-016,1.09861228866811,0.97813410190738863405,1.0745901443208
U-0030,T-017,5.38629436111989,0.90958726498474438130,4.89930475633379
U-0030,T-018,1.09861228866811,0.88143793342661885179,0.968358545360707
U-0030,T-019,4.69314718055995,0.95349762556603840917,4.47490469309586
U-0030,T-020,1.38629436111989,0.97631095686612150536,1.35345437420307
U-0030,T-026,1.79175946922805,0.95431277390883421638,1.70989894925645
U-0030,T-027,2.07944154167984,0.91284634280922510995,1.89821060640802
U-0030,T-028,6.39789527279837,0.95407572226575492612,6.10407655337576
U-0030,T-029,6.30258509299405,0.91998548698366079200,5.79828681603409
U-0030,T-030,1.79175946922805,0.97794823078842727617,1.75224800292999
U-0031,hack-10-1,1.10903548889591,0.97476109543181898514,1.08104464802894
U-0031,hack-11,0.415888308335967,0.95291200856881497715,0.396304963236713
U-0031,hack-13,1.10903548889591,0.65115465193401443642,0.722153617754487
U-0031,hack-14,0.693147180559945,0.77438720481226554847,0.536764307677319
U-0031,hack-2,2.21807097779182,0.90517325063680714483,2.00773851711099
U-0031,hack-2-2,8.04546173432076,0.76693215524769357422,6.17032330786546
U-0031,hack-3,5.41588830833597,0.96921851851779587169,5.24917924266324
U-0031,hack-3-2,1.51450059700408,0.95519090955055770237,1.44663720276719
U-0031,hack-4,2.44121452910603,0.97482939298684062118,2.37976767755909
U-0031,hack-4-2,0.693147180559945,0.94690160133401264355,0.656342175232368
U-0031,hack-5-2,0.415888308335967,0.94682867723386367221,0.393774976858773
U-0031,hack-6,5.69314718055995,0.97484685916045340684,5.54994664770705
U-0031,hack-6-2,5,0.95085199581161865874,4.75425997905809
U-0031,hack-7,1.10903548889591,0.90937220357630549966,1.0085260463816
U-0031,hack-7-1,1.75777966186898,0.90512726049559424835,1.59101428990234
U-0031,hack-8-1,6.51450059700408,0.96914128405557686614,6.31347147356135
U-0031,hack-9-1,6.35231455376081,0.96907753138523357066,6.15588530634102
U-0031,T-003,0.693147180559945,0.91012207125417059737,0.630848547655206
U-0031,T-004,0.693147180559945,0.52181982704773745330,0.361697941878417
U-0031,T-005,0.693147180559945,0.73493426207944753570,0.509417611657273
U-0031,T-007,4,0.64214663029597337628,2.56858652118389
U-0031,T-009,1.09861228866811,0.89008023416876479476,0.977853083158394
U-0031,T-012,0.693147180559945,0.76700188948757857392,0.531645197182466
U-0031,T-013,4.69314718055995,0.90605281271547793734,4.25223920343405
U-0031,T-016,0.693147180559945,0.95542696078321338638,0.662251504097842
U-0031,T-017,0.693147180559945,0.88736481162700652027,0.615074417307367
U-0031,T-018,4,0.88756423204573127747,3.55025692818293
U-0031,T-029,1.09861228866811,0.88770605891001496579,0.975244785043679
U-0031,T-030,0.693147180559945,0.88996075445114781478,0.616873787756815
U-0032,hack-10-1,4.21807097779183,0.93186295721139391014,3.93066409509265
U-0032,hack-2,1.80218266945586,0.90513617029781966492,1.63122071960838
U-0032,hack-2-1,1.10903548889591,0.65437091681063619103,0.72572056964435
U-0032,hack-2-2,7.02096583059215,0.89950939249912035803,6.31542470903302
U-0032,hack-3,1.51450059700408,0.79182688737652756383,1.19922229365563
U-0032,hack-3-1,0.415888308335967,0.78417269422341105756,0.326128255243832
U-0032,hack-3-2,1.51450059700408,0.84788022408929201306,1.28411510557118
U-0032,hack-4,10.3271064666877,0.93281941036842286776,9.63332536506758
U-0032,hack-4-1,2.04546173432076,0.84714725817145016667,1.73280729992445
U-0032,hack-4-2,6.68449359397093,0.93195765681806394669,6.22966498685251
U-0032,hack-5,1.10903548889591,0.93149599993223175600,1.03306212168943
U-0032,hack-5-1,1.10903548889591,0.84780789764265776708,0.940249046251941
U-0032,hack-5-2,2.62353608589999,0.88892627810579683969,2.33213016831533
U-0032,hack-6-2,2.04546173432076,0.90425565930459971102,1.84962034915055
U-0032,hack-7-1,2.21807097779182,0.88747870072266143221,1.96849074948133
U-0032,hack-8-1,2.86681515076489,0.93188868090913453762,2.67155258925661
U-0032,hack-9-1,6.10903548889591,0.88891106448923531149,5.43038923943698
U-0032,T-005,0.693147180559945,0.54406407590047952961,0.37711648025437
U-0032,T-006,4,0.69183074967064450816,2.76732299868258
U-0032,T-012,0.693147180559945,0.91144503803311506813,0.631765558348006
U-0032,T-014,0.693147180559945,0.91134754856236356287,0.63169798379622
U-0032,T-017,1.38629436111989,0.79238199489714893289,1.09847469137885
U-0032,T-018,1.09861228866811,0.93201229414622731769,1.0239201595388
U-0032,T-019,1.38629436111989,0.90448154192290304583,1.25387766130474
U-0032,T-026,0.693147180559945,0.93150546573086314220,0.645670387247526
U-0032,T-028,5.09861228866811,0.93319241656540537035,4.75798632279227
U-0032,T-030,1.38629436111989,0.93199684159492123414,1.29202196608459
U-0033,hack-10-1,6.21807097779183,0.70237700656931893342,4.36743008001698
U-0033,hack-13,1.10903548889591,0.91041887717377025942,1.00968684454648
U-0033,hack-2,3.51450059700408,0.88389275193497594084,3.10644160436305
U-0033,hack-2-2,1.10903548889591,0.68870631739535031518,0.763799747418256
U-0033,hack-3,4.75742221668852,0.91189376025373947387,4.33826363429077
U-0033,hack-3-2,1.51450059700408,0.90432011546907074075,1.3695933547607
U-0033,hack-4,1.10903548889591,0.84890458731664689688,0.9414653140207
U-0033,hack-5-1,3.10903548889591,0.54004557474606676663,1.67902085750671
U-0033,hack-5-2,3.10903548889591,0.92293483517739240935,2.86943715650481
U-0033,hack-6,1.51450059700408,0.84888007034480160179,1.28562937332206
U-0033,hack-6-2,0.693147180559945,0.68867408798075446664,0.477352502408552
U-0033,hack-7-1,6.10903548889591,0.93099476541736505718,5.68748006191101
U-0033,hack-9-1,1.10903548889591,0.91037992403934941707,1.009643644138
U-0033,T-002,0.693147180559945,0.60222583721792984735,0.417431141127961
U-0033,T-005,0.693147180559945,0.55661749211079875671,0.385817845306948
U-0033,T-007,0.693147180559945,0.54746093856855332273,0.379471006035494
U-0033,T-008,0.693147180559945,0.90137213764872664728,0.624783555846506
U-0033,T-009,0.693147180559945,0.55655899734001241773,0.3857772998215
U-0033,T-010,0.693147180559945,0.55651613484616548048,0.385747589804738
U-0033,T-011,1.09861228866811,0.92310144648473239920,1.01413059279543
U-0033,T-012,1.6094379124341,0.90140275063445609572,1.45075176124347
U-0033,T-013,0.693147180559945,0.54755757165769213774,0.379537986988779
U-0033,T-014,0.693147180559945,0.55530758503431519057,0.384909886910088
U-0033,T-015,1.09861228866811,0.69166124139089111148,0.759867539387473
U-0033,T-017,1.09861228866811,0.84422619873208133075,0.92747727634263
U-0033,T-019,1.09861228866811,0.93387264111121241575,1.02596395957572
U-0033,T-026,1.6094379124341,0.91152855848780347211,1.46704862029668
U-0033,T-028,1.09861228866811,0.90438396120720797102,0.993567333456582
U-0033,T-029,2.19722457733622,0.93265988684808603283,2.04926322567823
U-0033,T-030,1.09861228866811,0.56100553710095603984,0.616327577069963
U-0034,hack-14,0.693147180559945,0.64534735583941414101,0.447320700181906
U-0034,hack-2-2,6.21807097779183,0.88703126053075677930,5.5156233375004
U-0034,hack-3,1.51450059700408,0.88708914117874515443,1.34349703391104
U-0034,hack-3-1,1.75777966186898,0.88715627797238660748,1.55942526231924
U-0034,hack-4,6.75777966186898,0.86747836618544221848,5.86222766011931
U-0034,hack-4-2,1.51450059700408,0.91289009766112759030,1.38257259790689
U-0034,hack-5,2.41588830833597,0.95535530821510620212,2.30803171942358
U-0034,hack-5-2,1.80218266945586,0.84958161456985073965,1.53110126206611
U-0034,hack-6,5,0.71801377786748907421,3.59006888933745
U-0034,hack-7-1,6.75777966186898,0.95514226240044427918,6.45464095504124
U-0034,hack-8-1,11.0454617343208,0.95528479858441799086,10.5515616881425
U-0034,hack-9-1,0.693147180559945,0.88705664215324265668,0.614860810505492
U-0034,T-003,1.09861228866811,0.86048174835878154476,0.945335822921577
U-0034,T-006,1.09861228866811,0.86059036629188551282,0.945455151917655
U-0034,T-007,5.09861228866811,0.90596652016307288279,4.61917203282533
U-0034,T-009,4,0.95119636001615418257,3.80478544006462
U-0034,T-010,4.69314718055995,0.90625619981039246178,4.25319372900511
U-0034,T-011,4.69314718055995,0.88779351571122368749,4.16654563517953
U-0034,T-014,0.693147180559945,0.64260818359739946410,0.445422050665285
U-0034,T-020,0.693147180559945,0.89212862181866602522,0.618376438910438
U-0034,T-026,0.693147180559945,0.75800902590258988951,0.525411819143371
U-0034,T-027,1.6094379124341,0.86558222616077952057,1.39310085111227
U-0034,T-028,0.693147180559945,0.73998875756003623196,0.512921120948796
U-0034,T-029,1.6094379124341,0.86174231792348646096,1.3869207572149
U-0034,T-030,0.693147180559945,0.88781796947082024291,0.615388522389155
U-0035,hack-10-1,1.10903548889591,0.96372779865291792590,1.06880833034162
U-0035,hack-2,0.693147180559945,0.93135758308152292751,0.645567882806083
U-0035,hack-2-1,0.415888308335967,0.93235037034813114593,0.387753618300497
U-0035,hack-2-2,4.44121452910603,0.93242816367115043498,4.14111350784397
U-0035,hack-3-2,1.10903548889591,0.97829596993133527992,1.0849649492977
U-0035,hack-4,1.51450059700408,0.69991715678111235316,1.06002495179839
U-0035,hack-4-2,1.51450059700408,0.93141661257100384835,1.4106310157983
U-0035,hack-5,1.51450059700408,0.69988009802860088587,1.05996882629559
U-0035,hack-5-2,1.10903548889591,0.88844015310708595262,0.985311659555876
U-0035,hack-6,4.69314718055995,0.67423129664712051771,3.16426670890471
U-0035,hack-6-2,1.10903548889591,0.93160471718269706010,1.03318269297845
U-0035,hack-7-1,5.75777966186898,0.93165728462548302369,5.36427736524868
U-0035,hack-8-1,1.10903548889591,0.93229128168078702323,1.03394411737225
U-0035,T-006,1.09861228866811,0.97644680885652004116,1.07273646344053
U-0035,T-008,1.09861228866811,0.97858139040899000734,1.07508154096524
U-0035,T-010,0.693147180559945,0.96399122250361695353,0.668187797962917
U-0035,T-012,4.69314718055995,0.98560250966622370412,4.62557763939284
U-0035,T-014,0.693147180559945,0.88857083435408812783,0.615910368560334
U-0035,T-016,0.693147180559945,0.88870105951382285826,0.616000633762642
U-0035,T-020,1.09861228866811,0.74119084969564389107,0.814281375723992
U-0035,T-027,0.693147180559945,0.97658155573707540521,0.676914751945999
U-0035,T-028,1.09861228866811,0.96384300551040058588,1.05888977020053
U-0035,T-029,4.69314718055995,0.88865614393601505427,4.17059407640058
U-0035,T-030,1.38629436111989,0.59063269411446528577,0.818790773343932
U-0036,hack-10-1,1.75777966186898,0.96796613087589429361,1.70147117823165
U-0036,hack-11,1.10903548889591,0.90549063662099911775,1.00422125087564
U-0036,hack-2,0.693147180559945,0.95117017584507664821,0.659300925619722
U-0036,hack-2-1,1.10903548889591,0.74162601256084286708,0.82248956741834
U-0036,hack-2-2,7.10903548889591,0.95244136234290190858,6.77093944598806
U-0036,hack-3,6.10903548889591,0.95247065327754019348,5.81867702300437
U-0036,hack-3-2,6.75777966186898,0.97655124259649949725,6.5993181259915
U-0036,hack-4,6.04546173432076,0.97643347227684965878,5.90299119275964
U-0036,hack-4-2,1.51450059700408,0.80108379017052642556,1.21324187846355
U-0036,hack-5-2,1.80218266945586,0.90543131318666227241,1.63175262100766
U-0036,hack-6,3.51450059700408,0.92634320231397664255,3.25563373756314
U-0036,hack-6-2,3.80218266945586,0.97646924579435580999,3.71271444361593
U-0036,hack-7-1,2.57510065989456,0.97635827382727389521,2.51422083522613
U-0036,hack-9-1,2.21807097779182,0.89259208814633399835,1.97983260572399
U-0036,T-001,0.693147180559945,0.92423181846926960389,0.640628679155765
U-0036,T-003,0.693147180559945,0.82960529422286009410,0.575038570668179
U-0036,T-005,0.693147180559945,0.80705934756691687683,0.559410911310557
U-0036,T-007,0.693147180559945,0.62615894950572694229,0.434020310432272
U-0036,T-009,0.693147180559945,0.93414208504689489854,0.647497952492644
U-0036,T-010,0.693147180559945,0.97250986799143639808,0.674092473064989
U-0036,T-012,1.09861228866811,0.95520097042744648584,1.0493955242593
U-0036,T-013,1.09861228866811,0.80710639815852433080,0.886697007279611
U-0036,T-014,0.693147180559945,0.75828149825508959372,0.525600682586286
U-0036,T-015,4,0.96816261907696187047,3.87265047630785
U-0036,T-016,0.693147180559945,0.80631306529289353061,0.558893627856416
U-0036,T-019,0.693147180559945,0.95508679654078839995,0.662015720212278
U-0036,T-026,1.38629436111989,0.96807692564283302065,1.34203958314894
U-0036,T-027,0.693147180559945,0.93055086272587190107,0.645008706866063
U-0036,T-029,0.693147180559945,0.92567362510723620063,0.641628063361785
U-0036,T-030,1.09861228866811,0.93386983585054271732,1.02596087768188
U-0037,hack-10-1,0.693147180559945,0.97454574651841401597,0.675503636525926
U-0037,hack-12,0.693147180559945,0.90468815008520403568,0.627082040517552
U-0037,hack-2,1.10903548889591,0.90472855326390608142,1.00337607338713
U-0037,hack-3,1.51450059700408,0.80926333367438032049,1.22562980198336
U-0037,hack-3-2,8.10903548889591,0.84678860772240344892,6.86663887161373
U-0037,hack-4,5.51450059700408,0.97131469819419808502,5.35631548307074
U-0037,hack-4-1,1.10903548889591,0.62913686148849375484,0.697735106763332
U-0037,hack-5,0.693147180559945,0.97506960299279992079,0.675866746164164
U-0037,hack-5-2,1.75777966186898,0.97124560796795223064,1.70723577636563
U-0037,hack-6,1.75777966186898,0.91207998385942742583,1.60323564562589
U-0037,hack-6-2,3.75777966186898,0.97137184419995048648,3.65020136024673
U-0037,hack-8-1,6.57510065989456,0.90251547076084621616,5.93413006736469
U-0037,hack-9-1,5.10903548889591,0.80991630009266795281,4.13789112020871
U-0037,T-001,0.693147180559945,0.82706029684889575489,0.573274512913883
U-0037,T-002,0.693147180559945,0.65763365905316544487,0.455836916614022
U-0037,T-003,0.693147180559945,0.86363440176412940604,0.598625750617381
U-0037,T-009,0.693147180559945,0.61491717669982778208,0.426228107307367
U-0037,T-011,0.693147180559945,0.68662913818242614510,0.475935051221454
U-0037,T-013,4,0.68651770277386683565,2.74607081109547
U-0037,T-016,4,0.65843330325917694503,2.63373321303671
U-0037,T-018,0.693147180559945,0.61505005845925583809,0.426320213924263
U-0037,T-019,1.09861228866811,0.61500614509755060361,0.675653308610572
U-0037,T-027,0.693147180559945,0.65756384514496712454,0.45578852530039
U-0037,T-029,0.693147180559945,0.67709694553306206386,0.469327838761993
U-0037,T-030,1.38629436111989,0.91235344404139877620,1.2647904348229
U-0038,hack-10-1,1.75777966186898,0.96970669480556645075,1.70453070610741
U-0038,hack-12,1.10903548889591,0.97751336392384343224,1.08409701146157
U-0038,hack-2,3.10903548889591,0.97775405958626316391,3.03987207066574
U-0038,hack-3,1.38629436111989,0.97745089022929564915,1.35503465739649
U-0038,hack-3-2,1.10903548889591,0.81165209413747329393,0.900150977035144
U-0038,hack-4,1.10903548889591,0.87055009783503140294,0.965470953360859
U-0038,hack-4-2,3.75777966186898,0.86602272652340773687,3.25432258844598
U-0038,hack-5,4.21807097779183,0.86602372699267094803,3.6529495489069
U-0038,hack-5-2,0.693147180559945,0.82251730197967290362,0.570125548828983
U-0038,hack-6-1,3.10903548889591,0.86617890635546583531,2.69298095959219
U-0038,hack-6-2,5.75777966186898,0.96965172117644455753,5.58304095928598
U-0038,hack-7,6.10903548889591,0.70763109450910271692,4.32294346940237
U-0038,hack-7-1,5.09861228866811,0.97494997539888068591,4.9708919254054
U-0038,hack-8,0.693147180559945,0.82256151429262578059,0.570156194469053
U-0038,hack-8-1,1.10903548889591,0.97763989192134353658,1.08423733550113
U-0038,hack-9-1,8.26860528563497,0.97788244926022275785,8.08572398868274
U-0038,T-009,0.693147180559945,0.71678508368135906152,0.496837559821159
U-0038,T-011,1.09861228866811,0.71669097441161751915,0.787365511666125
U-0038,T-012,0.693147180559945,0.58701317514335703480,0.406886527302159
U-0038,T-015,1.09861228866811,0.58691601391036408035,0.644793145298029
U-0038,T-016,4.69314718055995,0.88839010846758494670,4.16934553279199
U-0038,T-018,0.693147180559945,0.97509624976841483919,0.675885216301553
U-0038,T-020,0.693147180559945,0.88827489380464741946,0.615705238202876
U-0038,T-026,1.09861228866811,0.95988387550996685231,1.05454022132962
U-0038,T-029,0.693147180559945,0.82284673223389195001,0.570353892480886
U-0038,T-030,0.693147180559945,0.57985217217286415625,0.401922898283181
U-0039,hack-10-1,1.80218266945586,0.88059926061228941991,1.58700072621111
U-0039,hack-12,3.75777966186898,0.87021982844956041904,3.27009437270287
U-0039,hack-13,1.10903548889591,0.77443536433955041865,0.858876302908597
U-0039,hack-14,1.51450059700408,0.58682533178667893684,0.888747315328041
U-0039,hack-2,6.10903548889591,0.95275590161379577744,5.8204196152137
U-0039,hack-2-2,0.693147180559945,0.88047334429166733248,0.610297616153955
U-0039,hack-3,8.86681515076489,0.90643848843269393656,8.03722252247143
U-0039,hack-3-1,1.10903548889591,0.88037398817187248554,0.976365996383437
U-0039,hack-3-2,3.75777966186898,0.77186208695758389767,2.90048765213695
U-0039,hack-4-2,9.26860528563497,0.93718907392325046477,8.68643560420438
U-0039,hack-5,7.26860528563497,0.93711714841960114875,6.81153465826188
U-0039,hack-6,5.75777966186898,0.91086645211298436795,5.24456833265489
U-0039,hack-7-1,8.21807097779183,0.93716401214553239037,7.70168036964415
U-0039,hack-8,1.75777966186898,0.87028871403253616806,1.5297758014805
U-0039,hack-8-1,4.21807097779183,0.95327621722924267035,4.02098674571384
U-0039,hack-9-1,13.268605285635,0.95333153715096633962,12.6493798728038
U-0039,T-001,1.09861228866811,0.85085729517225845287,0.934762280379152
U-0039,T-003,0.693147180559945,0.59582954679174667846,0.412997570453009
U-0039,T-004,1.09861228866811,0.93439022437500553835,1.02653258290973
U-0039,T-005,0.693147180559945,0.93439022437500553835,0.64766994956831
U-0039,T-006,1.09861228866811,0.93384768325303854297,1.02593654056603
U-0039,T-010,4.69314718055995,0.89957715823575783739,4.22184800387027
U-0039,T-011,0.693147180559945,0.59572280158157462949,0.41292358031154
U-0039,T-015,1.38629436111989,0.93438406278525691684,1.2953313573595
U-0039,T-017,0.693147180559945,0.76731860474913593312,0.531864727473055
U-0039,T-019,1.09861228866811,0.81335918391135145044,0.893566394546076
U-0039,T-026,1.38629436111989,0.92382498376493722298,1.28069336565501
U-0039,T-027,0.693147180559945,0.68975550476637408252,0.478102083404514
U-0039,T-028,1.6094379124341,0.85029333729498349985,1.36849433373266
U-0039,T-029,1.6094379124341,0.76722278479583328722,1.23479743713368
U-0039,T-030,1.38629436111989,0.93389962803443448744,1.2946597881961
U-0040,hack-10-1,0.693147180559945,0.84192848334627279596,0.58358035446458
U-0040,hack-13,5,0.91006959332346907155,4.55034796661734
U-0040,hack-14,1.10903548889591,0.92514650872001358823,1.02602031059865
U-0040,hack-2,1.10903548889591,0.75491877881854198779,0.837231716943727
U-0040,hack-2-1,5,0.95532968655931634919,4.77664843279658
U-0040,hack-2-2,1.51450059700408,0.94356969135626120841,1.42903686087401
U-0040,hack-3,0.693147180559945,0.70560559009932843359,0.489088525364686
U-0040,hack-3-2,2.44121452910603,0.95273744116484361167,2.32583648379492
U-0040,hack-4,1.51450059700408,0.92517397060870661058,1.40117653081952
U-0040,hack-4-2,1.51450059700408,0.94364236445153650327,1.42914692432019
U-0040,hack-5,10.93038890534,0.94371226711894674539,10.3151420943502
U-0040,hack-5-1,1.75777966186898,0.95268597718881805487,1.67461203485028
U-0040,hack-5-2,0.693147180559945,0.95420746391028784382,0.661406213278672
U-0040,hack-6,3.10903548889591,0.95282508918592009252,2.96236701698944
U-0040,hack-6-2,5,0.95190134038303909919,4.7595067019152
U-0040,hack-7-1,5.10903548889591,0.95260980541618236933,4.86691730294151
U-0040,hack-9-1,1.10903548889591,0.62927414077139363224,0.697887354359958
U-0040,T-001,1.09861228866811,0.94487015694581488426,1.03804596561644
U-0040,T-002,1.09861228866811,0.94460134879076991832,1.03775064967401
U-0040,T-003,0.693147180559945,0.93439022437500553835,0.64766994956831
U-0040,T-004,0.693147180559945,0.62943234306982784066,0.436289253952091
U-0040,T-005,1.09861228866811,0.90325352469216293441,0.992325422009594
U-0040,T-006,1.09861228866811,0.70472427659636165743,0.774218750391507
U-0040,T-008,0.693147180559945,0.93439022437500553835,0.64766994956831
U-0040,T-010,0.693147180559945,0.62937713604842213855,0.436250987360857
U-0040,T-012,0.693147180559945,0.84199625524305976338,0.583627330363759
U-0040,T-014,4.69314718055995,0.90331826138147144381,4.23940555155076
U-0040,T-016,4,0.74890383699685268762,2.99561534798741
U-0040,T-020,0.693147180559945,0.94496845270619181344,0.655002218711391
U-0040,T-026,0.693147180559945,0.56799158254090284835,0.393701764020008
U-0040,T-027,1.09861228866811,0.84205885340237300735,0.925096204129625
U-0040,T-030,4.69314718055995,0.95607856599987224581,4.4870174264161
U-0041,hack-10-1,6.51450059700408,0.98043817481982762992,6.38706507518935
U-0041,hack-11,5,0.90329203714905059511,4.51646018574525
U-0041,hack-12,5,0.75821282449802951009,3.79106412249015
U-0041,hack-2,8.04546173432076,0.96861317750488517716,7.79294025497439
U-0041,hack-3-2,2.21807097779182,0.98588086385505142119,2.18675373167722
U-0041,hack-4,1.10903548889591,0.97469746492479554398,1.08097407953848
U-0041,hack-4-2,1.75777966186898,0.98598738105120833949,1.73314856527127
U-0041,hack-5,5.75777966186898,0.90716474024013488369,5.2232546913193
U-0041,hack-5-1,0.693147180559945,0.98591909271291234877,0.683387039374174
U-0041,hack-5-2,1.51450059700408,0.86993271041009820732,1.31751360926947
U-0041,hack-6-2,1.51450059700408,0.90704029903694088862,1.3737130743982
U-0041,hack-7,2.41588830833597,0.97460268620606127710,2.35453123487805
U-0041,hack-7-1,3.51450059700408,0.98052102932142951589,3.44604174292522
U-0041,hack-8-1,1.80218266945586,0.90709245067950655545,1.63474629420885
U-0041,hack-9-1,1.10903548889591,0.98392731563812410141,1.09121031153677
U-0041,T-001,1.09861228866811,0.90080717129686501344,0.989637828107095
U-0041,T-002,0.693147180559945,0.54865802828150560917,0.380300765394904
U-0041,T-004,0.693147180559945,0.77100073566161093104,0.534416986133489
U-0041,T-006,0.693147180559945,0.87106455116939754150,0.603775937728782
U-0041,T-008,1.09861228866811,0.62767737362909229142,0.689574075987845
U-0041,T-010,4,0.64666850101280987282,2.58667400405124
U-0041,T-013,0.693147180559945,0.59861140471756285314,0.414925807431007
U-0041,T-014,0.693147180559945,0.64758433984419220520,0.448871259337775
U-0041,T-015,0.693147180559945,0.98404967393875837375,0.682091257021584
U-0041,T-017,0.693147180559945,0.65238450564643215621,0.452198480729818
U-0041,T-018,1.09861228866811,0.87133751532860709441,0.957262101917545
U-0041,T-028,1.38629436111989,0.97483666278738143795,1.35141056863508
U-0041,T-029,0.693147180559945,0.87097836828152962447,0.603716200303044
U-0042,hack-10-1,2.04546173432076,0.88895694622025424782,1.81832741695216
U-0042,hack-11,1.10903548889591,0.84947842485734642689,0.942101720218197
U-0042,hack-13,1.10903548889591,0.65762272662014686794,0.729326942126237
U-0042,hack-2,1.51450059700408,0.97440030726184479783,1.47572984706902
U-0042,hack-2-2,2.02532622077007,0.95239536032870480323,1.92891129581348
U-0042,hack-3,6.10903548889591,0.95538023154874083585,5.83645173992085
U-0042,hack-3-1,5,0.61930180622819403505,3.09650903114097
U-0042,hack-3-2,7.75777966186898,0.88667198947010628291,6.87860592666009
U-0042,hack-4,5,0.96832533113406465773,4.84162665567032
U-0042,hack-4-2,5.69314718055995,0.92965142593400007944,5.29264239445969
U-0042,hack-5,1.10903548889591,0.93065613225928606063,1.03213067863416
U-0042,hack-5-2,6.10903548889591,0.95231488245974711940,5.81772541355033
U-0042,hack-6-2,7.26860528563497,0.93758022272966709767,6.81490056263967
U-0042,hack-7-1,1.10903548889591,0.88677798484936952881,0.983468255969553
U-0042,hack-8,0.693147180559945,0.93757846765121119968,0.649879871406151
U-0042,hack-8-1,2.04546173432076,0.93756668363809145257,1.91775677475573
U-0042,hack-9-1,1.38629436111989,0.64333365827513149840,0.891849822785445
U-0042,T-006,0.693147180559945,0.88460911643697286483,0.613164314955912
U-0042,T-010,1.38629436111989,0.88466636588362600423,1.2264079944969
U-0042,T-012,4,0.95775982628673163262,3.83103930514693
U-0042,T-015,4,0.84323878740128562169,3.37295514960514
U-0042,T-019,0.693147180559945,0.77433947132831076007,0.536731221347497
U-0042,T-026,0.693147180559945,0.77426906997052257075,0.536682422844839
U-0042,T-027,1.09861228866811,0.77444570666933696139,0.850815570253192
U-0042,T-028,1.09861228866811,0.59413313621163808868,0.65272196454703
U-0042,T-029,1.38629436111989,0.93095184166310631855,1.29057328857174
U-0043,hack-10-1,3.10903548889591,0.82857526008623573722,2.57606988882927
U-0043,hack-2-2,0.693147180559945,0.55837789256044955179,0.38703806191528
U-0043,hack-3,3.75777966186898,0.90881891678714348185,3.41514124182452
U-0043,hack-5-1,1.10903548889591,0.83160255883064156466,0.922276750399832
U-0043,hack-6,5.69314718055995,0.76178296425652456026,4.33694253515563
U-0043,hack-6-2,6.75777966186898,0.91170882393770035207,6.16112734795267
U-0043,hack-7-1,3.10903548889591,0.90873142859988946946,2.82527826139214
U-0043,hack-9-1,1.93038890534004,0.93141022500122122925,1.79798396466263
U-0043,T-003,0.693147180559945,0.77606372329280906720,0.537926381735264
U-0043,T-005,0.693147180559945,0.82893229568373091690,0.574572083628261
U-0043,T-006,0.693147180559945,0.72496316803328211075,0.502506175932075
U-0043,T-008,4,0.90712493611906893404,3.62849974447628
U-0043,T-012,0.693147180559945,0.82881326672698056931,0.574489579042484
U-0043,T-019,1.09861228866811,0.77616791201579269036,0.852707606210418
U-0043,T-020,0.693147180559945,0.82871575108496870011,0.574421986350164
U-0043,T-026,1.79175946922805,0.90995612308027089652,1.63042250011112
U-0043,T-030,1.38629436111989,0.72486372050749146854,1.00487448831992
U-0044,hack-10-1,5.10903548889591,0.66219079907824062131,3.38315629291107
U-0044,hack-11,3.10903548889591,0.69105231014381769796,2.14850615692063
U-0044,hack-15,1.51450059700408,0.69333266306754986980,1.05005273213823
U-0044,hack-2,1.51450059700408,0.75631313599339982098,1.14543669598403
U-0044,hack-2-2,8.21807097779183,0.86920192859963401009,7.14316314326533
U-0044,hack-3,1.51450059700408,0.69102422115220315243,1.04655659547929
U-0044,hack-3-2,6.45092684242892,0.79227936895960064030,5.11093624792413
U-0044,hack-4-2,5,0.64556124146138068696,3.2278062073069
U-0044,hack-5-2,6.86681515076489,0.79232576977824932031,5.44075460025473
U-0044,hack-6,2.86681515076489,0.78444988070994076846,2.24887280303497
U-0044,hack-6-2,1.09861228866811,0.86920820450631324963,0.954922814881779
U-0044,hack-7-1,6.10903548889591,0.74009091764139054490,4.5212416808808
U-0044,hack-8-1,4.04546173432076,0.81209169874788003493,3.28528589204409
U-0044,hack-9,1.10903548889591,0.75636167795090119279,0.83883194328841
U-0044,T-001,4,0.66029699967044365845,2.64118799868177
U-0044,T-002,1.09861228866811,0.81229303830095467666,0.892395113876984
U-0044,T-005,1.09861228866811,0.75514254515356632656,0.829608879801821
U-0044,T-006,5.09861228866811,0.86408321351630577005,4.40562529086607
U-0044,T-013,0.693147180559945,0.78958097469611772894,0.547295826434388
U-0044,T-014,0.693147180559945,0.81221288745068682430,0.562983072950896
U-0044,T-015,4.69314718055995,0.73562569545011436787,3.45239965854915
U-0044,T-017,1.09861228866811,0.70526188272049839748,0.774809371085947
U-0044,T-019,1.38629436111989,0.78952438903807441708,1.09451320849011
U-0044,T-020,0.693147180559945,0.70535222773767754959,0.488912907958048
U-0044,T-028,0.693147180559945,0.73938624843332099728,0.512503493446352
U-0044,T-029,1.09861228866811,0.85703440474088399555,0.941548528859694
U-0044,T-030,1.09861228866811,0.68825765132090136208,0.756128313510993
U-0045,hack-10-1,1.75777966186898,0.77516429654938511173,1.36256803508148
U-0045,hack-15,6.35231455376081,0.98505301819183210840,6.25736662368599
U-0045,hack-2,1.51450059700408,0.76395648791304357236,1.15701255702944
U-0045,hack-2-1,5,0.82254690416989463914,4.11273452084947
U-0045,hack-2-2,1.10903548889591,0.85072525442632442732,0.943484498458798
U-0045,hack-3,1.10903548889591,0.82366580099399369867,0.913474604292217
U-0045,hack-3-2,0.693147180559945,0.64092360727818624315,0.444254391339184
U-0045,hack-4,1.75777966186898,0.77282584260058742533,1.35845754829007
U-0045,hack-4-1,0.415888308335967,0.77513341053700115358,0.322368922842922
U-0045,hack-4-2,5,0.84958261626581526056,4.24791308132908
U-0045,hack-5,7.10903548889591,0.82370478846301752517,5.85574657355709
U-0045,hack-5-2,5.75777966186898,0.64099542557248491477,3.6907104247123
U-0045,hack-6-2,1.10903548889591,0.82928356929762927331,0.919704908709344
U-0045,hack-7,1.10903548889591,0.76400409027897336081,0.847307649781018
U-0045,hack-7-1,3.51450059700408,0.92245774684439541550,3.24197830199566
U-0045,hack-8,0.693147180559945,0.77518792828919452179,0.53731932689776
U-0045,hack-8-1,2.21807097779182,0.92973666197417226081,2.06222190691396
U-0045,hack-9-1,5.75777966186898,0.93085748995282549085,5.35967232374878
U-0045,T-004,0.693147180559945,0.69051094445289616964,0.47862571429331
U-0045,T-007,0.693147180559945,0.92252830051079475360,0.639447890485815
U-0045,T-008,0.693147180559945,0.77301920150675356932,0.535816080043106
U-0045,T-010,0.693147180559945,0.92757979974921759164,0.642949322940529
U-0045,T-012,4,0.84968947804006415149,3.39875791216026
U-0045,T-013,1.09861228866811,0.92760014019001029952,1.01907291298301
U-0045,T-026,0.693147180559945,0.92783397938844057291,0.643125506840812
U-0045,T-028,1.09861228866811,0.92283401316646886233,1.01383678726559
U-0045,T-029,0.693147180559945,0.68968051948997391691,0.478050107571594
U-0045,T-030,5.38629436111989,0.93371647186608415636,5.02927176729705
U-0046,hack-10,1.51450059700408,0.75917413753123632013,1.14976968452111
U-0046,hack-10-1,6.75777966186898,0.93283610064297372751,6.30390082878225
U-0046,hack-12,1.10903548889591,0.90877529825555821801,1.00786405719738
U-0046,hack-2,1.35231455376081,0.92663242823486893593,1.25309851868873
U-0046,hack-2-2,7.44121452910603,0.97763840015496711328,7.27481706744512
U-0046,hack-3,3.51450059700408,0.93288421192375126435,3.2786221197417
U-0046,hack-3-2,4.04546173432076,0.93278442928815851094,3.77354371505547
U-0046,hack-4,2,0.80921685804322877889,1.61843371608646
U-0046,hack-4-2,4.21807097779183,0.93285826741170103891,3.93486238416246
U-0046,hack-5,3.80218266945586,0.92680243331926205318,3.52387214997602
U-0046,hack-5-2,2.02532622077007,0.97165638549464293566,1.96792115512097
U-0046,hack-6,1.10903548889591,0.78464323991187342830,0.870197199184537
U-0046,hack-6-1,1.10903548889591,0.90881345363237549454,1.00790637286436
U-0046,hack-6-2,7.75777966186898,0.90776249063832192488,7.0422213876815
U-0046,hack-7,1.10903548889591,0.93282034980739488513,1.0345308727007
U-0046,hack-7-1,3.10903548889591,0.93277847784070516685,2.90004139088506
U-0046,hack-8,0.693147180559945,0.54687181037760094879,0.379062653490947
U-0046,hack-8-1,2.77768676572725,0.90870506738714262690,2.52409803963055
U-0046,hack-9-1,2.21807097779182,0.97972341273270709170,2.17309606804558
U-0046,T-001,4,0.70574841330669515033,2.82299365322678
U-0046,T-002,1.09861228866811,0.90704107740848428524,0.996486473967723
U-0046,T-003,0.693147180559945,0.90359791920622392893,0.626326350057627
U-0046,T-004,0.693147180559945,0.90718055956527602161,0.628809647121465
U-0046,T-009,0.693147180559945,0.97987328566180786462,0.679196405262492
U-0046,T-010,4,0.76659669195799791349,3.06638676783199
U-0046,T-011,0.693147180559945,0.80949064635671394496,0.561096159211804
U-0046,T-013,0.693147180559945,0.90735791480551423513,0.628932580406193
U-0046,T-016,0.693147180559945,0.97978026742133107675,0.679131929931365
U-0046,T-017,4,0.77497372896292755918,3.09989491585171
U-0046,T-020,0.693147180559945,0.98010311787671764042,0.679355712814259
U-0046,T-026,1.09861228866811,0.91139255864258370257,1.00126706472541
U-0046,T-027,0.693147180559945,0.90380212660076034250,0.6264678958374
U-0046,T-028,1.38629436111989,0.90370062129953683865,1.25279507544809
U-0046,T-030,1.38629436111989,0.81169107665513572835,1.12524276253835
U-0047,hack-12,1.10903548889591,0.79652590312814293890,0.883375494393978
U-0047,hack-14,1.10903548889591,0.79160430114106731256,0.877917263128091
U-0047,hack-15,0.415888308335967,0.95232886449198556489,0.396062440433084
U-0047,hack-2,1.75777966186898,0.95215290393264172735,1.67367500952228
U-0047,hack-2-2,1.51450059700408,0.84207152401624944332,1.27531782584274
U-0047,hack-3,7.10903548889591,0.95166835927563451158,6.76544413974983
U-0047,hack-3-2,5.35231455376081,0.92999172685442923369,4.97760825452011
U-0047,hack-4,1.10903548889591,0.92946174219394114847,1.0308060576641
U-0047,hack-4-2,1.75777966186898,0.95227487602920697875,1.67388940959294
U-0047,hack-5,3.80218266945586,0.95224431787852489150,3.62060684252554
U-0047,hack-5-2,1.10903548889591,0.75774316591232390117,0.840364062465111
U-0047,hack-6,1.75777966186898,0.86314230813286427583,1.51721399453459
U-0047,hack-6-2,2.44121452910603,0.93029203971187968199,2.27104244365633
U-0047,hack-7,1.10903548889591,0.93033184484149276664,1.03177103237922
U-0047,hack-7-1,3.80218266945586,0.80371534468482845093,3.0558725547364
U-0047,hack-8,5,0.75525521915854636908,3.77627609579273
U-0047,hack-8-1,1.51450059700408,0.80363410605802576184,1.21710433339772
U-0047,hack-9-1,0.693147180559945,0.86018103337002709639,0.596232058051574
U-0047,T-002,1.09861228866811,0.84217308857273701740,0.925221704291585
U-0047,T-006,0.693147180559945,0.79172306766549597542,0.548780612136609
U-0047,T-009,4,0.78062843700434637856,3.12251374801739
U-0047,T-013,4.69314718055995,0.73963108728390760442,3.47119755194096
U-0047,T-014,0.693147180559945,0.94504822230372427427,0.655057510783015
U-0047,T-016,0.693147180559945,0.53525723598676339994,0.371012043998534
U-0047,T-018,5.09861228866811,0.88907000091443237696,4.53302323214849
U-0047,T-019,5.09861228866811,0.73966471244809466243,3.77126359238202
U-0047,T-026,0.693147180559945,0.75164173589732823618,0.520998350028416
U-0047,T-027,1.6094379124341,0.95226762474596310174,1.53261561804972
U-0047,T-028,1.09861228866811,0.93022005820139658465,1.02195118710562
U-0047,T-029,1.38629436111989,0.67158125557544375476,0.931009307638054
U-0047,T-030,1.94591014905531,0.86073076975934773231,1.67490474047891
U-0048,hack-10,1.10903548889591,0.93398461717595757772,1.035822086531
U-0048,hack-10-1,6.21807097779183,0.69231140526238994697,4.30484145665634
U-0048,hack-13,0.693147180559945,0.64232882053553159219,0.445228410946599
U-0048,hack-2,2.26860528563497,0.93395714351814005877,2.11878011234179
U-0048,hack-3,1.10903548889591,0.93392942091900287019,1.03576087192318
U-0048,hack-3-2,1.80218266945586,0.95291190205166903085,1.71732131539574
U-0048,hack-4,8.91157289651577,0.91126179252844583523,8.12077589192688
U-0048,hack-4-2,0.693147180559945,0.62487378425567951774,0.433129501762648
U-0048,hack-5,2.44121452910603,0.95296388791118223405,2.32638928888215
U-0048,hack-5-2,1.09861228866811,0.92978433268484517435,1.02147249369865
U-0048,hack-6,1.38629436111989,0.71537972265364057645,0.991726875574253
U-0048,hack-6-1,1.80218266945586,0.94695617527694569951,1.70658800781832
U-0048,hack-6-2,5.80218266945586,0.91128981704592128206,5.28746998331544
U-0048,hack-7-1,6.21807097779183,0.94439898041053480998,5.87233989154694
U-0048,hack-8-1,1.51450059700408,0.71543271619516491459,1.08352327579383
U-0048,hack-9-1,7.51450059700408,0.92970999200755455247,6.98630628998142
U-0048,T-004,0.693147180559945,0.56050034693855922621,0.388509235183333
U-0048,T-007,1.09861228866811,0.80938574960273683071,0.889201130786416
U-0048,T-011,4.69314718055995,0.69238287162353577592,3.249454721828
U-0048,T-013,4,0.57261986827575864416,2.29047947310303
U-0048,T-015,0.693147180559945,0.62058441746943151004,0.430156339268372
U-0048,T-016,1.09861228866811,0.81114359547693424458,0.891132321865394
U-0048,T-019,0.693147180559945,0.85032810178286303860,0.589402526301682
U-0048,T-020,1.09861228866811,0.80931757254108140751,0.889126230628676
U-0048,T-027,1.38629436111989,0.58862895625303154224,0.816013002845464
U-0048,T-028,0.693147180559945,0.62419190291136295357,0.432656857631358
U-0048,T-029,1.09861228866811,0.80947016725537176446,0.889293873056982
U-0049,hack-10-1,3.51450059700408,0.94622314365227892511,3.32550180326501
U-0049,hack-11,1.51450059700408,0.89152235998899189863,1.35021114644581
U-0049,hack-14,1.10903548889591,0.72140687279540116431,0.800065823863519
U-0049,hack-15,5,0.67325030027985848642,3.36625150139929
U-0049,hack-2,3.75777966186898,0.78506037395867897086,2.95008390660118
U-0049,hack-2-2,0.693147180559945,0.79352798754169148946,0.550031687259931
U-0049,hack-3,5,0.92371409062702232702,4.61857045313511
U-0049,hack-3-1,1.10903548889591,0.72145529661425072880,0.800119527597131
U-0049,hack-3-2,4.57510065989456,0.85070680626482066299,3.89206927071897
U-0049,hack-4,2.44121452910603,0.88537650937731383096,2.16139399842108
U-0049,hack-4-2,3.10903548889591,0.64336940207654678050,2.00025830352573
U-0049,hack-5,2.02532622077007,0.88845258077943373504,1.79940630776342
U-0049,hack-5-1,1.10903548889591,0.60165664896436433100,0.66725857583167
U-0049,hack-5-2,2.44121452910603,0.94610245270097360746,2.30963905355647
U-0049,hack-6,1.10903548889591,0.94947726680072039323,1.05300398478189
U-0049,hack-6-2,0.693147180559945,0.77159576218566547465,0.534829427090996
U-0049,hack-7-1,2.69314718055995,0.94048167449609075757,2.53285557003744
U-0049,hack-8-1,1.75777966186898,0.91248702681513378578,1.60395113745493
U-0049,hack-9-1,9.21807097779183,0.94628488669464185235,8.7229212507629
U-0049,T-001,0.693147180559945,0.91285239093445461432,0.632741061043622
U-0049,T-002,4,0.74756782120660764898,2.99027128482643
U-0049,T-003,0.693147180559945,0.90202767720166852235,0.625237941239373
U-0049,T-004,0.693147180559945,0.95550240550112015435,0.662303798391347
U-0049,T-006,0.693147180559945,0.75813960948638183914,0.525502332786304
U-0049,T-007,4.69314718055995,0.90209690952240639956,4.23367356751692
U-0049,T-008,4,0.72200426886958202728,2.88801707547833
U-0049,T-009,0.693147180559945,0.87931005550342442330,0.609491285810208
U-0049,T-010,4,0.73191140829485702887,2.92764563317943
U-0049,T-011,1.09861228866811,0.89035204671392285560,0.978151699760719
U-0049,T-012,4,0.74365002747206447034,2.97460010988826
U-0049,T-013,1.09861228866811,0.79175351308330419653,0.869830139069465
U-0049,T-014,0.693147180559945,0.91263735265734137815,0.632592007868129
U-0049,T-015,1.09861228866811,0.90227833787958576742,0.99125406979355
U-0049,T-016,4.69314718055995,0.95366544445684936757,4.47569229185011
U-0049,T-017,0.693147180559945,0.89015206847745027613,0.617006396534748
U-0049,T-019,1.09861228866811,0.79163643557192681368,0.869701516276739
U-0049,T-020,1.09861228866811,0.58862895625303154224,0.646675004805464
U-0049,T-026,6.19722457733622,0.87001073522744589255,5.39165191089788
U-0049,T-027,1.79175946922805,0.92428092302275298140,1.65608909605286
U-0049,T-028,0.693147180559945,0.89022610280189315699,0.617057713218
U-0049,T-029,1.38629436111989,0.91200783453388445298,1.26431131831149
U-0049,T-030,0.693147180559945,0.94988944764464665711,0.658413192478531
U-0050,hack-10-1,7.04546173432076,0.92544006384120540442,6.52015255720057
U-0050,hack-11,0.693147180559945,0.58860127086110699910,0.407987311371377
U-0050,hack-2,5.75777966186898,0.87579477038960411086,5.04263331692047
U-0050,hack-2-2,3.51450059700408,0.78741151919415776123,2.76735825429575
U-0050,hack-3,8.75742221668851,0.95172002151446414071,8.33461406047804
U-0050,hack-3-2,6.51450059700408,0.86378504502921625624,5.62712819152602
U-0050,hack-4,2.44121452910603,0.89043496657856084330,2.17374277763563
U-0050,hack-4-2,8.10903548889591,0.89044711069178003105,7.22066722158447
U-0050,hack-5,5.69314718055995,0.87729022038661900979,4.99454234472689
U-0050,hack-5-2,2.21807097779182,0.93653315288936662734,2.07729700616378
U-0050,hack-6,1.10903548889591,0.58862425207649907993,0.652805185177651
U-0050,hack-6-2,9.86681515076489,0.95375517642961695264,9.41052602491618
U-0050,hack-7-1,1.51450059700408,0.80391185145896219216,1.21752497897325
U-0050,hack-8-1,8.44121452910603,0.94732609383834030929,7.99658278710946
U-0050,hack-9-1,2.21807097779182,0.72229723689568584430,1.60210653849755
U-0050,T-002,0.693147180559945,0.81774563845979494918,0.566818083713599
U-0050,T-003,1.09861228866811,0.87181690631136012496,0.957788766742274
U-0050,T-006,4,0.74050250838045268442,2.96201003352181
U-0050,T-008,4.69314718055995,0.74684255658414888503,3.50504203875508
U-0050,T-009,5.38629436111989,0.91898574411452863985,4.94992773147365
U-0050,T-010,0.693147180559945,0.74035483233851010437,0.513174864649369
U-0050,T-011,5.09861228866811,0.88264962819137772892,4.5002882408849
U-0050,T-013,1.09861228866811,0.92716854848564671180,1.01859876103291
U-0050,T-014,0.693147180559945,0.95415594604394596242,0.661370503814868
U-0050,T-015,0.693147180559945,0.74671295015917669918,0.517581976090432
U-0050,T-019,0.693147180559945,0.81765511002720795194,0.566755334185791
U-0050,T-026,0.693147180559945,0.87587861914623302538,0.607112795373949
U-0050,T-027,0.693147180559945,0.92718416892923119953,0.642675092553113
U-0050,T-028,1.6094379124341,0.81055639657216572901,1.30454019480921
U-0050,T-029,0.693147180559945,0.93665112025403878303,0.649237083172401
U-0050,T-030,0.693147180559945,0.92740040273581091922,0.642824974406485
U-0051,hack-10-1,7.45092684242892,0.93931130862349620247,6.99873984281984
U-0051,hack-13,0.693147180559945,0.93936883258606681056,0.65112085781292
U-0051,hack-15,1.10903548889591,0.75586176856571214907,0.838277526039004
U-0051,hack-2,8.45092684242892,0.97036670662091461227,8.20049804798204
U-0051,hack-2-2,6.04546173432076,0.88767291155047362165,5.36639261937148
U-0051,hack-3,5,0.95352355379645355072,4.76761776898227
U-0051,hack-4,5.93038890534004,0.75580820575866094928,4.48223659799613
U-0051,hack-5,3.10903548889591,0.93207787064587994517,2.89786317825257
U-0051,hack-5-2,0.693147180559945,0.84320436979866141988,0.584464731561768
U-0051,hack-6,7.10903548889591,0.88927156693285522712,6.32186312859174
U-0051,hack-6-2,7.51450059700408,0.93313285680844700431,7.0120274095712
U-0051,hack-7,1.10903548889591,0.57347371708502158156,0.636002704196343
U-0051,hack-7-1,2.04546173432076,0.95600268745358018398,1.9554669150941
U-0051,hack-8,0.693147180559945,0.94459526890143387489,0.654743547409292
U-0051,hack-8-1,2.57510065989456,0.94451519756367894818,2.43222170852667
U-0051,hack-9-1,10.5249237972319,0.94458314409874380165,9.94166561178898
U-0051,T-002,0.693147180559945,0.85190458065165062274,0.590495258184794
U-0051,T-003,4.69314718055995,0.85122658477216833524,3.99493164634117
U-0051,T-007,0.693147180559945,0.68762258287215346667,0.476623654607181
U-0051,T-011,1.38629436111989,0.93275263828803886855,1.29306972277841
U-0051,T-012,4.69314718055995,0.73948240326679656195,3.47049975596526
U-0051,T-013,1.09861228866811,0.92675474969388959314,1.01814415659525
U-0051,T-014,1.09861228866811,0.85190458065165062274,0.935912841076556
U-0051,T-015,4,0.75489801082371563412,3.01959204329486
U-0051,T-016,5.09861228866811,0.94360056159772843258,4.81105341895631
U-0051,T-019,1.38629436111989,0.73315658720172409858,1.01637084265565
U-0051,T-020,0.693147180559945,0.59089251941210948699,0.409575483844466
U-0051,T-026,1.6094379124341,0.97065660406685386781,1.56221153853973
U-0051,T-027,1.38629436111989,0.95392448117898331179,1.32242012919264
U-0051,T-028,0.693147180559945,0.85190458065165062274,0.590495258184794
U-0051,T-029,1.38629436111989,0.93224363949516215314,1.29236410062203
U-0051,T-030,1.38629436111989,0.88946587658321857729,1.23306152911588
U-0052,hack-2,6.10903548889591,0.97208751492365594050,5.93851712698125
U-0052,hack-2-2,3.51450059700408,0.93382650634460100248,3.28193381404633
U-0052,hack-3,0.415888308335967,0.93376133119866011165,0.388340420421752
U-0052,hack-3-2,6.10903548889591,0.83073076318324238942,5.07496371400401
U-0052,hack-4,4.77768676572725,0.97202330850601315420,4.64402289702759
U-0052,hack-4-2,1.51450059700408,0.97205424143286838922,1.47217672897042
U-0052,hack-5,3.10903548889591,0.93372362658216893688,2.90297989186456
U-0052,hack-5-2,1.75777966186898,0.88850115272121116891,1.56178925580049
U-0052,hack-6,4,0.98633910925269587915,3.94535643701078
U-0052,hack-6-2,0.693147180559945,0.80266938392639172232,0.556368020390367
U-0052,hack-7-1,2.04546173432076,0.93362225615659283107,1.90968859927852
U-0052,hack-9-1,6.51450059700408,0.92699543927539515642,6.03891234257962
U-0052,T-001,0.693147180559945,0.77369125717669861802,0.536281913535908
U-0052,T-007,0.693147180559945,0.84814783025392648452,0.587891277238544
U-0052,T-010,5.09861228866811,0.97274944738813037640,4.95967228624824
U-0052,T-013,0.693147180559945,0.85389697043690917960,0.591876277547023
U-0052,T-015,4.69314718055995,0.98638025740841093682,4.62922772401628
U-0052,T-017,5.38629436111989,0.96204781307116684846,5.18187271067295
U-0052,T-019,0.693147180559945,0.84830978798837410834,0.588003537785546
U-0052,T-020,0.693147180559945,0.76743236492897049104,0.531943580020967
U-0052,T-026,0.693147180559945,0.77380195599949244872,0.536358644112819
U-0052,T-027,0.693147180559945,0.84825693283555038437,0.587966901385389
U-0052,T-028,1.09861228866811,0.85403581690034679590,0.938254243409429
U-0052,T-029,0.693147180559945,0.96211573443186441167,0.666887808693808
U-0053,hack-10-1,4.44121452910603,0.93678567328209445282,4.16046614283882
U-0053,hack-12,1.10903548889591,0.92185726402883378751,1.02237242150447
U-0053,hack-14,1.10903548889591,0.84344434339850417340,0.935409709737452
U-0053,hack-15,3.10903548889591,0.94168450637455869503,2.92773054966193
U-0053,hack-2,6.21807097779183,0.95058281128304651646,5.91079139082688
U-0053,hack-2-1,3.35231455376081,0.95062450146516031852,3.18679235142327
U-0053,hack-2-2,5.1134562384885,0.81092564626954182853,4.14663280486731
U-0053,hack-3,0.693147180559945,0.93655147267230103066,0.64916801273207
U-0053,hack-3-2,5.10903548889591,0.92186539926194932362,4.7098430408145
U-0053,hack-4,0.693147180559945,0.77530290905530361610,0.537399025491607
U-0053,hack-5,2.04546173432076,0.93667896071536458188,1.91594097148661
U-0053,hack-5-1,0.693147180559945,0.92304198155584766234,0.639803947053901
U-0053,hack-5-2,6.75777966186898,0.86217508002780201764,5.82638922078214
U-0053,hack-6,6.80218266945586,0.94177013018471476096,6.40609245815365
U-0053,hack-6-2,6.44121452910603,0.94175275295829897513,6.0660315151806
U-0053,hack-7-1,1.09861228866811,0.93659480163220345318,1.02895455857581
U-0053,hack-8-1,2.26860528563497,0.95052332967646812560,2.15636224982338
U-0053,hack-9,1.10903548889591,0.84339517447178595686,0.93535517965277
U-0053,hack-9-1,3.10903548889591,0.65810915323258200456,2.04608471296734
U-0053,T-001,1.09861228866811,0.87889906193867544914,0.965569309944703
U-0053,T-003,0.693147180559945,0.94549520229473794231,0.655367333703553
U-0053,T-005,0.693147180559945,0.67440170382931374657,0.467459639574112
U-0053,T-009,0.693147180559945,0.95505176424106021815,0.661991437672492
U-0053,T-010,0.693147180559945,0.92998970197031046619,0.644619739870504
U-0053,T-014,0.693147180559945,0.92977112397589155543,0.644468233149941
U-0053,T-016,4.69314718055995,0.92991907502029367841,4.3642470850804
U-0053,T-017,1.09861228866811,0.74162601256084286708,0.814759450995272
U-0053,T-018,0.693147180559945,0.77637374161733754961,0.538141270062833
U-0053,T-019,0.693147180559945,0.78398406476185791975,0.543416344093607
U-0053,T-026,1.38629436111989,0.92605764066481604667,1.28378848532562
U-0053,T-027,0.693147180559945,0.65267615928667337388,0.452400639628251
U-0053,T-028,1.38629436111989,0.87747319469504142081,1.21643614183959
U-0053,T-030,1.09861228866811,0.77480598049729057688,0.851211371507867
U-0054,hack-10-1,3.80218266945586,0.89212778371858520220,3.39203279819487
U-0054,hack-2,1.10903548889591,0.88807444308468936084,0.984906074162394
U-0054,hack-2-2,1.10903548889591,0.93439022437500553835,1.0362719193093
U-0054,hack-3,6.10903548889591,0.95591313999676785937,5.83970729654218
U-0054,hack-3-1,0.693147180559945,0.78341431871289973086,0.543021426226137
U-0054,hack-3-2,8.57510065989456,0.87914927361171622809,7.53879351629365
U-0054,hack-4,6.10903548889591,0.92908983114649050429,5.67584275084622
U-0054,hack-5,0.415888308335967,0.88991663502746572877,0.370105923901609
U-0054,hack-5-2,5,0.75685744051992270378,3.78428720259961
U-0054,hack-6,3.51450059700408,0.88822240980923662633,3.12165818954696
U-0054,hack-6-1,0.693147180559945,0.66034445879497741664,0.457715899812122
U-0054,hack-6-2,4.04546173432076,0.78994914777790667965,3.19570904939481
U-0054,hack-7,0.415888308335967,0.88523091221186588922,0.368157186566498
U-0054,hack-7-1,6.02532622077007,0.89203641573038092013,5.37481040558201
U-0054,hack-8-1,0.693147180559945,0.87021721137036699941,0.603188606536108
U-0054,hack-9-1,3.51450059700408,0.95366806358983598818,3.3516669788302
U-0054,T-001,0.693147180559945,0.59040862061177802320,0.40924007075534
U-0054,T-005,4.69314718055995,0.61533212818472881111,2.88784424249811
U-0054,T-006,0.693147180559945,0.56113625274431402662,0.388950011499694
U-0054,T-007,1.09861228866811,0.75693577229830570196,0.831578941179405
U-0054,T-008,0.693147180559945,0.59045788304572704940,0.40927421687254
U-0054,T-009,0.693147180559945,0.57067361847806358641,0.395560809668012
U-0054,T-010,4,0.69091071130832218305,2.76364284523329
U-0054,T-011,0.693147180559945,0.56123650035829244176,0.389019497850681
U-0054,T-013,1.09861228866811,0.87022302918115821792,0.956037713740408
U-0054,T-014,4,0.61821620199156643642,2.47286480796627
U-0054,T-017,4.69314718055995,0.62203789306611513493,2.91931538404469
U-0054,T-018,4,0.86737277775089540306,3.46949111100358
U-0054,T-019,0.693147180559945,0.57060494885825212580,0.395513211514649
U-0054,T-026,0.693147180559945,0.56789149936924222200,0.39363239165175
U-0054,T-027,0.693147180559945,0.95314776630110955715,0.660671686868624
U-0054,T-028,1.38629436111989,0.92947228246437277116,1.28852218399759
U-0054,T-029,0.693147180559945,0.89005967228041463659,0.616942352371278
U-0054,T-030,5.6094379124341,0.86286289349702839930,4.84017582801482
U-0055,hack-10-1,1.80218266945586,0.79373144810305781967,1.43044905997343
U-0055,hack-15,1.10903548889591,0.73290436652958344518,0.812816952448086
U-0055,hack-2,1.51450059700408,0.97714147324076270378,1.47988134458058
U-0055,hack-2-1,0.415888308335967,0.79078872549787211620,0.328879785298466
U-0055,hack-2-2,13.268605285635,0.97725331823031405345,12.9667885436751
U-0055,hack-3,4.21807097779183,0.97707771687285999465,4.12138316058851
U-0055,hack-3-1,3.10903548889591,0.97722875304680973243,3.03823887399203
U-0055,hack-3-2,8.35231455376081,0.95155261570507655066,7.94766676082268
U-0055,hack-4,1.51450059700408,0.64453083586889033014,0.976142335710971
U-0055,hack-4-1,3.10903548889591,0.56455916868076871790,1.75523449101008
U-0055,hack-4-2,0.693147180559945,0.50666585053592658670,0.351194005784984
U-0055,hack-5,4.44121452910603,0.92280515489225278176,4.09837566144142
U-0055,hack-5-2,6.41588830833597,0.93116142906044092434,5.97422772588229
U-0055,hack-6,4.62353608589999,0.95462777573627439610,4.41375596971911
U-0055,hack-6-2,2.04546173432076,0.72999799316889731863,1.49318296115792
U-0055,hack-7-1,2.21807097779182,0.71710686894316771356,1.59059393397801
U-0055,hack-8-1,5.10903548889591,0.79085914849485054018,4.04052745637819
U-0055,hack-9-1,1.38629436111989,0.95514893430525732369,1.32411758165705
U-0055,T-004,1.09861228866811,0.92950717786108330459,1.0211680080034
U-0055,T-007,4.69314718055995,0.93204013580410114912,4.37420153551773
U-0055,T-008,0.693147180559945,0.94641032983825376498,0.656001651780193
U-0055,T-013,1.09861228866811,0.95520104220547986556,1.04939560311553
U-0055,T-015,0.693147180559945,0.72153709549170985505,0.500131403409491
U-0055,T-016,1.09861228866811,0.92945274331453984043,1.02110820554164
U-0055,T-020,1.09861228866811,0.92934487787805274873,1.02098970324759
U-0055,T-026,1.38629436111989,0.97460188165332145455,1.35108509287283
U-0055,T-027,1.38629436111989,0.95678527246625997167,1.32638602802253
U-0055,T-028,1.6094379124341,0.92698715887008537260,1.49192827782509
U-0055,T-030,1.09861228866811,0.95948258513255233770,1.05409935878967
U-0056,hack-10,1.10903548889591,0.92920463748233822230,1.03052091941457
U-0056,hack-2,5,0.86841372717408313772,4.34206863587042
U-0056,hack-2-2,6.10903548889591,0.96774288895210106572,5.91197565273504
U-0056,hack-3,11.268605285635,0.97717076781236620691,11.0113516791384
U-0056,hack-3-1,5,0.67762350514601162883,3.38811752573006
U-0056,hack-3-2,1.51450059700408,0.81977698050018566049,1.24155272637773
U-0056,hack-4,1.10903548889591,0.90806320132735220256,1.00707431643247
U-0056,hack-6-1,0.693147180559945,0.97721231745451284037,0.677351962652046
U-0056,hack-6-2,1.10903548889591,0.97710883860605709648,1.08364837852799
U-0056,hack-7-1,1.10903548889591,0.93316159186907190082,1.0349093222574
U-0056,hack-8-1,0.693147180559945,0.90816786810131109423,0.62949399724956
U-0056,hack-9-1,5.69314718055995,0.83228087396561871807,4.73829751105133
U-0056,T-002,0.693147180559945,0.86769000276202462301,0.601436879014548
U-0056,T-003,1.09861228866811,0.56723822376242745948,0.623174883227674
U-0056,T-006,4.69314718055995,0.93265632004331852223,4.37709337884271
U-0056,T-010,4,0.82240296786078586648,3.28961187144314
U-0056,T-011,0.693147180559945,0.85332421176333770436,0.591479271487295
U-0056,T-015,0.693147180559945,0.91052027951161617407,0.63112456458613
U-0056,T-016,0.693147180559945,0.89999231327429449250,0.6238271344717
U-0056,T-017,1.09861228866811,0.90856772874953031480,0.998163671891508
U-0056,T-018,0.693147180559945,0.96824534787898248719,0.6711365329726
U-0056,T-026,0.693147180559945,0.86854843065471861806,0.602031895888083
U-0056,T-028,0.693147180559945,0.78735515596687610548,0.545753006457776
U-0056,T-029,6.07944154167984,0.97741978295528347090,5.94216643215804
U-0056,T-030,2.19722457733622,0.97462381097019222397,2.1414673911208
U-0057,hack-13,0.693147180559945,0.94576674160932756494,0.655555550413872
U-0057,hack-2,2.44121452910603,0.84561700279882382746,2.06433251329159
U-0057,hack-2-2,1.10903548889591,0.86807962384723615380,0.962731110033999
U-0057,hack-3,3.75777966186898,0.67398802725860682518,2.53269850117559
U-0057,hack-3-2,6.10903548889591,0.94561070595822296900,5.7767693613787
U-0057,hack-4,6.10903548889591,0.94566507526419070160,5.77710150539837
U-0057,hack-4-2,1.10903548889591,0.93083112089079168210,1.03232474723665
U-0057,hack-5-2,6.75777966186898,0.95207733770774410084,6.43392886928775
U-0057,hack-6-2,1.10903548889591,0.71808484841069707508,0.796381580925905
U-0057,hack-7-1,6.75777966186898,0.90829876711339126566,6.13808293529954
U-0057,hack-8-1,0.693147180559945,0.81253539784737123492,0.563206620123059
U-0057,hack-9-1,1.51450059700408,0.87065715501337420280,1.31861078105363
U-0057,T-001,4,0.66920034684121903840,2.67680138736488
U-0057,T-004,4,0.78510543848959109621,3.14042175395836
U-0057,T-006,0.693147180559945,0.79334653178734275718,0.549905911715408
U-0057,T-007,0.693147180559945,0.67273402786311893935,0.466303694680057
U-0057,T-009,1.09861228866811,0.84816060587173936383,0.931799664374882
U-0057,T-013,0.693147180559945,0.67505821693543163734,0.467914699782618
U-0057,T-014,1.09861228866811,0.81261175656468778919,0.892745261678144
U-0057,T-015,0.693147180559945,0.62644570649338852570,0.434219075229775
U-0057,T-016,4,0.95623056056238919260,3.82492224224956
U-0057,T-017,1.09861228866811,0.86822634874128449668,0.953844136072619
U-0057,T-019,0.693147180559945,0.79319506753602856780,0.549800924696654
U-0057,T-020,0.693147180559945,0.84951303562454487693,0.588837565492074
U-0057,T-027,4,0.58705461733966360456,2.34821846935865
U-0057,T-029,4,0.80977275802368362446,3.23909103209473
U-0057,T-030,1.38629436111989,0.78461098335177811530,1.0877017818933
U-0058,hack-10-1,2.91157289651577,0.97588212378546654563,2.84135194180802
U-0058,hack-2,1.75777966186898,0.79592798561400455830,1.39906602542464
U-0058,hack-2-2,1.09861228866811,0.96990650948289835030,1.0655512101771
U-0058,hack-3,8.80218266945586,0.95580628031258041827,8.41318147592446
U-0058,hack-3-2,3.93038890534004,0.96927089061323548883,3.80961155473532
U-0058,hack-4,5.35231455376081,0.95596041936042414424,5.11660086536209
U-0058,hack-4-2,4.04546173432076,0.95504115711308519690,3.8635824558024
U-0058,hack-5,6.75777966186898,0.97574982180504567372,6.59390230086642
U-0058,hack-5-1,0.693147180559945,0.80450557497965319657,0.557640771041904
U-0058,hack-5-2,1.10903548889591,0.80446685085811316919,0.892182287241983
U-0058,hack-6,1.51450059700408,0.95587657281533362594,1.44767564019103
U-0058,hack-6-2,1.79175946922805,0.97581062107936085769,1.74841792049225
U-0058,hack-7-1,6.60507752225618,0.95573183954266044837,6.31268289066778
U-0058,hack-8-1,1.75777966186898,0.97577174042004615859,1.71519171993685
U-0058,hack-9-1,2.91157289651577,0.97560723783955829673,2.84055159133828
U-0058,T-001,1.09861228866811,0.70735136509547002743,0.777104902100046
U-0058,T-002,1.09861228866811,0.96995215973980295355,1.06560136211032
U-0058,T-004,0.693147180559945,0.75917523199531821484,0.526220171608497
U-0058,T-005,0.693147180559945,0.88955572739780897138,0.616593044396743
U-0058,T-006,4,0.79325916371991257456,3.17303665487965
U-0058,T-007,0.693147180559945,0.65953141263488000456,0.457152339158585
U-0058,T-010,1.09861228866811,0.88643580549645748852,0.973849269033823
U-0058,T-011,1.6094379124341,0.97579979722665455116,1.57048918860209
U-0058,T-013,4,0.60034251543153317262,2.40137006172613
U-0058,T-014,4,0.60037992296004418828,2.40151969184018
U-0058,T-015,5.09861228866811,0.89007464396918230253,4.53814551757317
U-0058,T-016,0.693147180559945,0.61876489868233394014,0.42889514495112
U-0058,T-017,0.693147180559945,0.74024444956683763532,0.513098353142402
U-0058,T-018,4,0.77378973076092191392,3.09515892304369
U-0058,T-019,0.693147180559945,0.93414928399284193972,0.64750294242173
U-0058,T-020,1.38629436111989,0.97001882334939190807,1.34473162498941
U-0058,T-026,1.38629436111989,0.73738128735144695880,1.02222752065064
U-0058,T-027,1.38629436111989,0.62858852856130878269,0.871408732609192
U-0058,T-028,0.693147180559945,0.95049480804128041224,0.65883279633068
U-0058,T-029,1.79175946922805,0.88943156107622422426,1.59364742178862
U-0058,T-030,0.693147180559945,0.70753146682821133900,0.490423441389417
U-0059,hack-10-1,6.91121815835177,0.97382084173436891704,6.73028828437598
U-0059,hack-2-2,10.757779661869,0.85165860541093550623,9.16195562414546
U-0059,hack-3,2.21807097779182,0.90925217204595341528,2.01678585430931
U-0059,hack-3-2,2.04546173432076,0.85105646620074019669,1.74080343535986
U-0059,hack-4-1,1.10903548889591,0.85111837231408426793,0.943920480147644
U-0059,hack-4-2,1.10903548889591,0.82140578778737506513,0.910968169440704
U-0059,hack-5,4.04546173432076,0.96672290869644817911,3.91084053482274
U-0059,hack-5-2,8.75777966186898,0.97529545442560646571,8.54142269508184
U-0059,hack-6,1.10903548889591,0.90642248813282120403,1.00525470727263
U-0059,hack-6-1,1.10903548889591,0.97509386800605913653,1.08141370462351
U-0059,hack-6-2,0.693147180559945,0.88874668917349450933,0.616032261832594
U-0059,hack-7-1,5,0.91221443503560608874,4.56107217517803
U-0059,hack-8,1.51450059700408,0.97374949005802502947,1.47474418402529
U-0059,hack-8-1,8.21807097779183,0.96667353282766294598,7.94419170513051
U-0059,hack-9-1,5.93038890534004,0.97520782571321071708,5.78336167001041
U-0059,T-004,0.693147180559945,0.88360610323762016709,0.612469079184716
U-0059,T-005,0.693147180559945,0.84877766788517394011,0.588327847416854
U-0059,T-006,0.693147180559945,0.88778861696817136125,0.615368176784701
U-0059,T-007,1.38629436111989,0.82818375651106135226,1.14810647162237
U-0059,T-008,0.693147180559945,0.82831244124917803253,0.574142433274593
U-0059,T-009,0.693147180559945,0.64429411554428395014,0.446590649640884
U-0059,T-010,1.09861228866811,0.57342062193595493365,0.62996694183455
U-0059,T-011,4.69314718055995,0.91247915100940288822,4.28239895487951
U-0059,T-012,1.09861228866811,0.57477670581341290453,0.63145675224679
U-0059,T-013,0.693147180559945,0.57338688748260901962,0.397441504428613
U-0059,T-016,1.6094379124341,0.96971363933760043448,1.56069389535438
U-0059,T-017,4,0.62806833607428528362,2.51227334429714
U-0059,T-019,1.38629436111989,0.91234495358956063925,1.2647786645574
U-0059,T-020,1.09861228866811,0.88376656012916950098,0.97091680327185
U-0059,T-026,2.07944154167984,0.90506095747536868867,1.88202135272681
U-0059,T-028,1.09861228866811,0.96955183791970795991,1.06516156363934
U-0059,T-029,1.09861228866811,0.88892044056279325903,0.976578919650555
U-0059,T-030,2.07944154167984,0.96938384194515516990,2.01577703077396
U-0060,hack-10-1,4.04546173432076,0.90802450681704179254,3.67337839615382
U-0060,hack-11,3.10903548889591,0.88410386648077836369,2.74871029675883
U-0060,hack-13,0.693147180559945,0.84252780347981197083,0.583995771525395
U-0060,hack-14,1.75777966186898,0.91157106813172447633,1.60234108391012
U-0060,hack-2,4.21807097779183,0.88389394583427794511,3.72832740036947
U-0060,hack-2-2,5.69314718055995,0.81271123576712378851,4.62688468051699
U-0060,hack-3,0.693147180559945,0.84981735193886804209,0.589048501487345
U-0060,hack-3-1,5,0.62721477879075180583,3.13607389395376
U-0060,hack-3-2,1.51450059700408,0.88432360797258200879,1.33930863221927
U-0060,hack-4-2,1.51450059700408,0.95112335340512345385,1.44047688655658
U-0060,hack-5,4.21807097779183,0.84985439553392024443,3.58474616115044
U-0060,hack-5-1,1.10903548889591,0.65787897319522844365,0.729611128671911
U-0060,hack-5-2,0.693147180559945,0.91162396784664779715,0.631889583043774
U-0060,hack-6,6.10903548889591,0.84912178412179706373,5.18731511359467
U-0060,hack-6-2,4.21807097779183,0.84250414657582816170,3.55374228934077
U-0060,hack-7-1,6.10903548889591,0.87901433172518947804,5.36992974775731
U-0060,hack-8-1,1.75777966186898,0.88437587247137972035,1.55453792207782
U-0060,hack-9-1,2.04546173432076,0.90805947385845039513,1.8574009062649
U-0060,T-001,4.69314718055995,0.88860601132633959204,4.17035879668483
U-0060,T-003,5.09861228866811,0.93491776448205315361,4.76678320288231
U-0060,T-004,0.693147180559945,0.84503913489132943247,0.58573649381274
U-0060,T-006,0.693147180559945,0.93513980304501622131,0.648189517910036
U-0060,T-007,0.693147180559945,0.91024869126746957883,0.630936313960427
U-0060,T-014,0.693147180559945,0.84482425658093097821,0.585587551517724
U-0060,T-015,4,0.66047721169064616141,2.64190884676258
U-0060,T-017,0.693147180559945,0.67330373208654309194,0.466698583556276
U-0060,T-018,0.693147180559945,0.63087689459243584951,0.437290540767161
U-0060,T-027,0.693147180559945,0.57264548576556963669,0.396927603918785
U-0060,T-028,1.38629436111989,0.94814027467764456877,1.31440151633628
U-0060,T-029,5.09861228866811,0.67262770211331552928,3.42946786769354
U-0061,hack-10,0.693147180559945,0.70281803312001506528,0.487156338103825
U-0061,hack-10-1,4.26860528563497,0.93006258814044122616,3.97007007970762
U-0061,hack-11,1.10903548889591,0.76920753756498776750,0.853078457485807
U-0061,hack-12,5,0.95205394893487166807,4.76026974467436
U-0061,hack-14,3.10903548889591,0.84090522092417538847,2.61440417465112
U-0061,hack-15,0.693147180559945,0.65143697850901812567,0.451541704966016
U-0061,hack-2,3.51450059700408,0.95571326827283566163,3.3588548519096
U-0061,hack-2-2,2.26860528563497,0.91234507216256814668,2.06975085303102
U-0061,hack-3,4.44121452910603,0.94615009823245655499,4.20205556298509
U-0061,hack-3-2,2.75742221668852,0.91238923314027123251,2.51584234172838
U-0061,hack-4,7.32710646668774,0.95185531685182121151,6.97434524745608
U-0061,hack-4-1,6.10903548889591,0.80900295896042336013,4.94222778691103
U-0061,hack-4-2,10.93038890534,0.98601455110593749219,10.7775225099122
U-0061,hack-5,6.44121452910603,0.95089887609348853966,6.12494365640398
U-0061,hack-5-2,8.24698763111302,0.97967380512721371666,8.07935775340956
U-0061,hack-6,13.6235360859,0.97968087867499907357,13.3467178032951
U-0061,hack-6-1,6.10903548889591,0.90929626526112763452,5.55492315440074
U-0061,hack-6-2,6.21807097779183,0.93004841147192107817,5.78310703531494
U-0061,hack-7,1.51450059700408,0.81105343072752991437,1.22834090503905
U-0061,hack-7-1,2.45092684242892,0.97970812541038223283,2.40119294231403
U-0061,hack-8,0.415888308335967,0.72097485341870189831,0.299845012141076
U-0061,hack-8-1,1.35231455376081,0.85268092764821562799,1.15309282817295
U-0061,hack-9,2.69314718055995,0.95568259978541055009,2.57379389912228
U-0061,hack-9-1,7.4729509543352,0.97957635255690722813,7.32032603868434
U-0061,T-001,0.693147180559945,0.98630411198701615716,0.683653914398481
U-0061,T-002,1.09861228866811,0.90196182193294524560,0.990906341485011
U-0061,T-004,0.693147180559945,0.90618458435407272398,0.628119289711911
U-0061,T-005,1.09861228866811,0.85270350213866926315,0.936790546039876
U-0061,T-006,1.38629436111989,0.95440856406992245266,1.32309121057467
U-0061,T-007,0.693147180559945,0.87018864741451605656,0.603168807510644
U-0061,T-008,0.693147180559945,0.86178222552371893455,0.597341919878441
U-0061,T-009,4.69314718055995,0.90615744380355254827,4.25273025253005
U-0061,T-010,1.09861228866811,0.86192903849191194200,0.946925833647103
U-0061,T-012,4.69314718055995,0.94839133425986397854,4.45094011644917
U-0061,T-013,4.69314718055995,0.98607018871977240019,4.62777252602441
U-0061,T-014,4.69314718055995,0.95465948413557125586,4.48035746636567
U-0061,T-015,1.38629436111989,0.85272926971171340956,1.18213377816323
U-0061,T-016,1.09861228866811,0.90951489426097107807,0.999204239561779
U-0061,T-017,5.09861228866811,0.98646897286887249599,5.02962282745904
U-0061,T-020,4.69314718055995,0.90613248490764215446,4.25261311675808
U-0061,T-026,6.07944154167984,0.70491215200812317310,4.28547222015312
U-0061,T-027,5.6094379124341,0.77463344709821207665,4.34525822639223
U-0061,T-028,2.30258509299405,0.95445654775054922613,2.19771741876097
U-0061,T-029,2.07944154167984,0.86080699183945072323,1.78999781819941
U-0061,T-030,1.09861228866811,0.65755780157867133775,0.722401081323915
U-0062,hack-10-1,2.04546173432076,0.91179487489231357109,1.86504152614201
U-0062,hack-2,4.57510065989456,0.92234382171310435681,4.21981582736929
U-0062,hack-2-1,0.693147180559945,0.84210178717130233508,0.583700479522279
U-0062,hack-2-2,2.77768676572725,0.93393626357918978021,2.59418239937667
U-0062,hack-3,6.21807097779183,0.91174952359092075566,5.66932325165623
U-0062,hack-3-1,5,0.83083336321388167437,4.15416681606941
U-0062,hack-3-2,1.51450059700408,0.85797573558317450284,1.29940476375573
U-0062,hack-4,4.21807097779183,0.82550774206186187398,3.4820502487336
U-0062,hack-4-2,1.10903548889591,0.85768836321605433024,0.951206833219652
U-0062,hack-5,5.10903548889591,0.92358479728568736891,4.71862750633731
U-0062,hack-5-1,1.10903548889591,0.81228675888051355010,0.900854842758727
U-0062,hack-5-2,2.57510065989456,0.93399270907153345356,2.40512524146681
U-0062,hack-6,4.04546173432076,0.93403941654926291638,3.77862071799733
U-0062,hack-6-1,1.75777966186898,0.76383932129871832116,1.34266122391469
U-0062,hack-6-2,9.04546173432076,0.91185973604965555526,8.24819234950498
U-0062,hack-7-1,7.75742221668852,0.92351070532740180609,7.16406246285647
U-0062,hack-8,0.693147180559945,0.76391694567763189204,0.529506877078415
U-0062,hack-8-1,3.80218266945586,0.73279374910333069134,2.78621569312627
U-0062,hack-9,0.693147180559945,0.81237691018872600322,0.563096764849315
U-0062,hack-9-1,7.93038890534004,0.88758023934902367558,7.03885648273256
U-0062,T-001,0.693147180559945,0.88780076938578294744,0.615376600198706
U-0062,T-003,0.693147180559945,0.88794275419775431707,0.615475016570806
U-0062,T-004,5.09861228866811,0.87103968373586912104,4.44109363541329
U-0062,T-010,5.09861228866811,0.84678531723578164160,4.31743002432208
U-0062,T-011,0.693147180559945,0.63910878208156173258,0.442996450370935
U-0062,T-012,0.693147180559945,0.81208515485537353442,0.562894535462589
U-0062,T-013,0.693147180559945,0.88767115090757568311,0.615286755515988
U-0062,T-015,0.693147180559945,0.69196153710115713318,0.479631188497593
U-0062,T-016,1.09861228866811,0.93015496163946724559,1.02187967122273
U-0062,T-017,0.693147180559945,0.91191116569242913418,0.63208865342084
U-0062,T-018,0.693147180559945,0.63916398811293692612,0.443034716275933
U-0062,T-020,0.693147180559945,0.77463240243720596191,0.536934265719726
U-0062,T-026,0.693147180559945,0.74603015056743910332,0.517108695478532
U-0062,T-027,1.09861228866811,0.89207992385612954204,0.980049966822456
U-0062,T-028,1.6094379124341,0.89197568004261804435,1.43557947642978
U-0062,T-030,1.38629436111989,0.84659037006453544829,1.17362345619887
U-0063,hack-10,1.10903548889591,0.83788630809345945337,0.929245651335621
U-0063,hack-10-1,9.03942439423596,0.90415159356383376593,8.17300997094823
U-0063,hack-12,3.10903548889591,0.74254863959026689862,2.30861007271752
U-0063,hack-13,1.51450059700408,0.96662019162755902698,1.46394685729613
U-0063,hack-14,6.10903548889591,0.90408921484652136676,5.52311309862544
U-0063,hack-15,0.693147180559945,0.81082860076365103807,0.56202355853669
U-0063,hack-2,8.91121815835177,0.95382831899157795599,8.49977223614789
U-0063,hack-2-1,1.75777966186898,0.95381250473555474058,1.67659222206046
U-0063,hack-2-2,7.15449722321667,0.94935326839388215453,6.7921453225757
U-0063,hack-3,10.3647706667694,0.93416574500164165702,9.6824137116938
U-0063,hack-3-2,2.62353608589999,0.94939769739247378421,2.49077911897951
U-0063,hack-4,5.51555932373795,0.92358426281441107465,5.09408379202367
U-0063,hack-4-2,12.3271064666877,0.90147589698055980137,11.1125893592322
U-0063,hack-5,3.16288732479668,0.97361287087573252233,3.07942780855176
U-0063,hack-5-2,7.55025001800195,0.97364333364816739358,7.35125059740455
U-0063,hack-6,9.56544136223156,0.86889661352394387336,8.31137960650486
U-0063,hack-6-1,1.75777966186898,0.70720658728304495965,1.2431133558659
U-0063,hack-6-2,3.7162300192001,0.95530644653117846163,3.55013849413454
U-0063,hack-7-1,9.93686488727529,0.88577953598295326637,8.80187156897601
U-0063,hack-8,1.10903548889591,0.94926847824738145795,1.05277243086656
U-0063,hack-8-1,9.64556019780627,0.89766359561974385320,8.65846824892947
U-0063,hack-9-1,9.36477066676941,0.95546076048010160536,8.94767090299325
U-0063,T-001,1.09861228866811,0.82837064410354687155,0.910058169184074
U-0063,T-002,1.38629436111989,0.79217911899374826931,1.09819344565796
U-0063,T-003,1.6094379124341,0.93074539847239798059,1.49797693112506
U-0063,T-004,1.38629436111989,0.84293087114011591001,1.16855031347542
U-0063,T-005,1.38629436111989,0.90963645234343441975,1.26102388455281
U-0063,T-006,1.09861228866811,0.82396251781437777411,0.905215347472792
U-0063,T-007,4.69314718055995,0.96662898037972688418,4.53653207391665
U-0063,T-008,0.693147180559945,0.84950605774631202080,0.58883272879545
U-0063,T-009,1.38629436111989,0.88941633976333078223,1.2329928565018
U-0063,T-010,0.693147180559945,0.93074763855686021557,0.645145101478515
U-0063,T-011,1.09861228866811,0.79356125751687163978,0.871816149318954
U-0063,T-012,1.38629436111989,0.95377295672463229164,1.322210071696
U-0063,T-013,5.6094379124341,0.96798370886185870908,5.42984451510828
U-0063,T-014,0.693147180559945,0.84083813315992563332,0.58282458130709
U-0063,T-015,5.38629436111989,0.85038064982412468773,4.58040049895315
U-0063,T-016,5.79175946922805,0.90781725785476478168,5.25785919950898
U-0063,T-018,0.693147180559945,0.95371174525969304038,0.661062607293661
U-0063,T-019,5.09861228866811,0.78014270153410663961,3.97764516495653
U-0063,T-020,0.693147180559945,0.84276565828591006137,0.584160639913625
U-0063,T-026,5.79175946922805,0.93439022437500553835,5.41176342997806
U-0063,T-027,1.6094379124341,0.95623056056238919260,1.53899371719722
U-0063,T-028,2.30258509299405,0.86999289601261863123,2.00323267336937
U-0063,T-029,1.09861228866811,0.84698620369456323058,0.930509451711198
U-0063,T-030,5.38629436111989,0.84344452496797210030,4.54304048875243
U-0064,hack-10,3.10903548889591,0.75482677069793441344,2.34678321806858
U-0064,hack-10-1,7.44121452910603,0.93137534931895659785,6.93056378140343
U-0064,hack-11,1.10903548889591,0.83182430463653516853,0.922522674368082
U-0064,hack-14,1.10903548889591,0.75189292881443087350,0.833875941905092
U-0064,hack-15,1.10903548889591,0.75111165974064389638,0.833009486775885
U-0064,hack-2,7.57510065989456,0.95600918410999839242,7.24186580141691
U-0064,hack-2-1,0.693147180559945,0.83183342491937670378,0.576582993178389
U-0064,hack-2-2,1.75777966186898,0.97057640099693448428,1.7060594579624
U-0064,hack-3,8.24698763111302,0.97424357768541008481,8.03457473486288
U-0064,hack-3-2,2.04546173432076,0.79314227185946093895,1.62234216696076
U-0064,hack-4,2.86681515076489,0.95093584663641290330,2.7261572925427
U-0064,hack-4-1,1.09861228866811,0.87073147939441577741,0.956596303392868
U-0064,hack-4-2,4.75742221668852,0.95387400682986928631,4.53798139201411
U-0064,hack-5,8.91157289651577,0.93189015694386742203,8.3046070651508
U-0064,hack-5-1,3.51450059700408,0.88563656961477185411,3.11257025263976
U-0064,hack-5-2,8.62353608589999,0.97836413474755813596,8.43695842114589
U-0064,hack-6,9.27228025887305,0.93127547903371546417,8.63504723981687
U-0064,hack-6-1,3.10903548889591,0.83218983821849163670,2.58730774051984
U-0064,hack-6-2,4.57510065989456,0.93174886892922314401,4.2628448650941
U-0064,hack-7,3.10903548889591,0.89085885862514778335,2.76971180706289
U-0064,hack-7-1,7.68413614879047,0.95177528599750169038,7.31357088065879
U-0064,hack-8-1,2.96175246619491,0.93193178991127424978,2.76015127709515
U-0064,hack-9,1.10903548889591,0.85149740734878691350,0.944340843452664
U-0064,hack-9-1,2.62353608589999,0.93190163535554103984,2.44487756886448
U-0064,T-001,5.09861228866811,0.97332110949872781071,4.96258696971029
U-0064,T-003,0.693147180559945,0.80362840139478772586,0.557032760644693
U-0064,T-004,0.693147180559945,0.84846349451248392420,0.588110079029367
U-0064,T-005,5.09861228866811,0.97839265305949778143,4.98844480403175
U-0064,T-006,0.693147180559945,0.97339763585039489107,0.674707826853417
U-0064,T-007,1.38629436111989,0.85156116731592920082,1.18051444439874
U-0064,T-008,1.6094379124341,0.89009899370321641584,1.4325590662854
U-0064,T-009,1.6094379124341,0.89014779086236345853,1.43263760228335
U-0064,T-010,4,0.80995441429717999173,3.23981765718872
U-0064,T-012,4.69314718055995,0.85851940707443720455,4.02915793476739
U-0064,T-014,5.38629436111989,0.96449733794982372575,5.19506657271428
U-0064,T-015,4.69314718055995,0.91236667344513469098,4.28187108111589
U-0064,T-016,0.693147180559945,0.85854672793988399133,0.595099243850497
U-0064,T-017,4.69314718055995,0.97447887421346752500,4.57337278103016
U-0064,T-018,4,0.97840730499254828718,3.91362921997019
U-0064,T-019,1.6094379124341,0.80355555203260763440,1.29327277018819
U-0064,T-020,4,0.91230494779018218169,3.64921979116073
U-0064,T-026,2.07944154167984,0.95617102676581507341,1.9883017540075
U-0064,T-028,2.19722457733622,0.95137740916883334052,2.09038982574822
U-0064,T-029,1.6094379124341,0.86075510142201730030,1.38533189354965
U-0064,T-030,2.39789527279837,0.95181677394569990716,2.28235694281459
U-0065,hack-10-1,4.62353608589999,0.94567410719376329844,4.37235836011162
U-0065,hack-11,0.415888308335967,0.89206182248711017483,0.370998082285264
U-0065,hack-12,1.75777966186898,0.90937992465026122401,1.59848953646217
U-0065,hack-2,7.15449722321667,0.90931378088163928536,6.50568292035034
U-0065,hack-2-2,2.57510065989456,0.88946956959113610285,2.29047367561027
U-0065,hack-3,4.26860528563497,0.88335158362182317328,3.77067923892213
U-0065,hack-3-1,5.69314718055995,0.81153508424779710594,4.62018867681082
U-0065,hack-3-2,4.75742221668852,0.95411919220878548823,4.53914784238298
U-0065,hack-4,9.7794463285948,0.92367743985937641973,9.03305394803862
U-0065,hack-4-1,1.10903548889591,0.82829809800178922090,0.918611986068969
U-0065,hack-4-2,2.04546173432076,0.92195622982399861011,1.88582618882362
U-0065,hack-5,1.38629436111989,0.91053753406554276883,1.26227304906307
U-0065,hack-5-2,5.76820286209678,0.93227813159596050580,5.37756938694206
U-0065,hack-6,2.04546173432076,0.82828192853312503249,1.69421899004391
U-0065,hack-6-2,9.4729509543352,0.91051318498816056387,8.62524674466838
U-0065,hack-7,3.75777966186898,0.83105205414950900636,3.12291050703746
U-0065,hack-7-1,2.91121815835177,0.95415950653053124483,2.77776648137565
U-0065,hack-8,1.35231455376081,0.89182520900543720417,1.20602820954883
U-0065,hack-8-1,4.20764777756402,0.94552289095863853310,3.97842729077802
U-0065,hack-9-1,7.4729509543352,0.90172282512568949262,6.73853044656886
U-0065,T-003,0.693147180559945,0.88377373316162316030,0.612585271393916
U-0065,T-006,0.693147180559945,0.94601594169070287531,0.655728282747672
U-0065,T-007,0.693147180559945,0.55615122822603725275,0.385494655809828
U-0065,T-011,0.693147180559945,0.81163057822706801071,0.56257944695433
U-0065,T-012,5.09861228866811,0.93244667893955655435,4.75418409576899
U-0065,T-014,0.693147180559945,0.79807147895778179009,0.553180995524892
U-0065,T-015,1.09861228866811,0.90812618548085471876,0.997678587030562
U-0065,T-016,1.09861228866811,0.62840828828130568570,0.690377067806735
U-0065,T-017,1.09861228866811,0.94580194347299755740,1.03906963774562
U-0065,T-019,4.69314718055995,0.95382466995626471963,4.47643956055376
U-0065,T-026,4,0.80844682989730559690,3.23378731958922
U-0065,T-027,6.07944154167984,0.92442614933569865031,5.61999473448657
U-0065,T-028,5.38629436111989,0.92403369390010773261,4.97711747493893
U-0065,T-029,5.94591014905531,0.88356719883893155535,5.25361117494878
U-0066,hack-10,1.10903548889591,0.63403514219528588648,0.703167473901738
U-0066,hack-10-1,7.02096583059215,0.97718875806791220575,6.86080888043359
U-0066,hack-11,1.10903548889591,0.81974321734076490638,0.909124319812623
U-0066,hack-13,1.51450059700408,0.86238983426411135064,1.30608991884324
U-0066,hack-15,0.693147180559945,0.78940399944233641053,0.5471731565362
U-0066,hack-2,3.15449722321667,0.92015982876431064453,2.90264162475254
U-0066,hack-2-1,2.26860528563497,0.89208677670341611061,2.02379277687443
U-0066,hack-2-2,11.9115728965158,0.95787135219041725151,11.4097544371003
U-0066,hack-3,12.5787756331326,0.95799636249361993705,12.0504213011645
U-0066,hack-3-1,1.75777966186898,0.85120663523050797355,1.49623371145611
U-0066,hack-3-2,5.44488950234412,0.97351425301606610423,5.30067753662956
U-0066,hack-4,7.44488950234412,0.86829561080967520704,6.46436487784843
U-0066,hack-4-2,7.7794463285948,0.97596377088562522349,7.59245777425771
U-0066,hack-5,7.02900119400815,0.97597603750098306343,6.86013673291776
U-0066,hack-5-2,8.75742221668851,0.97353898516767211912,8.52569193751976
U-0066,hack-6,2.91157289651577,0.92448622977660487556,2.69170904981962
U-0066,hack-6-2,6.57510065989456,0.97582649970769689004,6.41615746217068
U-0066,hack-7,0.415888308335967,0.80739086358018547860,0.335784420420279
U-0066,hack-7-1,7.88883926267117,0.97588338922177772342,7.69858719668137
U-0066,hack-8-1,14.3271064666877,0.97608096251013195808,13.9844158699897
U-0066,hack-9-1,10.1544972232167,0.97362073590778991897,9.88662905924182
U-0066,T-001,1.09861228866811,0.97310459386564950449,1.06906466498019
U-0066,T-002,5.38629436111989,0.94561249781958085193,5.0933472648101
U-0066,T-003,1.38629436111989,0.86873781193032720606,1.20432632997064
U-0066,T-004,5.09861228866811,0.86302597107409399865,4.4002348215581
U-0066,T-005,4.69314718055995,0.94576423421383699453,4.4386107492751
U-0066,T-006,0.693147180559945,0.97282255021750301192,0.674309207868398
U-0066,T-007,5.09861228866811,0.97311174384997711113,4.96151949544075
U-0066,T-008,0.693147180559945,0.55283461686640201482,0.383195755996884
U-0066,T-009,1.38629436111989,0.96821733558388207548,1.34223423265846
U-0066,T-010,1.38629436111989,0.92404763259939260263,1.28100202247872
U-0066,T-011,0.693147180559945,0.93207010989627440845,0.646061768758801
U-0066,T-012,0.693147180559945,0.96819196188959234765,0.671099528624573
U-0066,T-014,1.38629436111989,0.92409384273979455667,1.28106608333579
U-0066,T-015,1.38629436111989,0.92420233444948895159,1.28121648478117
U-0066,T-016,5.09861228866811,0.95205543705118457646,4.85416155084246
U-0066,T-017,1.38629436111989,0.93160732106980128977,1.29148197597707
U-0066,T-018,4.69314718055995,0.86905993646830431779,4.07862619057383
U-0066,T-019,1.38629436111989,0.86850459793923902335,1.20400302672986
U-0066,T-020,1.38629436111989,0.87557614675170863896,1.21380627497298
U-0066,T-026,1.94591014905531,0.97732726629568436441,1.90179104643326
U-0066,T-027,1.94591014905531,0.96820438973840308087,1.88403874835186
U-0066,T-028,2.39789527279837,0.95374707348740043860,2.28698559896072
U-0066,T-029,1.94591014905531,0.88403578644836166977,1.72025420897796
U-0066,T-030,2.39789527279837,0.97292505477948284686,2.33297238964282
U-0067,hack-10-1,3.10903548889591,0.79446410221372831619,2.47001708843631
U-0067,hack-11,0.415888308335967,0.95423064836798995289,0.396853370112096
U-0067,hack-2,5.41588830833597,0.90971742710831704078,4.92692797736541
U-0067,hack-2-1,0.693147180559945,0.55978390989031415379,0.388012638863294
U-0067,hack-2-2,1.10903548889591,0.90383522148505463767,1.00238533674102
U-0067,hack-3,1.10903548889591,0.80553146872544249966,0.893362986238963
U-0067,hack-3-1,1.10903548889591,0.86698897357778405004,0.961521540179203
U-0067,hack-3-2,5.80218266945586,0.94415434421743528069,5.47815597330986
U-0067,hack-4,1.35231455376081,0.89098911507996213643,1.2048975475651
U-0067,hack-4-2,3.51450059700408,0.95432149618495638373,3.35396346807585
U-0067,hack-5-2,1.10903548889591,0.95424468328045912910,1.05829121884827
U-0067,hack-6,2.26860528563497,0.94421367976686517496,2.14204814468795
U-0067,hack-6-2,0.693147180559945,0.97747051019884835566,0.677530928224823
U-0067,hack-8-1,1.75777966186898,0.86712955649297575541,1.52422269860882
U-0067,hack-9,0.693147180559945,0.94411066553626920674,0.654407645953038
U-0067,hack-9-1,3.10903548889591,0.86773213267468428662,2.69780999534093
U-0067,T-005,0.693147180559945,0.62953395886426414991,0.436359688653505
U-0067,T-008,4,0.60099212470835655286,2.40396849883343
U-0067,T-010,5.38629436111989,0.91055027668425909048,4.90449182082058
U-0067,T-012,1.09861228866811,0.97765742413769892156,1.07406646026529
U-0067,T-013,0.693147180559945,0.59916218189039161470,0.41530757707547
U-0067,T-018,0.693147180559945,0.91088512992774648222,0.631377459623397
U-0067,T-019,0.693147180559945,0.94222286675669479577,0.653099123551512
U-0067,T-026,0.693147180559945,0.71980568426896618745,0.498931280602056
U-0067,T-028,1.94591014905531,0.89123075000210504666,1.73425496157927
U-0067,T-030,1.38629436111989,0.78016523931450031553,1.08153867200344
U-0068,hack-10,1.10903548889591,0.87058188129437461494,0.96550620234523
U-0068,hack-10-1,4.91121815835177,0.97811911586002102053,4.80375636284271
U-0068,hack-12,2.04546173432076,0.88379278566700897364,1.80776432415061
U-0068,hack-14,1.10903548889591,0.93199572353800315855,1.03361633290287
U-0068,hack-2,7.04546173432076,0.94616291365392146189,6.66615460258214
U-0068,hack-2-1,1.35231455376081,0.88373417479325667693,1.19508658622872
U-0068,hack-2-2,11.7574222166885,0.93280829856845149869,10.9674210135001
U-0068,hack-3,5.75777966186898,0.93248743781301811356,5.36905720438811
U-0068,hack-3-2,1.75777966186898,0.95414829795751408974,1.67718247255662
U-0068,hack-4,4.57510065989456,0.97822505605108661139,4.47547809946472
U-0068,hack-4-1,1.10903548889591,0.75808842238092880211,0.840746964141564
U-0068,hack-4-2,2.77768676572725,0.97608577236544164485,2.71126053211415
U-0068,hack-5,5.02096583059215,0.97831714178428304594,4.91209694038146
U-0068,hack-5-1,1.10903548889591,0.67448708572321779335,0.748030114869028
U-0068,hack-5-2,9.35195710858035,0.97628451734672630704,9.13017093199765
U-0068,hack-6,6.44121452910603,0.87075305942511952933,5.60870725763261
U-0068,hack-6-2,6.68449359397093,0.92460173121878484733,6.1804943493064
U-0068,hack-7-1,7.75742221668852,0.97816122898174895147,7.58800964920636
U-0068,hack-8,3.10903548889591,0.97747620178888752761,3.03900820091283
U-0068,hack-8-1,6.86681515076489,0.67367813038681586586,4.62602319247915
U-0068,hack-9,5,0.74143556261917481798,3.70717781309587
U-0068,hack-9-1,3.27228025887305,0.97107280158740065967,3.177622358563
U-0068,T-001,1.09861228866811,0.82493425708633144590,0.906282912178341
U-0068,T-002,1.09861228866811,0.97663938404092879558,1.07294802890462
U-0068,T-003,0.693147180559945,0.77396372124953861793,0.536470771239801
U-0068,T-004,0.693147180559945,0.74140910076550892529,0.513905627837097
U-0068,T-005,1.09861228866811,0.97758024238699961468,1.07398166744551
U-0068,T-007,1.09861228866811,0.88929876487453846245,0.97699455138854
U-0068,T-008,1.09861228866811,0.86998948022753734253,0.955781133989954
U-0068,T-009,1.38629436111989,0.83222786647421132372,1.15371279846004
U-0068,T-010,1.09861228866811,0.77329475950619858385,0.84955112555616
U-0068,T-011,4,0.97674803715678018514,3.90699214862712
U-0068,T-012,0.693147180559945,0.76705674176792347968,0.531683217885934
U-0068,T-013,0.693147180559945,0.88930042957691478724,0.616416085431987
U-0068,T-014,1.38629436111989,0.89170451808960764341,1.23616494521275
U-0068,T-015,1.6094379124341,0.93143338983316411779,1.49908421050451
U-0068,T-016,0.693147180559945,0.77377684832473857037,0.536341240798853
U-0068,T-017,5.09861228866811,0.87166346883413717970,4.4442740737808
U-0068,T-019,1.38629436111989,0.97654118873925857684,1.35377354335055
U-0068,T-020,1.79175946922805,0.86992759732786313595,1.55870101005501
U-0068,T-026,1.6094379124341,0.94658352784267402438,1.52346741699562
U-0068,T-027,5.79175946922805,0.89002063320542532037,5.15478543017587
U-0068,T-028,1.38629436111989,0.93245825671718300533,1.29266162326671
U-0068,T-029,2.19722457733622,0.97539442852730454635,2.14316061095701
U-0068,T-030,6.39789527279837,0.87167605623910116126,5.57689211962367
U-0069,hack-10,3.10903548889591,0.52243227901065131834,1.62426049598889
U-0069,hack-10-1,1.80218266945586,0.90555826499191720492,1.63198141135095
U-0069,hack-15,1.10903548889591,0.61330442306813958302,0.6801763706794
U-0069,hack-2,1.09861228866811,0.88503852056886872525,0.972314194641603
U-0069,hack-2-2,4.91121815835177,0.88931654263008371237,4.36762755268748
U-0069,hack-3,6.91157289651577,0.89219466052044428677,6.16646843406919
U-0069,hack-3-1,3.10903548889591,0.56105517137882000962,1.74434043904533
U-0069,hack-3-2,3.02096583059215,0.93431332397942981724,2.82252862680883
U-0069,hack-4,4.45092684242892,0.91166317241628967827,4.05774608536157
U-0069,hack-4-1,0.693147180559945,0.89095898799026168234,0.617565710519992
U-0069,hack-4-2,9.26860528563497,0.98186665958924566296,9.10053451085763
U-0069,hack-5,10.246987631113,0.91162099684903978363,9.34136907897503
U-0069,hack-5-1,1.80218266945586,0.80869203010447929634,1.45741076158137
U-0069,hack-5-2,5.15449722321667,0.91100670670116749284,4.69578154002293
U-0069,hack-6,3.15449722321667,0.90300942746494467201,2.84854073147664
U-0069,hack-6-2,7.45092684242892,0.91156785353692952820,6.79202538861362
U-0069,hack-7,6.80218266945586,0.90548997774632958215,6.15930823399205
U-0069,hack-7-1,2.36179845739128,0.91110513429382662248,2.15184670069644
U-0069,hack-8,0.693147180559945,0.77560878798724493073,0.537611044610875
U-0069,hack-8-1,4.91157289651577,0.91158662398594664212,4.47732415519569
U-0069,hack-9-1,7.16288732479668,0.90556359258223412881,6.48644997910463
U-0069,T-002,0.693147180559945,0.85169073544421544269,0.590347031982184
U-0069,T-003,0.693147180559945,0.82449646053995845213,0.571497397004926
U-0069,T-005,1.09861228866811,0.82830175500346990693,0.909982486772174
U-0069,T-006,0.693147180559945,0.71940397347418960972,0.498652835897256
U-0069,T-007,1.6094379124341,0.82436880954575453894,1.3267704159111
U-0069,T-008,4.69314718055995,0.90619839169412633040,4.25292242700725
U-0069,T-009,4,0.72516813460814433507,2.90067253843258
U-0069,T-012,5.09861228866811,0.93322555221567214776,4.75815526862591
U-0069,T-013,0.693147180559945,0.79084387695750651755,0.548171203576192
U-0069,T-014,1.09861228866811,0.79122950956877832449,0.869254462369102
U-0069,T-016,1.79175946922805,0.84881179726093574714,1.52086657533477
U-0069,T-017,1.09861228866811,0.79116201557932865225,0.869180312642881
U-0069,T-019,1.09861228866811,0.79356479807778681209,0.871820039022684
U-0069,T-020,1.38629436111989,0.84873530593264908678,1.1765969686978
U-0069,T-026,1.79175946922805,0.82805835929222134034,1.48368140633528
U-0069,T-027,1.38629436111989,0.79406972228644816410,1.10081437834174
U-0069,T-028,5.38629436111989,0.82290576817989776071,4.43241269888042
U-0069,T-029,2.07944154167984,0.93437004212788710631,1.94296788090187
U-0069,T-030,1.09861228866811,0.67419368968513389750,0.740677472430582
U-0070,hack-10,0.693147180559945,0.79073806669160663454,0.548097861488709
U-0070,hack-10-1,4.35195710858035,0.95015691205489069420,4.13504212768404
U-0070,hack-2,4.44121452910603,0.95504249947064613161,4.24154862456278
U-0070,hack-2-2,10.5145005970041,0.82939425396159489186,8.72066637843094
U-0070,hack-3-2,2.44121452910603,0.95245379177731929123,2.32514403478893
U-0070,hack-4,5.10903548889591,0.79072009300767832430,4.03981701695931
U-0070,hack-4-1,0.693147180559945,0.52753420158834200589,0.365658844479901
U-0070,hack-4-2,3.38629436111989,0.97432091731094903866,3.29933742821123
U-0070,hack-5,2.35195710858035,0.95493794476311437716,2.24597308743872
U-0070,hack-5-2,1.10903548889591,0.78958442211836520092,0.875677145608638
U-0070,hack-6,7.80218266945586,0.65617932132908005611,5.11963092892906
U-0070,hack-6-2,6.45092684242892,0.82945147901069271025,5.35073081044245
U-0070,hack-7-1,4.04546173432076,0.95241915277379797141,3.85297523758059
U-0070,hack-8-1,1.10903548889591,0.93202570841467028356,1.03364958719522
U-0070,hack-9-1,2.75742221668852,0.96913744685550951372,2.67232112698417
U-0070,T-003,0.693147180559945,0.95018816551098558223,0.658620247925366
U-0070,T-004,4,0.97662005837297193989,3.90648023349189
U-0070,T-005,0.693147180559945,0.68016400829654974261,0.471453764669105
U-0070,T-008,0.693147180559945,0.78094475839463910593,0.541309657454312
U-0070,T-012,1.38629436111989,0.68005124706823732647,0.942751209083247
U-0070,T-013,0.693147180559945,0.82305601975183315169,0.570498959533874
U-0070,T-015,0.693147180559945,0.93213313719716462794,0.646105455954711
U-0070,T-016,5.6094379124341,0.66268274389093367971,3.71727770749766
U-0070,T-017,0.693147180559945,0.88048835322022452018,0.610308019550468
U-0070,T-018,0.693147180559945,0.93221390387805826158,0.646161439151856
U-0070,T-026,1.09861228866811,0.74031195595912172594,0.813315812264616
U-0070,T-027,2.39789527279837,0.93231960911841172825,2.23560478344226
U-0070,T-029,1.79175946922805,0.88187410854902373686,1.58010628465976
U-0070,T-030,4.69314718055995,0.93420789733831773294,4.38437515945016
U-0071,hack-10-1,1.09861228866811,0.84731974490093824235,0.930875884179299
U-0071,hack-13,5,0.90450804329608766901,4.52254021648044
U-0071,hack-2,1.94591014905531,0.98333830842847691403,1.91348799432586
U-0071,hack-2-2,2.86681515076489,0.95397210071641396783,2.73486167174082
U-0071,hack-3,11.268605285635,0.85245705161727253390,9.6060020376312
U-0071,hack-3-1,1.38629436111989,0.85249398230483412903,1.18180760055783
U-0071,hack-3-2,13.9115728965158,0.84896659412530604241,11.8104606608809
U-0071,hack-4,1.38629436111989,0.94913786166209609531,1.31578446554755
U-0071,hack-4-2,8.75742221668851,0.94413495820793327591,8.26818845856244
U-0071,hack-5,5.51450059700408,0.88555612868543897588,4.88339980031647
U-0071,hack-5-1,1.09861228866811,0.86969095445826715911,0.95545316991135
U-0071,hack-5-2,3.0451042891403,0.88560159805522962558,2.69674922470748
U-0071,hack-6,2.21807097779182,0.95392108023883397444,2.11586466318158
U-0071,hack-6-2,7.51450059700408,0.84738999023561656958,6.36771258752082
U-0071,hack-7-1,1.51450059700408,0.90941516470736760449,1.37730980987387
U-0071,hack-8-1,1.10903548889591,0.95387720481052269862,1.0578836721837
U-0071,hack-9-1,10.1090354888959,0.91278393150470929195,9.22736515727504
U-0071,T-001,0.693147180559945,0.84194541365088414589,0.583592089657487
U-0071,T-002,0.693147180559945,0.64270940685609271223,0.445492213281655
U-0071,T-005,5.38629436111989,0.90980581797283413469,4.90048194706115
U-0071,T-006,0.693147180559945,0.88853278915900220946,0.615883997640627
U-0071,T-007,0.693147180559945,0.52280994110800149057,0.362384236647722
U-0071,T-008,0.693147180559945,0.88652650002712667548,0.614493343985479
U-0071,T-009,1.09861228866811,0.57351228938817799444,0.630067648824034
U-0071,T-010,1.09861228866811,0.52245991323385451987,0.573980881015187
U-0071,T-011,1.09861228866811,0.64282216477543404994,0.706212329650528
U-0071,T-012,4,0.86417417629118634681,3.45669670516475
U-0071,T-014,1.38629436111989,0.94348409846046434876,1.30794668550203
U-0071,T-015,1.09861228866811,0.90494740702237304347,0.994186341953121
U-0071,T-016,4.69314718055995,0.86980057087901865526,4.0821020968703
U-0071,T-017,0.693147180559945,0.81290276089905300320,0.563461256786574
U-0071,T-018,0.693147180559945,0.80438640616345252993,0.557558169512944
U-0071,T-026,5.38629436111989,0.98365365072937843345,5.29824811221865
U-0071,T-027,1.38629436111989,0.90989535617332169869,1.26138280147225
U-0071,T-028,1.38629436111989,0.94925462440957341640,1.31594633308597
U-0071,T-029,0.693147180559945,0.90481964050229751320,0.627173182729431
U-0072,hack-10,4.21807097779183,0.93188427499798825652,3.93075401502959
U-0072,hack-10-1,3.56544136223156,0.97399786516056201149,3.4727322751687
U-0072,hack-11,1.09861228866811,0.89161550315707889029,0.979539748535367
U-0072,hack-12,1.10903548889591,0.97408564563809573751,1.08029555023674
U-0072,hack-15,1.10903548889591,0.81276420688983828148,0.90138434954517
U-0072,hack-2,9.75742221668851,0.97386212184754025092,9.50238390370661
U-0072,hack-2-2,7.27228025887305,0.95023531850381647609,6.91037754803925
U-0072,hack-3,5.32710646668774,0.97561790249592160368,5.19722043740235
U-0072,hack-3-1,1.10903548889591,0.83044686600202982680,0.920995046038639
U-0072,hack-3-2,3.15449722321667,0.94965218003673948536,2.99567516494755
U-0072,hack-4,2.21807097779182,0.95556722429589638015,2.11951592753982
U-0072,hack-4-2,2.44121452910603,0.88316796499009312151,2.15600246777483
U-0072,hack-5,6.91157289651577,0.87177157445825354608,6.02531278597855
U-0072,hack-5-2,7.88883926267117,0.95549465489169218020,7.53774374878202
U-0072,hack-6,2.91157289651577,0.95438475255356244363,2.77876077838287
U-0072,hack-6-2,4.57510065989456,0.77483393104569305140,3.54494322923585
U-0072,hack-7,3.10903548889591,0.55906829769997412689,1.73816317826584
U-0072,hack-7-1,11.9593055586612,0.97398145603795832800,11.6481418412277
U-0072,hack-8,0.693147180559945,0.89158069248141833600,0.617996643235179
U-0072,hack-8-1,2.75742221668852,0.91003297458612732063,2.50934514204292
U-0072,hack-9,1.10903548889591,0.87112355689181331469,0.966106939806258
U-0072,hack-9-1,2.44121452910603,0.93580089658623225331,2.28449074509676
U-0072,T-001,1.79175946922805,0.91020723638517951125,1.63087243475304
U-0072,T-002,5.09861228866811,0.90028367975764600784,4.59019743289968
U-0072,T-004,5.79175946922805,0.93599260764782626878,5.42104404847176
U-0072,T-006,1.09861228866811,0.95717099155946066183,1.05155981368386
U-0072,T-007,1.38629436111989,0.80954231474436730327,1.12226394601806
U-0072,T-008,4.69314718055995,0.89140451814053852067,4.18349260104967
U-0072,T-009,1.6094379124341,0.95298328242112787906,1.53376742464446
U-0072,T-010,0.693147180559945,0.93242078125486217329,0.646304835622309
U-0072,T-011,5.38629436111989,0.87659592369149859802,4.7216036807602
U-0072,T-012,1.38629436111989,0.94972709941763205259,1.31660132252541
U-0072,T-013,1.09861228866811,0.93228016071479506895,1.02421444104275
U-0072,T-014,5.38629436111989,0.95304648602289772011,5.13338891355026
U-0072,T-015,4.69314718055995,0.83022414640804256755,3.89636411194769
U-0072,T-016,1.09861228866811,0.95044472815512236394,1.04417025805104
U-0072,T-017,1.79175946922805,0.95265968450118874837,1.70693701065682
U-0072,T-018,1.6094379124341,0.91008602841663638144,1.46472695771031
U-0072,T-019,1.09861228866811,0.97760533429712925144,1.07400923372632
U-0072,T-020,4.69314718055995,0.95004843090115330613,4.45871711487915
U-0072,T-026,6.39789527279837,0.90266550322206776676,5.77515935598263
U-0072,T-027,6.19722457733622,0.95284567617456699358,5.90499864279758
U-0072,T-028,5.6094379124341,0.89211029520919779036,5.00423731201925
U-0072,T-029,6.19722457733622,0.95323993445741123087,5.90744194991784
U-0072,T-030,5.38629436111989,0.95476127565833157060,5.1426252752941
U-0073,hack-10,1.10903548889591,0.80829255600051621462,0.896425130014959
U-0073,hack-10-1,1.75777966186898,0.80823268414372158925,1.42069497424561
U-0073,hack-2,1.10903548889591,0.52440878258611166306,0.581587950576699
U-0073,hack-3,5.75777966186898,0.89334828906458438128,5.14370260974151
U-0073,hack-4,1.10903548889591,0.90411245791078616576,1.00269280177597
U-0073,hack-4-2,2.04546173432076,0.52440878258611166306,1.07265809792162
U-0073,hack-5-2,0.693147180559945,0.89328761120662393700,0.619179789137
U-0073,hack-6,1.51450059700408,0.88241343254196169032,1.33641567038922
U-0073,hack-6-1,0.415888308335967,0.89345006511903639485,0.371575436165016
U-0073,hack-7-1,0.693147180559945,0.88815237477463149992,0.615620314482656
U-0073,hack-8-1,1.75777966186898,0.54881913909008801165,0.964703120736997
U-0073,hack-9-1,1.10903548889591,0.89339081379924750119,0.990802117956965
U-0073,T-002,0.693147180559945,0.54899939494899446537,0.380537382738011
U-0073,T-003,1.09861228866811,0.88825712190727590574,0.975850189624301
U-0073,T-006,0.693147180559945,0.52729013282294273237,0.365489668903302
U-0073,T-007,0.693147180559945,0.88835879306875996293,0.615763392741247
U-0073,T-010,0.693147180559945,0.77645182917800630870,0.538195396235347
U-0073,T-015,0.693147180559945,0.54689308056414595368,0.379077396860781
U-0073,T-018,0.693147180559945,0.54890045240145507343,0.380468800990147
U-0073,T-020,0.693147180559945,0.53620546905622025950,0.371669309077142
U-0073,T-027,1.09861228866811,0.97017144060390242292,1.06584226676229
U-0073,T-028,1.79175946922805,0.90425439147393251822,1.62020636851447
U-0073,T-029,0.693147180559945,0.96996105660253665690,0.672325771636994
U-0073,T-030,1.6094379124341,0.88263267882312955207,1.42054249605122
U-0074,hack-10,1.10903548889591,0.90527078482023287000,1.00397742742629
U-0074,hack-10-1,4.91157289651577,0.88599350933872716058,4.35162170695699
U-0074,hack-11,1.10903548889591,0.88597058684456002223,0.982572822928555
U-0074,hack-15,0.693147180559945,0.95431851925075198207,0.661483190974801
U-0074,hack-2,9.26860528563497,0.94802562340441926026,8.78687530400358
U-0074,hack-2-1,3.75777966186898,0.88604468780872115102,3.32956070735466
U-0074,hack-2-2,10.0451042891403,0.95240107400659303029,9.56696811348545
U-0074,hack-3,7.68449359397093,0.95454669697751465372,7.33520797806982
U-0074,hack-3-1,0.693147180559945,0.79333195623225087947,0.549895808710491
U-0074,hack-3-2,1.38629436111989,0.88832880884334602954,1.23148521851988
U-0074,hack-4,2.44121452910603,0.95174325904744303537,2.32340947196535
U-0074,hack-4-2,2.02532622077007,0.92171360961220828415,1.86677074158823
U-0074,hack-5,6.35195710858035,0.95437338922550680464,6.06213883393088
U-0074,hack-5-2,5.75777966186898,0.92166949026269736818,5.30676984599971
U-0074,hack-6,7.1134562384885,0.94977667136064600586,6.75619478806123
U-0074,hack-6-1,0.693147180559945,0.69129098068362507777,0.479166394207374
U-0074,hack-6-2,3.27228025887305,0.94970962108637134892,3.10771604474274
U-0074,hack-7-1,7.86681515076489,0.93405324091198889395,7.34802418722748
U-0074,hack-8,1.10903548889591,0.90529112023957935488,1.00399998012803
U-0074,hack-8-1,1.80218266945586,0.89036994981353854270,1.60460929295824
U-0074,hack-9,0.693147180559945,0.54515208653364843007,0.37787063175717
U-0074,hack-9-1,7.7794463285948,0.95444281064412278632,7.42503661911912
U-0074,T-001,0.693147180559945,0.81016238059066195376,0.561561769902151
U-0074,T-002,5.38629436111989,0.86875345367752081090,4.67936182874666
U-0074,T-003,0.693147180559945,0.84720947147305084376,0.587240856495227
U-0074,T-004,4.69314718055995,0.95265528763876285817,4.47095147722738
U-0074,T-005,5.09861228866811,0.88955929803059101618,4.53551796843775
U-0074,T-006,5.09861228866811,0.77444597113689900159,3.9485997453481
U-0074,T-007,4.69314718055995,0.79357083387502690960,3.72434472157519
U-0074,T-008,1.6094379124341,0.86495595857128692575,1.39209291231041
U-0074,T-010,1.79175946922805,0.84762404098865402228,1.51873840178677
U-0074,T-011,0.693147180559945,0.86886869214842899238,0.602253884239491
U-0074,T-012,1.09861228866811,0.84779088640642697548,0.93139348602693
U-0074,T-013,1.09861228866811,0.86902972633710563012,0.954726736571829
U-0074,T-014,1.6094379124341,0.95252231372924693846,1.5330255241553
U-0074,T-018,4,0.73480081700154738318,2.93920326800619
U-0074,T-020,4.69314718055995,0.98391619468075954276,4.61766351497328
U-0074,T-026,2.39789527279837,0.95451819858013302929,2.28883467617532
U-0074,T-027,1.79175946922805,0.95261529161831273456,1.70685746928856
U-0074,T-028,1.09861228866811,0.95183819719754221100,1.04570114026492
U-0074,T-029,2.30258509299405,0.95309335521956018531,2.19457855196024
U-0074,T-030,2.07944154167984,0.80579676120368735907,1.67560725939801
U-0075,hack-10-1,2.44121452910603,0.93671274645251558333,2.2867167662387
U-0075,hack-11,3.10903548889591,0.73414231180142301075,2.28247450129071
U-0075,hack-12,0.693147180559945,0.68669671712402569737,0.475981893374289
U-0075,hack-13,1.75777966186898,0.77270212751618140378,1.35824008443083
U-0075,hack-15,0.693147180559945,0.75893076697832568602,0.526050721371223
U-0075,hack-2,4.26860528563497,0.95623056056238919260,4.0817708251023
U-0075,hack-2-2,7.57877563313265,0.95623056056238919260,7.24705687204701
U-0075,hack-3,7.02532622077007,0.92030758946448358138,6.46546103943853
U-0075,hack-3-2,8.91121815835177,0.89821014415962086604,8.00414654665098
U-0075,hack-4,5.02096583059215,0.86691848549824742506,4.35276809359539
U-0075,hack-4-1,2,0.93766980504362671523,1.87533961008725
U-0075,hack-4-2,9.56544136223156,0.95145476093783403148,9.1010847245669
U-0075,hack-5,2.77768676572725,0.87004825816899777785,2.41672153226007
U-0075,hack-5-2,9.24698763111302,0.88750529131482059234,8.20675045133551
U-0075,hack-6,11.2180709777918,0.91224515351956091982,10.233630881329
U-0075,hack-6-2,7.77768676572725,0.98486004237194133255,7.65993291764982
U-0075,hack-7-1,14.0209658305921,0.91129661641115868468,12.7772587202351
U-0075,hack-8-1,13.5751006598946,0.91169623284285098355,12.3763681320884
U-0075,hack-9-1,7.7162300192001,0.94274100748386982961,7.27440646227798
U-0075,T-001,2.07944154167984,0.95174231709463846163,1.97909251114121
U-0075,T-002,1.38629436111989,0.92764668278086447646,1.28599136545068
U-0075,T-003,0.693147180559945,0.98110804965704563799,0.680052278444448
U-0075,T-004,1.38629436111989,0.88678083622893198171,1.22933927281335
U-0075,T-005,1.38629436111989,0.93708956482448818738,1.29908197958048
U-0075,T-006,1.38629436111989,0.95556463393326185023,1.32469386370727
U-0075,T-008,0.693147180559945,0.87122879137696980518,0.603889780365595
U-0075,T-009,1.09861228866811,0.95152651460327755622,1.0453587219367
U-0075,T-010,1.6094379124341,0.98496302511228396527,1.58523683496149
U-0075,T-011,4.69314718055995,0.95143559828134777812,4.46522729555847
U-0075,T-012,1.38629436111989,0.72835289631351650352,1.00971151306477
U-0075,T-013,0.693147180559945,0.95328916690175477811,0.660769698296291
U-0075,T-014,1.09861228866811,0.84786336036594941892,0.93147310680947
U-0075,T-015,0.693147180559945,0.67377819385841537372,0.467027455395733
U-0075,T-016,5.09861228866811,0.95188790962305856848,4.85330739343873
U-0075,T-017,1.6094379124341,0.91132835411434362092,1.46672640378779
U-0075,T-018,0.693147180559945,0.95165171480582041427,0.659634702992692
U-0075,T-019,4,0.98698407602704521113,3.94793630410818
U-0075,T-020,1.38629436111989,0.66225971452670748321,0.918086907845243
U-0075,T-026,1.6094379124341,0.86973426000975026127,1.39978329180251
U-0075,T-027,0.693147180559945,0.93703919668011842986,0.64950607725298
U-0075,T-028,1.09861228866811,0.83546746903849841654,0.917854828268138
U-0075,T-029,4.69314718055995,0.88461701569400267706,4.15163785307966
U-0075,T-030,5.6094379124341,0.72804502276214325690,4.08392335264091
U-0076,hack-10,3.10903548889591,0.79393367591801258324,2.46836797425869
U-0076,hack-10-1,5,0.82969841997968478335,4.14849209989842
U-0076,hack-12,0.693147180559945,0.95455161080035547446,0.661644757725221
U-0076,hack-14,0.415888308335967,0.95140463556191237254,0.395678064426841
U-0076,hack-15,1.10903548889591,0.57448808618323086234,0.637127675525097
U-0076,hack-2,6.51450059700408,0.95530574502169622599,6.22333984626526
U-0076,hack-2-1,2.69314718055995,0.95527279049543752877,2.57269022238842
U-0076,hack-2-2,5.75777966186898,0.78911646482981231789,4.54355873204304
U-0076,hack-3,0.693147180559945,0.91173724864943270903,0.631968103312836
U-0076,hack-3-2,6.10903548889591,0.95149190652422660743,5.81269782435373
U-0076,hack-4,1.80218266945586,0.91173817441490590624,1.64311873701187
U-0076,hack-4-1,0.693147180559945,0.90537200937623812327,0.627556055657032
U-0076,hack-4-2,1.80218266945586,0.79398526942767836938,1.4309064923658
U-0076,hack-5,1.75777966186898,0.95519155861147187618,1.67901629491617
U-0076,hack-5-2,5,0.78565773976670345814,3.92828869883352
U-0076,hack-6-1,1.10903548889591,0.91182697693095045862,1.0112484771491
U-0076,hack-6-2,0.693147180559945,0.91177382161114860843,0.631993453758134
U-0076,hack-7-1,0.415888308335967,0.95309816827643782871,0.396382384882597
U-0076,hack-8-1,2.20764777756402,0.95454344238150654867,2.10729570916184
U-0076,hack-9-1,8.21807097779183,0.90556838405000524601,7.44202525536719
U-0076,T-001,1.6094379124341,0.95339463790195696839,1.53442947575079
U-0076,T-003,0.693147180559945,0.97875697147985928766,0.678422635234655
U-0076,T-007,0.693147180559945,0.95340967703853142481,0.660853229557826
U-0076,T-008,4.69314718055995,0.82981868559767051582,3.89446122468867
U-0076,T-010,0.693147180559945,0.72340538906629900236,0.501426405833175
U-0076,T-011,0.693147180559945,0.72361125079647060524,0.501569098311029
U-0076,T-012,0.693147180559945,0.95136886517673806168,0.659438646569771
U-0076,T-013,0.693147180559945,0.56172974831399364426,0.389361391280492
U-0076,T-015,4,0.79448581317614351611,3.17794325270457
U-0076,T-016,0.693147180559945,0.69539454717919160008,0.482010769754017
U-0076,T-017,0.693147180559945,0.95348285633911374803,0.6609039535837
U-0076,T-018,0.693147180559945,0.73970149557906706100,0.512722006116605
U-0076,T-020,1.09861228866811,0.72348935190927169622,0.794834292728052
U-0076,T-026,1.09861228866811,0.71250352811870463542,0.782765131710593
U-0076,T-027,4,0.90154973010168708882,3.60619892040675
U-0076,T-028,1.09861228866811,0.91200519104420108629,1.00194011021027
U-0076,T-030,1.09861228866811,0.95325594927235253197,1.04725870011659
U-0077,hack-10-1,12.2722802588731,0.97774404642334640548,11.9991489591519
U-0077,hack-11,3.51450059700408,0.92710204454117651459,3.25830068902367
U-0077,hack-13,1.10903548889591,0.62652197772963444871,0.694835107875419
U-0077,hack-15,1.51450059700408,0.84954516218274679881,1.2866366553077
U-0077,hack-2,14.7162300192001,0.95204593682422809629,14.0105269951502
U-0077,hack-2-2,2.75742221668852,0.88774219017264463133,2.44788003787377
U-0077,hack-3,2.57510065989456,0.95488974357761626206,2.45893720881327
U-0077,hack-3-2,12.0290011940082,0.95138850504988845540,11.4442534632107
U-0077,hack-4,6.91121815835177,0.97778901965323310411,6.7577132276644
U-0077,hack-4-1,4.04546173432076,0.92464299900713964433,3.74060787039097
U-0077,hack-4-2,2.44121452910603,0.95540926896962420405,2.33235898865122
U-0077,hack-5,8.75742221668851,0.92476936060917502432,8.09859574391162
U-0077,hack-5-2,9.24698763111302,0.86365887555747609618,7.98624293978096
U-0077,hack-6,4.44121452910603,0.95193901329887701653,4.22776537668583
U-0077,hack-6-2,2.02532622077007,0.92710551547913824088,1.87769110992045
U-0077,hack-7-1,2.68449359397093,0.92708047543226954029,2.48874159739345
U-0077,hack-8-1,12.3271064666877,0.92958966892816351190,11.4591508192105
U-0077,hack-9-1,9.68413614879047,0.97435646855937459442,9.43580069898367
U-0077,T-001,4.69314718055995,0.97449301175163754330,4.57343913057757
U-0077,T-002,0.693147180559945,0.80906463583455962866,0.560800871219484
U-0077,T-003,0.693147180559945,0.83215675415717679907,0.576807107927963
U-0077,T-004,1.09861228866811,0.95552475902682373415,1.0497512423935
U-0077,T-005,0.693147180559945,0.89010670680884737708,0.61697495422205
U-0077,T-007,5.38629436111989,0.88760715555842636147,4.78091341687402
U-0077,T-008,0.693147180559945,0.73872960857829862073,0.5120483453822
U-0077,T-009,0.693147180559945,0.77592581450240797098,0.537830790646023
U-0077,T-010,1.79175946922805,0.97471141639848716518,1.74644841009668
U-0077,T-011,0.693147180559945,0.93313217158168064710,0.646797933821621
U-0077,T-012,5.09861228866811,0.97406601650729584159,4.96638496173809
U-0077,T-013,1.09861228866811,0.93001410706664437053,1.02172492665811
U-0077,T-014,0.693147180559945,0.88951729773429461046,0.616566406983828
U-0077,T-015,0.693147180559945,0.88791337073838424645,0.615454649508788
U-0077,T-017,5.09861228866811,0.97465224944714484335,4.96937393620923
U-0077,T-019,1.09861228866811,0.97481724818478257568,1.07094620806143
U-0077,T-020,1.6094379124341,0.97431246429647120948,1.56809541859584
U-0077,T-026,1.6094379124341,0.95566658560354696063,1.5380860345168
U-0077,T-027,2.07944154167984,0.95516122410605110333,1.98620192840789
U-0077,T-028,1.79175946922805,0.88898500415714889029,1.59284729920031
U-0077,T-029,1.6094379124341,0.97442607010318176478,1.56827826008823
U-0077,T-030,1.94591014905531,0.98541204054558605913,1.91752329069896
U-0078,hack-10-1,7.62091983939578,0.91055896398376484506,6.93929687356354
U-0078,hack-13,0.693147180559945,0.56062734463811773990,0.38859726328072
U-0078,hack-14,1.10903548889591,0.67325596325595656622,0.746664756361658
U-0078,hack-15,1.51450059700408,0.93418736203876409146,1.41482731752137
U-0078,hack-2,12.1134562384885,0.89219466052044428677,10.8075609764275
U-0078,hack-2-2,7.62091983939578,0.93422183761640379478,7.11962973668763
U-0078,hack-3,7.86681515076489,0.93427355336843826037,7.34975734459778
U-0078,hack-3-1,0.693147180559945,0.89219466052044428677,0.618422213450384
U-0078,hack-3-2,13.441214529106,0.93102888117175277498,12.5141589246231
U-0078,hack-4,8.91157289651577,0.88575289405944791706,7.89345148371058
U-0078,hack-4-2,2.62353608589999,0.95235709913025549711,2.49854321623126
U-0078,hack-5,7.62353608589999,0.92829552528478069026,7.07689443538801
U-0078,hack-5-1,1.51450059700408,0.81248871692111641500,1.23051464683611
U-0078,hack-5-2,4.44121452910603,0.89199215834208254089,3.96152853347751
U-0078,hack-6,1.09861228866811,0.79162442837840725933,0.869688325026386
U-0078,hack-6-2,2.45092684242892,0.91197698966396964169,2.23518888364495
U-0078,hack-7,1.09861228866811,0.93410417620991031282,1.02621832688041
U-0078,hack-7-1,4.91157289651577,0.93190597605618078366,4.57712413409861
U-0078,hack-8,1.10903548889591,0.74069686614505402896,0.82145911106885
U-0078,hack-8-1,1.79175946922805,0.95311835157160552908,1.70775883172346
U-0078,hack-9-1,7.24698763111302,0.93434176257838468608,6.77116319663789
U-0078,T-001,0.693147180559945,0.93194609946157413671,0.645975811275628
U-0078,T-002,5.6094379124341,0.80978171102233331932,4.54242023060443
U-0078,T-003,4,0.95554193681025887615,3.82216774724104
U-0078,T-004,0.693147180559945,0.67573988312754744389,0.468387194781766
U-0078,T-005,4.69314718055995,0.92896371959977044903,4.35976346148214
U-0078,T-007,4,0.90465974797257558113,3.6186389918903
U-0078,T-008,4.69314718055995,0.65825516664400653901,3.08928837942434
U-0078,T-010,0.693147180559945,0.87313042954732347575,0.605207895501821
U-0078,T-011,1.09861228866811,0.85969712732565396638,0.944473828612636
U-0078,T-013,1.09861228866811,0.93086336541775608236,1.0226579323189
U-0078,T-014,4.69314718055995,0.85980426665328030688,4.03518796987725
U-0078,T-015,4,0.92768127520437552472,3.7107251008175
U-0078,T-016,0.693147180559945,0.93091091217043627562,0.645258274123425
U-0078,T-017,4.69314718055995,0.88091507508188311942,4.13426410093329
U-0078,T-018,0.693147180559945,0.81150898292399592403,0.562495163512837
U-0078,T-019,1.38629436111989,0.95327613590877144696,1.32152133180049
U-0078,T-020,0.693147180559945,0.73444648567164448464,0.509079510815461
U-0078,T-026,1.09861228866811,0.81234565978833676727,0.89245292448967
U-0078,T-027,5.6094379124341,0.87789184688708278601,4.92447980894519
U-0078,T-028,0.693147180559945,0.73448576754855460935,0.509106738937688
U-0078,T-029,2.39789527279837,0.91056387636117937811,2.18343681470743
U-0078,T-030,0.693147180559945,0.85993786464529115832,0.596063506335623
U-0079,hack-10-1,1.09861228866811,0.83962501451904750780,0.922422358823766
U-0079,hack-11,1.51450059700408,0.95356244249157656401,1.44417088843416
U-0079,hack-12,1.10903548889591,0.88647615757208516674,0.983133518807527
U-0079,hack-15,0.693147180559945,0.58734935603263263932,0.407119550137719
U-0079,hack-2,1.10903548889591,0.85442567408245153766,0.947588395181251
U-0079,hack-2-2,1.51450059700408,0.94964591755209957815,1.43823930907514
U-0079,hack-3,1.10903548889591,0.65619014816987729371,0.727738161784261
U-0079,hack-3-1,1.10903548889591,0.88854107987069285571,0.985423590918496
U-0079,hack-3-2,4.04546173432076,0.67094852155798345206,2.71429656966191
U-0079,hack-4,1.75777966186898,0.95354229773123323301,1.67611725768377
U-0079,hack-4-2,6.51450059700408,0.85770889885960679209,5.58754513367662
U-0079,hack-5,1.51450059700408,0.83014457873661669359,1.2572544600963
U-0079,hack-5-1,5,0.52339858473636191928,2.61699292368181
U-0079,hack-5-2,6.10903548889591,0.83020340963254595415,5.07174209244761
U-0079,hack-6,2.57510065989456,0.88864244680003250335,2.28834375116508
U-0079,hack-6-2,1.10903548889591,0.66986221253088041163,0.742900966367083
U-0079,hack-7,1.10903548889591,0.82955577139154440096,0.920006790491647
U-0079,hack-7-1,1.51450059700408,0.95539960599752687677,1.44695327366071
U-0079,hack-8,5,0.56984131336164839558,2.84920656680824
U-0079,hack-8-1,8.80218266945586,0.68723455837103938553,6.04916411954471
U-0079,hack-9-1,2.26860528563497,0.88642708759575524216,2.01095317624974
U-0079,T-005,0.693147180559945,0.62677856903670588957,0.43444979796319
U-0079,T-009,5.09861228866811,0.94971296332885272920,4.84221818553589
U-0079,T-010,0.693147180559945,0.88877587132898775977,0.616052489361397
U-0079,T-012,0.693147180559945,0.79255374086962056838,0.549356390926015
U-0079,T-013,0.693147180559945,0.79254102438851599240,0.549347576532991
U-0079,T-015,4.69314718055995,0.73815563405517327692,3.46427303278048
U-0079,T-016,0.693147180559945,0.95563256396078434279,0.662394017360689
U-0079,T-018,0.693147180559945,0.95576009353993795017,0.662482414128918
U-0079,T-019,0.693147180559945,0.85814111441582603280,0.594818093979899
U-0079,T-020,0.693147180559945,0.88869554095429184929,0.615996808588663
U-0079,T-026,1.6094379124341,0.86908515223799750882,1.3987385931454
U-0079,T-029,0.693147180559945,0.78472446021239041007,0.543929547112643
U-0079,T-030,0.693147180559945,0.58669829805676997549,0.406668271137369
U-0080,hack-10-1,14.2296718894703,0.96768858742319517330,13.7698910902171
U-0080,hack-12,1.35231455376081,0.93130668099669550824,1.25941957872651
U-0080,hack-13,6.09861228866811,0.96733562504739840946,5.89940493018051
U-0080,hack-14,0.693147180559945,0.84574191031895273292,0.586223620618964
U-0080,hack-15,3.10903548889591,0.65729807129043330819,2.04356303042479
U-0080,hack-2,6.26860528563497,0.97543870468302366270,6.11464021998893
U-0080,hack-2-1,3.35231455376081,0.78135525686190347370,2.61934859923568
U-0080,hack-2-2,7.4953298500158,0.97698883515791480488,7.32285357929129
U-0080,hack-3,2.45092684242892,0.94019492135650840689,2.30434896986801
U-0080,hack-3-2,4.91121815835177,0.96772326419516966247,4.75270006737477
U-0080,hack-4,14.3271064666877,0.92925902817519901901,13.3135930317969
U-0080,hack-4-1,0.415888308335967,0.92457748620121995570,0.384520966661746
U-0080,hack-4-2,7.21807097779183,0.97531115748817561815,7.03986516018195
U-0080,hack-5,13.9112181583518,0.95378171054024172358,13.2682654507712
U-0080,hack-5-1,5.69314718055995,0.89073868889457907873,5.07110645529584
U-0080,hack-5-2,4.45092684242892,0.95372993511147917768,4.24498216861568
U-0080,hack-6,2.77768676572725,0.97057299026298910633,2.69594775022583
U-0080,hack-6-1,0.693147180559945,0.71676884406263259781,0.496826303375225
U-0080,hack-6-2,6.77698400186729,0.96720499902589095055,6.55473280492453
U-0080,hack-7,0.693147180559945,0.81121505019833337269,0.562291424872769
U-0080,hack-7-1,9.36477066676941,0.96780478538152086366,9.06326986529993
U-0080,hack-8,3.75777966186898,0.84571635388829566505,3.17801571435142
U-0080,hack-8-1,7.77768676572725,0.96727587115342816046,7.52316874187731
U-0080,hack-9-1,4.77768676572725,0.97540140387999980503,4.66016237858925
U-0080,T-001,1.09861228866811,0.84656392297266917550,0.930045528920857
U-0080,T-002,1.38629436111989,0.72165295756995501612,1.00042342576472
U-0080,T-003,1.09861228866811,0.97717461173339978269,1.0735360366248
U-0080,T-004,1.79175946922805,0.93226877462052872603,1.67040140479197
U-0080,T-005,5.09861228866811,0.80037606670162056376,4.08080724924073
U-0080,T-006,1.09861228866811,0.90364329300167855194,0.992753626264161
U-0080,T-007,0.693147180559945,0.79294892028203658795,0.549630308421546
U-0080,T-008,0.693147180559945,0.77822337374156723109,0.539423337354816
U-0080,T-009,1.38629436111989,0.86606302017910645040,1.20061828124876
U-0080,T-010,1.09861228866811,0.88927304347854741999,0.976966293546823
U-0080,T-011,1.6094379124341,0.86562309052885263939,1.39316661977551
U-0080,T-012,1.38629436111989,0.88919433267163096852,1.23268508932245
U-0080,T-014,0.693147180559945,0.93203096765017303797,0.646034637421275
U-0080,T-015,1.09861228866811,0.88809048927609571066,0.975667124967993
U-0080,T-016,0.693147180559945,0.97061503804450621953,0.672779077029633
U-0080,T-017,5.09861228866811,0.79301084092876317194,4.04325481860642
U-0080,T-018,1.09861228866811,0.97058752509256851104,1.06629938229466
U-0080,T-019,1.09861228866811,0.92461853037383316529,1.01579727979894
U-0080,T-020,0.693147180559945,0.79229080767433310745,0.549174139523026
U-0080,T-026,1.38629436111989,0.95316491562659098298,1.32136714775046
U-0080,T-027,1.94591014905531,0.85063686035448050536,1.65526289972433
U-0080,T-028,2.30258509299405,0.90619868322157247351,2.08659957927683
U-0080,T-029,4.69314718055995,0.95615297240970544449,4.48736662664862
U-0080,T-030,6.39789527279837,0.85634621758683339332,5.47881341737757
U-0081,hack-10-1,5.69314718055995,0.93395417716071773777,5.31713859047472
U-0081,hack-11,4.21807097779183,0.70691009331571612859,2.98179694852313
U-0081,hack-13,1.10903548889591,0.66022678119998825388,0.732214931070304
U-0081,hack-14,1.10903548889591,0.78799678147604106863,0.873916395792687
U-0081,hack-2,3.02900119400815,0.92370695332585090249,2.79790946453764
U-0081,hack-2-1,1.10903548889591,0.67584837045409333683,0.749539827946061
U-0081,hack-2-2,5.69314718055995,0.80114397870360929539,4.56103058357903
U-0081,hack-3,1.75777966186898,0.93591562693376904304,1.64513345424953
U-0081,hack-3-2,6.21807097779183,0.92374944101504914459,5.7439395899271
U-0081,hack-4,8.46135004265672,0.79458394014661949804,6.72325285585395
U-0081,hack-4-1,1.10903548889591,0.80112276920106371910,0.888473582006549
U-0081,hack-4-2,5.69314718055995,0.89082546656589794525,5.07160049335064
U-0081,hack-5,6.80218266945586,0.92409288663599201803,6.28584861844278
U-0081,hack-5-2,2.62353608589999,0.93432896460202437331,2.45124575473498
U-0081,hack-6,2.26860528563497,0.95370724331154401335,2.16358529312492
U-0081,hack-6-1,1.10903548889591,0.77535069342849136997,0.859891435352252
U-0081,hack-6-2,2.04546173432076,0.90558723995449381737,1.85234404641607
U-0081,hack-7-1,9.0451042891403,0.92414058182865364907,8.35894794046696
U-0081,hack-8,0.415888308335967,0.79450808627846284392,0.330426623961597
U-0081,hack-8-1,1.51450059700408,0.78796243414098128235,1.1933695769233
U-0081,hack-9,0.693147180559945,0.70577815981885687768,0.489208141579227
U-0081,hack-9-1,2.35195710858035,0.92384652777867066982,2.17284740824632
U-0081,T-001,0.693147180559945,0.89111280943826940204,0.617672331422988
U-0081,T-002,1.09861228866811,0.89084553014332128162,0.97869384672051
U-0081,T-003,4.69314718055995,0.98636212774149129956,4.62914263882109
U-0081,T-004,4,0.91006778460764772863,3.64027113843059
U-0081,T-006,0.693147180559945,0.93439022437500553835,0.64766994956831
U-0081,T-007,4,0.89078287837323746479,3.56313151349295
U-0081,T-008,0.693147180559945,0.86089739815206255638,0.596728604280495
U-0081,T-009,1.09861228866811,0.79401673164889517222,0.872316538797565
U-0081,T-010,1.09861228866811,0.93439022437500553835,1.02653258290973
U-0081,T-011,1.09861228866811,0.70564159865124110692,0.775226531673664
U-0081,T-013,1.09861228866811,0.79354282771362985868,0.871795902110634
U-0081,T-015,1.09861228866811,0.90891536793527361992,0.998545592572988
U-0081,T-016,0.693147180559945,0.90491538940995784711,0.627239550814817
U-0081,T-017,1.09861228866811,0.90886262539498392734,0.99848764897009
U-0081,T-018,1.09861228866811,0.98627165847791893030,1.08353016396892
U-0081,T-019,0.693147180559945,0.93593514902305211181,0.648740809732281
U-0081,T-026,0.693147180559945,0.92166658757931631263,0.638850596596909
U-0081,T-027,1.38629436111989,0.93202396124144143476,1.29205956189763
U-0081,T-028,0.693147180559945,0.93591787946175069970,0.648728839384555
U-0081,T-029,2.39789527279837,0.93439022437500553835,2.24056990197783
U-0081,T-030,5.79175946922805,0.95416157485426567577,5.52627433633575
U-0082,hack-10-1,6.51450059700408,0.93941107927214779266,6.11979403675065
U-0082,hack-13,1.10903548889591,0.93911216125082199386,1.0415087148809
U-0082,hack-2-2,0.693147180559945,0.59684424269717943929,0.413700904058986
U-0082,hack-3,5,0.93417625617724604315,4.67088128088623
U-0082,hack-3-2,1.51450059700408,0.54292532053096596122,0.822260722072778
U-0082,hack-4,2.04546173432076,0.93897480023579611528,1.9206370233738
U-0082,hack-4-1,1.10903548889591,0.54287523300026189417,0.602067899439928
U-0082,hack-4-2,1.10903548889591,0.92830704432023834082,1.02952545674322
U-0082,hack-5,1.51450059700408,0.71778160997752703904,1.08708067682951
U-0082,hack-5-2,0.693147180559945,0.95040037418577028076,0.658767339769984
U-0082,hack-6,3.75777966186898,0.93901246579072664809,3.52860194618983
U-0082,hack-7-1,8.10903548889591,0.90229602885525640706,7.31675051947712
U-0082,hack-8-1,0.693147180559945,0.82691413560207613558,0.573173201657743
U-0082,hack-9-1,4.35195710858035,0.95258911398577347966,4.14562696616664
U-0082,T-001,0.693147180559945,0.53149648756209896529,0.368405291831183
U-0082,T-002,1.09861228866811,0.92211725672129018812,1.01304934982694
U-0082,T-003,5.09861228866811,0.90238724112437385030,4.60092267673405
U-0082,T-005,1.09861228866811,0.57290205983540222731,0.629397243138446
U-0082,T-007,0.693147180559945,0.89486806280422473928,0.620275274705888
U-0082,T-008,4,0.75345247402190125326,3.01380989608761
U-0082,T-009,1.09861228866811,0.92859654418860646145,1.02016757466034
U-0082,T-010,0.693147180559945,0.92874405996365236759,0.643756326625602
U-0082,T-011,4.69314718055995,0.79978766298153367830,3.75352121556841
U-0082,T-013,4,0.81352099874618846553,3.25408399498475
U-0082,T-014,1.38629436111989,0.93952061554249675887,1.30245213148245
U-0082,T-016,1.09861228866811,0.80332456201754370296,0.882542235621401
U-0082,T-017,1.09861228866811,0.68828108600909672327,0.756154059147426
U-0082,T-020,5.09861228866811,0.92280424824277791339,4.70502108012577
U-0082,T-026,1.38629436111989,0.84858987838860215823,1.17639536331353
U-0082,T-027,0.693147180559945,0.54395011791143413263,0.37703749059556
U-0082,T-028,1.09861228866811,0.92840609972463518512,1.01995835003191
U-0082,T-029,1.38629436111989,0.83109867880721577463,1.15214741196463
U-0082,T-030,1.38629436111989,0.95372864203699203150,1.32214863849441
U-0083,hack-10,5,0.94077538949657036229,4.70387694748285
U-0083,hack-10-1,9.21807097779183,0.97571722973494184976,8.99423067795111
U-0083,hack-11,1.75777966186898,0.97818626282219327165,1.71943591830847
U-0083,hack-12,3.09861228866811,0.79434099768195045310,2.46135477681018
U-0083,hack-13,1.75777966186898,0.76049989910043033991,1.33679125549214
U-0083,hack-14,1.75777966186898,0.88235342425285464347,1.55098290373212
U-0083,hack-2,2.91121815835177,0.97832386595202335933,2.84811420330843
U-0083,hack-2-2,7.7794463285948,0.97828122260828038417,7.61048626555322
U-0083,hack-3,14.5654413622316,0.96702940130442967282,14.0852100402536
U-0083,hack-3-2,8.91157289651577,0.93320194127857350129,8.31629712687404
U-0083,hack-4,1.93038890534004,0.90782237733081769168,1.75245024521883
U-0083,hack-4-2,3.36477066676941,0.97431581156991873595,3.27834926294009
U-0083,hack-5,9.91157289651577,0.93324237004769430181,9.24989978084487
U-0083,hack-5-1,1.10903548889591,0.93309913032453911954,1.03484005018783
U-0083,hack-5-2,6.62353608589999,0.81115525470498749166,5.37271610080588
U-0083,hack-6,5.15449722321667,0.90792507713747358933,4.67989728899389
U-0083,hack-6-1,3.35231455376081,0.81247027469421723919,2.72365592635547
U-0083,hack-6-2,4.91121815835177,0.97311498550925562104,4.77917998699728
U-0083,hack-7-1,11.268605285635,0.93168248715718509603,10.498762199313
U-0083,hack-8,0.693147180559945,0.89892634072732208499,0.623088258606212
U-0083,hack-8-1,2.91121815835177,0.93807253582018143817,2.7309338001308
U-0083,hack-9-1,3.0451042891403,0.97818024639696370637,2.97866086385571
U-0083,T-001,5.09861228866811,0.97587066525477461062,4.97558616601872
U-0083,T-003,0.693147180559945,0.97318993416297306013,0.674563859014384
U-0083,T-004,5.38629436111989,0.97341117044813848696,5.24307909843592
U-0083,T-005,1.38629436111989,0.80946543508833244821,1.12215736818441
U-0083,T-006,1.38629436111989,0.80432192667238343363,1.11502695147101
U-0083,T-007,5.09861228866811,0.82269925483951469852,4.19462453060285
U-0083,T-008,1.38629436111989,0.97096033998021419361,1.34603684418562
U-0083,T-010,5.09861228866811,0.96926860991177489734,4.94192484551643
U-0083,T-011,0.693147180559945,0.93823560729054983943,0.650335365894393
U-0083,T-013,1.6094379124341,0.97101460880007607159,1.56278772493021
U-0083,T-014,1.79175946922805,0.97122989634162024955,1.74021036356748
U-0083,T-015,5.6094379124341,0.97440987473379658584,5.46589169358192
U-0083,T-016,0.693147180559945,0.73204240077629373462,0.507413126148421
U-0083,T-018,1.79175946922805,0.79091037173548985515,1.41712114786775
U-0083,T-019,1.38629436111989,0.93862533744977251573,1.30121101251087
U-0083,T-020,1.09861228866811,0.82244496894168257043,0.903548149632594
U-0083,T-026,1.09861228866811,0.88872384541270395809,0.976362937802774
U-0083,T-027,2.39789527279837,0.94653272710981635640,2.26968635188558
U-0083,T-028,1.79175946922805,0.90807416260289564006,1.62705047960507
U-0083,T-029,1.38629436111989,0.82256220345161712778,1.14031334431533
U-0083,T-030,1.09861228866811,0.80443292080908229089,0.883759892210038
U-0084,hack-10-1,4.68449359397093,0.97373988324061155182,4.56147824523465
U-0084,hack-12,3.75777966186898,0.97561165427728175219,3.66613363232552
U-0084,hack-14,1.10903548889591,0.90706038046024883187,1.00596215250184
U-0084,hack-15,0.693147180559945,0.69070739950079563986,0.478761886555868
U-0084,hack-2,8.15449722321667,0.97337130672269751437,7.93735361782902
U-0084,hack-2-2,8.62091983939578,0.97379995207844214044,8.3950513264757
U-0084,hack-3,13.5751006598946,0.93137945419190422791,12.6435698432128
U-0084,hack-3-1,1.10903548889591,0.88095657473842894747,0.977012105561102
U-0084,hack-3-2,2.21807097779182,0.97223398381297255103,2.15648398311848
U-0084,hack-4,3.4729509543352,0.97360396629268066755,3.3812788238807
U-0084,hack-4-1,0.693147180559945,0.76752869975940264472,0.532010354237071
U-0084,hack-4-2,5.24698763111302,0.97077658413374803110,5.09365272952393
U-0084,hack-5,11.8668151507649,0.95088037152700405399,11.2839215994016
U-0084,hack-5-2,2.75742221668852,0.97227714356977779457,2.68097859645775
U-0084,hack-6,6.7386089148807,0.97372452002916093030,6.56154873130644
U-0084,hack-6-2,9.57510065989456,0.93089508605129269787,8.91341415274234
U-0084,hack-7,6.10903548889591,0.75566012192811596818,4.61635450240227
U-0084,hack-7-1,1.51450059700408,0.84908175687529969168,1.28593482769291
U-0084,hack-8,1.75777966186898,0.92336856049501540948,1.62307847604737
U-0084,hack-8-1,2.60507752225618,0.97083655428580812252,2.5291044853546
U-0084,hack-9-1,4.44121452910603,0.97377764131560284573,4.32475540872946
U-0084,T-003,1.38629436111989,0.71622612467252848135,0.992900237920278
U-0084,T-004,4.69314718055995,0.95453402019718213310,4.47976864563696
U-0084,T-005,5.38629436111989,0.93118929759423883046,5.01565966276704
U-0084,T-006,5.6094379124341,0.82567821053301637692,4.63159065763465
U-0084,T-008,0.693147180559945,0.68365990596711684017,0.473876936282984
U-0084,T-009,1.09861228866811,0.89144775610348569157,0.979355459560901
U-0084,T-011,1.38629436111989,0.93140162146603565707,1.29119681577629
U-0084,T-013,1.6094379124341,0.92986483318556815903,1.49655971596806
U-0084,T-014,5.38629436111989,0.97584153074317099135,5.25616973438854
U-0084,T-015,1.38629436111989,0.97571862750713131206,1.35263323135278
U-0084,T-016,1.09861228866811,0.91274592234882249002,1.00275388672412
U-0084,T-017,0.693147180559945,0.63831563624806923233,0.442446683572677
U-0084,T-019,0.693147180559945,0.93142428742666777308,0.645614118734851
U-0084,T-020,5.38629436111989,0.95458354182031168279,5.1416679485246
U-0084,T-026,2.39789527279837,0.97391495842452367466,2.33534607491379
U-0084,T-027,1.79175946922805,0.97589502849433668419,1.74856915827731
U-0084,T-028,2.39789527279837,0.97604274970834011057,2.34044829557475
U-0084,T-029,6.07944154167984,0.95454346484456253447,5.80309119351504
U-0085,hack-10-1,11.2180709777918,0.85058673942065939283,9.54194241558948
U-0085,hack-14,1.10903548889591,0.94807918156979517225,1.05145345864429
U-0085,hack-2,4.21807097779183,0.80791114592381844256,3.40782655725579
U-0085,hack-2-2,4.04546173432076,0.94816589393649521454,3.83576884170812
U-0085,hack-3,6.75777966186898,0.93249171690609991641,6.30157355936932
U-0085,hack-3-1,0.693147180559945,0.76778470079353239111,0.532187800632098
U-0085,hack-3-2,4.44121452910603,0.92383851390521138258,4.10296503050355
U-0085,hack-4,1.80218266945586,0.77326356543308618648,1.39356219654515
U-0085,hack-4-2,5.51450059700408,0.94370961980807432354,5.20408726183012
U-0085,hack-5,4.26860528563497,0.86705173859313872382,3.70110163427766
U-0085,hack-5-1,5,0.84592737294917369839,4.22963686474587
U-0085,hack-5-2,0.415888308335967,0.95198563582551990131,0.395919695643616
U-0085,hack-6,0.693147180559945,0.94819860329256629870,0.65724118848312
U-0085,hack-6-2,6.10903548889591,0.88141611687552096883,5.38460233847739
U-0085,hack-7-1,5,0.77076002622720905767,3.85380013113605
U-0085,hack-8-1,1.10903548889591,0.94488798284307245229,1.04791430600424
U-0085,hack-9,5,0.77280300143055714231,3.86401500715279
U-0085,hack-9-1,0.693147180559945,0.94808678760043983041,0.657163683751381
U-0085,T-005,5.09861228866811,0.94762369946907854094,4.83156583914618
U-0085,T-006,0.693147180559945,0.75758276032735355608,0.525116354361726
U-0085,T-008,1.38629436111989,0.94772456262697181663,1.31382521706459
U-0085,T-009,0.693147180559945,0.80968773653885336846,0.56123277171587
U-0085,T-013,1.09861228866811,0.95222395065175907449,1.04612493375012
U-0085,T-015,0.693147180559945,0.95208798168003941697,0.659937100146528
U-0085,T-016,1.09861228866811,0.85036339435586578807,0.93421967487288
U-0085,T-019,0.693147180559945,0.93041797230249878024,0.644916594243778
U-0085,T-026,4,0.95512101483588153610,3.82048405934353
U-0085,T-028,1.38629436111989,0.94930860055926638079,1.31602115991793
U-0085,T-029,0.693147180559945,0.86726670423040616300,0.601143470830822
U-0085,T-030,1.09861228866811,0.94782670384879304045,1.04129406437607
U-0086,hack-10-1,1.10903548889591,0.83113638359763043545,0.921759745522379
U-0086,hack-12,3.10903548889591,0.87371140238001556762,2.71639975705249
U-0086,hack-14,1.35231455376081,0.94515891808948195143,1.27815216054923
U-0086,hack-15,1.10903548889591,0.55893842520155919834,0.619882549656123
U-0086,hack-2,5.41588830833597,0.96871305421061528971,5.2464417044317
U-0086,hack-2-1,1.10903548889591,0.73551963274339172787,0.815717375492109
U-0086,hack-2-2,9.02532622077007,0.89064866952918396022,8.03839479059572
U-0086,hack-3,4.02532622077007,0.96884207030111209566,3.89990538936822
U-0086,hack-3-2,5.41588830833597,0.97256320962185910127,5.26729371610873
U-0086,hack-4,7.44121452910603,0.94643742471407300248,7.04264391567206
U-0086,hack-4-1,1.51450059700408,0.77508904317201569385,1.17387281861534
U-0086,hack-4-2,4.44121452910603,0.96910843509800420573,4.30401846223647
U-0086,hack-5,3.75777966186898,0.97748411449766987474,3.67316992525935
U-0086,hack-5-1,1.80218266945586,0.88330879834618058774,1.59188380815737
U-0086,hack-5-2,1.51450059700408,0.97505617440570646750,1.47672315824995
U-0086,hack-6,5.80218266945586,0.97542443108837827848,5.65959072942483
U-0086,hack-6-2,8.51450059700408,0.96893222440310363757,8.24997400313671
U-0086,hack-7,1.10903548889591,0.87379435066958236213,0.969068944889327
U-0086,hack-7-1,1.93038890534004,0.86425013313918457383,1.66833886845054
U-0086,hack-8-1,13.268605285635,0.96895606279928903440,12.8566955364067
U-0086,hack-9,0.693147180559945,0.62980923236561615828,0.43655049370485
U-0086,hack-9-1,2.44121452910603,0.97254292353063634250,2.37418591510225
U-0086,T-002,4.69314718055995,0.90627922423905741497,4.25330178603759
U-0086,T-003,4,0.89141471741940254804,3.56565886967761
U-0086,T-006,4.69314718055995,0.95540819564188924803,4.4838712796606
U-0086,T-007,0.693147180559945,0.94757171073156066289,0.656806659671945
U-0086,T-008,1.09861228866811,0.95198540746908703325,1.04586286727826
U-0086,T-009,1.09861228866811,0.79417306541217555017,0.872488288991039
U-0086,T-010,1.09861228866811,0.90632696948710027238,0.995701946229855
U-0086,T-011,0.693147180559945,0.77486427880488412682,0.537094990170221
U-0086,T-012,5.09861228866811,0.97536494828817441052,4.97300771127822
U-0086,T-013,1.09861228866811,0.95181901358276681775,1.04568006490999
U-0086,T-014,4.69314718055995,0.79415607550683932803,3.72709134668947
U-0086,T-015,1.6094379124341,0.97544529898734417760,1.56991864569585
U-0086,T-018,0.693147180559945,0.77543888770044132649,0.537493278706101
U-0086,T-019,1.6094379124341,0.90645082802272454386,1.45887632837706
U-0086,T-020,1.09861228866811,0.67599465824387872729,0.742656038620724
U-0086,T-026,1.94591014905531,0.97526010024784436920,1.89776852704098
U-0086,T-027,1.94591014905531,0.97845705255883094024,1.90398950898898
U-0086,T-028,0.693147180559945,0.90656282428208290452,0.628381465651587
U-0086,T-029,2.39789527279837,0.97790060821553831891,2.34490324570669
U-0087,hack-10,1.09861228866811,0.93517277751728733133,1.02739230540838
U-0087,hack-10-1,7.7794463285948,0.97454006260971446632,7.58138211213769
U-0087,hack-11,1.10903548889591,0.75759147240622262001,0.840195828983409
U-0087,hack-12,1.10903548889591,0.97842089040858418212,1.08510349054026
U-0087,hack-13,1.10903548889591,0.90248036967597568537,1.00088275800256
U-0087,hack-2,7.88883926267117,0.97461407850436614812,7.68857380845733
U-0087,hack-2-1,1.51450059700408,0.93531433460484719424,1.41653411814551
U-0087,hack-2-2,11.8668151507649,0.97478767303908386726,11.567625127199
U-0087,hack-3,9.15449722321667,0.97452259255115380213,8.92126436747145
U-0087,hack-3-2,6.75742221668852,0.97470321778198045681,6.58648117851774
U-0087,hack-4,6.21807097779183,0.95316862815552375665,5.92687018367551
U-0087,hack-4-2,12.3271064666877,0.93524955582276330025,11.5289208475496
U-0087,hack-5,7.47013118242723,0.93054074321142316162,6.95126142238267
U-0087,hack-5-2,9.56544136223156,0.97832905653253608679,9.3581492232293
U-0087,hack-6,12.7162300192001,0.97847662286086754641,12.4425338047089
U-0087,hack-6-1,0.693147180559945,0.64572904099037074374,0.447585264168153
U-0087,hack-6-2,11.9112181583518,0.95480299257926696324,11.3728667428588
U-0087,hack-7,1.10903548889591,0.88831699483569964850,0.985175072662158
U-0087,hack-7-1,8.27228025887305,0.82643892785510225852,6.83653442805997
U-0087,hack-8,0.693147180559945,0.72161799261478784781,0.500187477022268
U-0087,hack-8-1,9.1134562384885,0.93163100701082896268,8.49037841281216
U-0087,hack-9-1,2.26860528563497,0.97835809708276506182,2.21950835028573
U-0087,T-001,4.69314718055995,0.65946494229551645752,3.09496603461233
U-0087,T-002,1.09861228866811,0.95573419778034301158,1.04998133438184
U-0087,T-003,5.38629436111989,0.95545948831008135474,5.14638605416309
U-0087,T-004,0.693147180559945,0.90821970641994189811,0.629529928833964
U-0087,T-006,0.693147180559945,0.73919274713973731129,0.512369368570269
U-0087,T-007,4.69314718055995,0.94737323248679706329,4.44616201498337
U-0087,T-008,5.6094379124341,0.90888872284776214032,5.09835486012605
U-0087,T-009,0.693147180559945,0.93071045211062941473,0.645119325798155
U-0087,T-011,1.09861228866811,0.95563299329033648149,1.04987014988545
U-0087,T-012,0.693147180559945,0.79406045524170280560,0.550400765744933
U-0087,T-013,0.693147180559945,0.97481831438118856299,0.675692566171519
U-0087,T-014,5.09861228866811,0.90825565251301068968,4.63084343115511
U-0087,T-016,1.09861228866811,0.97714250618042689555,1.07350076506977
U-0087,T-017,0.693147180559945,0.85675392611365519264,0.593856568319344
U-0087,T-018,1.6094379124341,0.97719267810348459550,1.57273094389276
U-0087,T-019,0.693147180559945,0.79403752220763102556,0.550384869777024
U-0087,T-020,0.693147180559945,0.71509048021821766698,0.495662950208515
U-0087,T-026,1.09861228866811,0.84113293396821559494,0.924078977660943
U-0087,T-027,5.38629436111989,0.97482728716095874762,5.25070671990087
U-0087,T-028,6.39789527279837,0.90183441375204970824,5.76984213259113
U-0087,T-029,2.07944154167984,0.90271029621772182027,1.87713329005724
U-0087,T-030,6.19722457733622,0.95270451103349830495,5.90412381071588
U-0088,hack-10-1,3.10903548889591,0.84502618528770559800,2.62721639910581
U-0088,hack-2,1.10903548889591,0.97330501916721312501,1.07942980777696
U-0088,hack-2-1,5,0.52940615406388719589,2.64703077031944
U-0088,hack-2-2,1.10903548889591,0.97364195264852566544,1.07980347896513
U-0088,hack-3,0.693147180559945,0.97337816036432595824,0.674694327475159
U-0088,hack-4,4.04546173432076,0.97334093835657379184,3.93761352056938
U-0088,hack-4-2,5,0.62566498402665857906,3.12832492013329
U-0088,hack-5,1.51450059700408,0.97362242514833426594,1.47455174414371
U-0088,hack-5-2,5.75777966186898,0.77282813971280869527,4.44977414495845
U-0088,hack-6,8.04546173432076,0.71532754430375925492,5.75514038520153
U-0088,hack-7,1.10903548889591,0.93359852158700466689,1.03539389282074
U-0088,hack-7-1,8.21807097779183,0.71545112921307682238,5.87962816101438
U-0088,hack-8-1,1.75777966186898,0.97800326312445073589,1.71911424516165
U-0088,T-001,0.693147180559945,0.97423784916497225353,0.675290218343486
U-0088,T-002,0.693147180559945,0.63051793634152993875,0.437041729867607
U-0088,T-003,0.693147180559945,0.77297902213312885757,0.535788229823562
U-0088,T-008,0.693147180559945,0.53421723309431962782,0.370291168925863
U-0088,T-009,1.09861228866811,0.76810260302340876672,0.84384695863948
U-0088,T-010,0.693147180559945,0.73970558569566838738,0.512724841169396
U-0088,T-011,1.09861228866811,0.97830930761943962302,1.07478262746911
U-0088,T-012,0.693147180559945,0.97815784286278708562,0.678007350922939
U-0088,T-013,0.693147180559945,0.61164810708144166626,0.423962160918329
U-0088,T-015,4,0.75653970169837810933,3.02615880679351
U-0088,T-019,1.38629436111989,0.95415472128453976825,1.32273930975268
U-0088,T-026,2.07944154167984,0.75830606805171002981,1.57685313921462
U-0088,T-027,1.09861228866811,0.77295979848892857348,0.849183133266363
U-0088,T-028,1.09861228866811,0.94996947666855414858,1.04364814092769
U-0088,T-029,1.94591014905531,0.72282701881769267248,1.40655643192874
U-0088,T-030,0.693147180559945,0.73979282527448765601,0.512785311037487
U-0089,hack-10-1,6.62353608589999,0.95534615393170002921,6.32776972509238
U-0089,hack-14,1.10903548889591,0.89298418510711341529,0.990351152306585
U-0089,hack-2,8.75777966186898,0.86424829345817848982,7.56889612725301
U-0089,hack-2-2,8.60507752225618,0.95612396403400189700,8.22752083139946
U-0089,hack-3,11.441214529106,0.97728510597160287506,11.1813285535212
U-0089,hack-3-2,5.80218266945586,0.95095048003060169455,5.51758839474429
U-0089,hack-4,9.46135004265672,0.96699075804125216887,9.14903804984226
U-0089,hack-4-1,0.693147180559945,0.86212091855919404470,0.597576684001056
U-0089,hack-4-2,5.27228025887305,0.95621908345739705077,5.04145499687012
U-0089,hack-5,4.77768676572725,0.97351568668268852163,4.65115301249176
U-0089,hack-5-1,1.10903548889591,0.97352844320647380617,1.07967759296557
U-0089,hack-5-2,4.77768676572725,0.95381575122788677334,4.55703289158367
U-0089,hack-6,7.26860528563497,0.95595752781033035515,6.9484779394847
U-0089,hack-6-1,0.415888308335967,0.81865763954256681649,0.340470140815674
U-0089,hack-6-2,4.57510065989456,0.98008800416331926638,4.48400127460234
U-0089,hack-7-1,2.857102837442,0.94857068949881914508,2.71016400848139
U-0089,hack-8,1.35231455376081,0.81858189544601934858,1.10698021065676
U-0089,hack-8-1,2.62353608589999,0.95100642793471877051,2.49499968160958
U-0089,hack-9,0.415888308335967,0.75476055634613828492,0.313896090977509
U-0089,hack-9-1,9.77768676572725,0.97523102282293092415,9.53550346538242
U-0089,T-001,0.693147180559945,0.91037277096426068352,0.631022319452422
U-0089,T-002,1.79175946922805,0.94907834255607222284,1.70052010731411
U-0089,T-003,1.09861228866811,0.84962630058272895574,0.933409894595811
U-0089,T-004,4.69314718055995,0.83120033225095083422,3.90094549578404
U-0089,T-005,5.38629436111989,0.97755332617932253251,5.26538996849368
U-0089,T-006,1.09861228866811,0.92560088041354773003,1.01687650162435
U-0089,T-007,1.09861228866811,0.97764351860156524243,1.07405118347241
U-0089,T-008,1.38629436111989,0.95137220766136688375,1.31888192680713
U-0089,T-009,4.69314718055995,0.83067012071477810408,3.89845713500795
U-0089,T-010,1.38629436111989,0.92573678009778022897,1.28334367813084
U-0089,T-011,0.693147180559945,0.92569271571930947034,0.641641295965718
U-0089,T-012,1.09861228866811,0.73996533670957419808,0.812935012097574
U-0089,T-014,1.38629436111989,0.95569647664292051429,1.32487663651223
U-0089,T-015,0.693147180559945,0.98052396186979929823,0.679647419641519
U-0089,T-016,0.693147180559945,0.98058872979301024895,0.679692313344883
U-0089,T-017,1.38629436111989,0.95540874776295627276,1.3244777595884
U-0089,T-018,1.38629436111989,0.97737479586700562133,1.35492916821113
U-0089,T-019,0.693147180559945,0.97723497425180811516,0.677367667147212
U-0089,T-020,2.07944154167984,0.97840173880199436186,2.03452922011665
U-0089,T-026,2.30258509299405,0.98033754852910268984,2.25731062534544
U-0089,T-027,2.39789527279837,0.92327987166479609935,2.2139284397349
U-0089,T-028,2.07944154167984,0.96740924821355125596,2.01167097854052
U-0089,T-029,1.79175946922805,0.95224882794522972539,1.70620085453218
U-0089,T-030,1.6094379124341,0.77616398351512523494,1.24918774133512
U-0090,hack-10-1,9.39777628808157,0.97426990174843668075,9.15597058084302
U-0090,hack-11,1.51450059700408,0.76742751711586890115,1.16226943282934
U-0090,hack-12,5,0.89078520427122275338,4.45392602135611
U-0090,hack-13,6.10903548889591,0.67607344988454564196,4.13015669844498
U-0090,hack-14,0.693147180559945,0.82441964865032484908,0.571444155060193
U-0090,hack-2,3.75777966186898,0.93207435716387562689,3.50253006270001
U-0090,hack-2-1,1.75777966186898,0.70202189431108411471,1.23399980800676
U-0090,hack-2-2,6.51450059700408,0.90776917022509251789,5.91366280137326
U-0090,hack-3,7.15449722321667,0.94579652003141826837,6.76669857629277
U-0090,hack-3-2,9.77768676572725,0.97858139040899000734,9.56826231018895
U-0090,hack-4,12.0451042891403,0.84775923924645822642,10.2113484488058
U-0090,hack-4-2,9.15449722321667,0.88768570426777331003,8.12631631480846
U-0090,hack-5,2.57510065989456,0.96493834975907612973,2.48481338122216
U-0090,hack-5-2,7.45092684242892,0.97858139040899000734,7.29133834929976
U-0090,hack-6,9.55025001800195,0.97858139040899000734,9.34569694136983
U-0090,hack-6-2,3.02096583059215,0.88774505201191568597,2.68184746840524
U-0090,hack-7,1.10903548889591,0.80006298079445011303,0.887298239052894
U-0090,hack-7-1,1.10903548889591,0.73840913249041565604,0.818921933256715
U-0090,hack-8-1,9.27228025887305,0.88765318338683583694,8.23056908904358
U-0090,hack-9,1.10903548889591,0.60747394323167308252,0.673710161623466
U-0090,hack-9-1,7.02096583059215,0.97858139040899000734,6.87058650451487
U-0090,T-001,5.09861228866811,0.78826404982450013066,4.01905277115049
U-0090,T-003,0.693147180559945,0.57287672163641844389,0.397087884410708
U-0090,T-004,4,0.67605327175193084805,2.70421308700772
U-0090,T-006,1.09861228866811,0.91044038440033291378,1.00022099440192
U-0090,T-008,4.69314718055995,0.91136372110034432699,4.2771640781467
U-0090,T-009,1.38629436111989,0.97467687940460990460,1.35118906183254
U-0090,T-010,1.09861228866811,0.86935738638462777665,0.955086707926542
U-0090,T-012,5.09861228866811,0.97432565830570535079,4.96770877460212
U-0090,T-013,5.09861228866811,0.90337274379935018516,4.60594737278319
U-0090,T-015,0.693147180559945,0.73775780571681496409,0.511374742968702
U-0090,T-016,1.09861228866811,0.93383643034633209268,1.02592417798444
U-0090,T-017,0.693147180559945,0.85832612347194603496,0.594946332485527
U-0090,T-018,1.09861228866811,0.67595361568793935500,0.742610948764411
U-0090,T-020,4.69314718055995,0.95252395311830169096,4.47033510499297
U-0090,T-026,1.09861228866811,0.65364498148574175740,0.718102409086475
U-0090,T-027,1.79175946922805,0.86477422930241170698,1.54946741409699
U-0090,T-028,5.6094379124341,0.96897057160070779005,5.43538026036995
U-0090,T-029,1.79175946922805,0.96520675053275360540,1.7294183350299
U-0090,T-030,5.38629436111989,0.94946014015209472709,5.11407179900933
U-0091,hack-10-1,2.91157289651577,0.97644521498531479243,2.84299142288376
U-0091,hack-11,1.51450059700408,0.96828533699757729728,1.46646872095312
U-0091,hack-13,1.10903548889591,0.97522742413004573781,1.08156182310477
U-0091,hack-14,1.09861228866811,0.91213478666395825329,1.00208248555069
U-0091,hack-2,3.93038890534004,0.93357472146232981109,3.66931172754146
U-0091,hack-2-2,7.02096583059215,0.95186701801752716172,6.6830258087687
U-0091,hack-3,5.24698763111302,0.97420823532528267540,5.1116585608802
U-0091,hack-3-1,0.693147180559945,0.90434869240932792526,0.626846746386599
U-0091,hack-3-2,5.32710646668774,0.95176342332206427348,5.07014508713583
U-0091,hack-4,5.02096583059215,0.97905077152110891972,4.91578047022237
U-0091,hack-4-1,0.415888308335967,0.96824313121490768232,0.402680997898888
U-0091,hack-4-2,6.75742221668852,0.91216600910724118225,6.16389085524937
U-0091,hack-5,8.91157289651577,0.97894919230130605556,8.72397708917833
U-0091,hack-5-1,1.10903548889591,0.92946580408374701153,1.03081056244405
U-0091,hack-5-2,4.26860528563497,0.96438888990688325372,4.11659551286416
U-0091,hack-6,4.02532622077007,0.97318186129101419446,3.91737446383254
U-0091,hack-6-2,7.47013118242723,0.95871227959587691323,7.16170649478506
U-0091,hack-7-1,10.1134562384885,0.95859127737422785404,9.69467093432105
U-0091,hack-8,1.10903548889591,0.70221994549185988635,0.778786840561026
U-0091,hack-8-1,6.75777966186898,0.88785375413236156525,5.99992004238969
U-0091,hack-9,1.10903548889591,0.93016940161071516887,1.03159087707136
U-0091,hack-9-1,7.36477066676941,0.97623425368815242301,7.18974139545803
U-0091,T-001,0.693147180559945,0.96463263133269043679,0.668632388684375
U-0091,T-003,1.6094379124341,0.97833983570860243480,1.57457722283397
U-0091,T-004,1.09861228866811,0.93347393485581888879,1.02552593598398
U-0091,T-005,0.693147180559945,0.97837280108683377915,0.678156348609875
U-0091,T-006,0.693147180559945,0.97858139040899000734,0.678300931710422
U-0091,T-007,0.693147180559945,0.92317378736975978677,0.639895307882195
U-0091,T-008,1.09861228866811,0.95271522367251300359,1.04666465232781
U-0091,T-010,1.6094379124341,0.84870231623831571957,1.36593368412458
U-0091,T-011,5.09861228866811,0.88943046173459795034,4.53486108211577
U-0091,T-013,0.693147180559945,0.88934436433931276109,0.616446538688671
U-0091,T-014,5.09861228866811,0.95291167398270040736,4.8585271709835
U-0091,T-015,5.09861228866811,0.93146082163283857224,4.74915759159009
U-0091,T-016,0.693147180559945,0.80731187087789467618,0.559585947131587
U-0091,T-017,1.38629436111989,0.96475207421918642810,1.33743036036878
U-0091,T-018,1.38629436111989,0.73494727317638075535,1.01885326052486
U-0091,T-020,1.38629436111989,0.82315305321382342280,1.14113243600894
U-0091,T-026,1.38629436111989,0.96328005623166917592,1.33538971013321
U-0091,T-027,2.07944154167984,0.97427701522171509147,2.02595209855587
U-0091,T-028,1.38629436111989,0.82319069559580762221,1.14118461943083
U-0091,T-029,1.94591014905531,0.79690969325818370672,1.55071465999166
U-0091,T-030,2.30258509299405,0.82544903553767041736,1.90066664425535
U-0092,hack-10,1.51450059700408,0.80710847578595337109,1.22236626842488
U-0092,hack-10-1,5,0.86977017218750716271,4.34885086093754
U-0092,hack-2,1.51450059700408,0.82342394151021570529,1.24707605100467
U-0092,hack-3,5.10903548889591,0.81124835688698380503,4.1446966456441
U-0092,hack-3-1,1.10903548889591,0.80705840356155613524,0.895056411161445
U-0092,hack-3-2,3.10903548889591,0.54805282328819706038,1.7039156773926
U-0092,hack-4,1.10903548889591,0.86673645793404191163,0.961241491368792
U-0092,hack-4-2,10.1090354888959,0.94749124392962935798,9.57822261030276
U-0092,hack-5,5.10903548889591,0.75768521741520285302,3.87104066518609
U-0092,hack-5-2,1.10903548889591,0.97066998737744943985,1.07650746400774
U-0092,hack-6-2,1.09861228866811,0.94077700539741017169,1.03354917902598
U-0092,hack-7,1.10903548889591,0.97164188350743997807,1.07758533130742
U-0092,hack-7-1,0.693147180559945,0.82857113546203827719,0.574321746438864
U-0092,hack-9-1,1.93038890534004,0.97169930861245193574,1.87575756467207
U-0092,T-002,1.38629436111989,0.97789594893644746962,1.35565163977258
U-0092,T-003,1.09861228866811,0.73668580140005432234,0.809332074305414
U-0092,T-005,0.693147180559945,0.82883485137055953800,0.574504540377325
U-0092,T-007,1.09861228866811,0.82230883247774742676,0.903398588440379
U-0092,T-008,0.693147180559945,0.75024585677965911463,0.520030800353601
U-0092,T-009,4,0.58401695175848350791,2.33606780703393
U-0092,T-011,0.693147180559945,0.82870630708285937290,0.574415440266728
U-0092,T-019,1.09861228866811,0.86212341492096196683,0.947139377980684
U-0092,T-027,1.6094379124341,0.89331276382861798069,1.43773142976707
U-0092,T-030,1.6094379124341,0.97780311840226466335,1.57371340965289
U-0093,hack-10,2.21807097779182,0.87677994170275081345,1.94476014260088
U-0093,hack-10-1,14.6455601978063,0.95318928170353170493,13.9599910050928
U-0093,hack-11,1.10903548889591,0.86343100659158988276,0.957575628523194
U-0093,hack-12,0.693147180559945,0.64506721148948649684,0.447126518915604
U-0093,hack-14,1.51450059700408,0.97658215352192935244,1.47903425453249
U-0093,hack-2,3.16288732479668,0.92715961247053617354,2.93250138634646
U-0093,hack-2-2,11.4509268424289,0.97589299526521528830,11.1748792948208
U-0093,hack-3,14.3635580202588,0.93305749486129519812,13.4020254636776
U-0093,hack-3-2,7.93686488727529,0.97576486679376523057,7.74451390949229
U-0093,hack-4,9.88883926267117,0.94591015652308742688,9.35395349478494
U-0093,hack-4-1,2.35195710858035,0.93439022437500553835,2.19764573040678
U-0093,hack-4-2,12.0451042891403,0.88395280628933724118,10.6473037384333
U-0093,hack-5,14.3647706667694,0.97299113848369064510,13.9767945651171
U-0093,hack-5-1,3.10903548889591,0.78810997096548971749,2.45026186888443
U-0093,hack-5-2,7.13436170966598,0.95331771196826222886,6.80131338141275
U-0093,hack-6,7.57877563313265,0.97585124075860517695,7.39575760502358
U-0093,hack-6-1,3.10903548889591,0.69948387118839726228,2.17472017943502
U-0093,hack-6-2,8.36477066676941,0.97582749367995968947,8.16257319496124
U-0093,hack-7,1.10903548889591,0.74157275434693735128,0.822430502169044
U-0093,hack-7-1,13.9593055586612,0.94767370699329906592,13.2288668458287
U-0093,hack-8,1.75777966186898,0.94789649366939237598,1.66619317812897
U-0093,hack-8-1,7.77768676572725,0.97301065332245380894,7.56777208125767
U-0093,hack-9,1.10903548889591,0.88947281067847538430,0.986456913450424
U-0093,hack-9-1,2.62353608589999,0.91207659697994290836,2.39286586528174
U-0093,T-001,1.09861228866811,0.97674617297485281351,1.07306534853972
U-0093,T-002,1.09861228866811,0.81302654180439772187,0.893200949839648
U-0093,T-004,1.09861228866811,0.91231882740344723860,1.00228467496871
U-0093,T-005,0.693147180559945,0.86934989585584170354,0.602587429232559
U-0093,T-007,0.693147180559945,0.65875423554569114588,0.456613641050418
U-0093,T-008,4.69314718055995,0.97691962477837227778,4.5848275826623
U-0093,T-010,4,0.77613874419764022534,3.10455497679056
U-0093,T-011,1.09861228866811,0.67483639430546235919,0.741383555624459
U-0093,T-012,0.693147180559945,0.83013496394455777496,0.575405709742402
U-0093,T-013,0.693147180559945,0.95172429902261360845,0.659685014537915
U-0093,T-014,1.6094379124341,0.95342071095470012459,1.53447143871037
U-0093,T-015,0.693147180559945,0.67470448850634978929,0.467669513919316
U-0093,T-016,1.38629436111989,0.93466367530085823739,1.29571898261317
U-0093,T-017,0.693147180559945,0.67474634911321692961,0.467698529480943
U-0093,T-018,1.38629436111989,0.79485507938931900623,1.10190311446492
U-0093,T-019,0.693147180559945,0.90652101654472669242,0.628352486736313
U-0093,T-020,4,0.60096425590605724143,2.40385702362423
U-0093,T-026,1.79175946922805,0.97666781629670444976,1.74995380813991
U-0093,T-027,1.38629436111989,0.93338042478459874316,1.29394001965858
U-0093,T-028,1.79175946922805,0.88990058749162310352,1.59448780430973
U-0093,T-029,2.39789527279837,0.97704503080523079062,2.342851660679
U-0093,T-030,0.693147180559945,0.79306000597279680121,0.549707307154897
U-0094,hack-10,1.10903548889591,0.88257648427956247128,0.97880864273102
U-0094,hack-10-1,5.02096583059215,0.84300412376315149145,4.23269490046306
U-0094,hack-11,1.10903548889591,0.76555879481412143130,0.849031872285245
U-0094,hack-12,3.51450059700408,0.76750105624389315947,2.69738292037042
U-0094,hack-2,9.15449722321667,0.96911131796405390105,8.87172686928978
U-0094,hack-2-1,3.75777966186898,0.97464660792254075200,3.66250720076091
U-0094,hack-2-2,9.21807097779183,0.92847235904187502175,8.55872410656582
U-0094,hack-3,12.4448895023441,0.97468466180508684368,12.129842915794
U-0094,hack-3-2,7.57510065989456,0.97453063093871733550,7.38216762551134
U-0094,hack-4,7.0451042891403,0.95507972152939089696,6.72863624261763
U-0094,hack-4-2,9.91157289651577,0.90711879907198399516,8.99097410280181
U-0094,hack-5,3.37764077453088,0.95500565683316146051,3.22566604642733
U-0094,hack-5-1,0.693147180559945,0.98581280091102214524,0.683313363511378
U-0094,hack-5-2,5.36477066676941,0.93451596226302357651,5.01346382197646
U-0094,hack-6,7.37764077453088,0.88393608671434054211,6.52136291542298
U-0094,hack-6-1,1.75777966186898,0.80612556082036272075,1.41699111572276
U-0094,hack-6-2,7.51555932373795,0.95499770722325265194,7.17734192267008
U-0094,hack-7-1,3.47013118242723,0.96930985310143987620,3.36363234668127
U-0094,hack-8-1,7.60507752225618,0.96915744913390099355,7.37051753193537
U-0094,hack-9,3.10903548889591,0.96923779517774110728,3.01339470238682
U-0094,hack-9-1,13.441214529106,0.95528892146626951194,12.8402433307065
U-0094,T-002,4.69314718055995,0.94855426180285801297,4.4517047593882
U-0094,T-003,5.09861228866811,0.94379433188700670841,4.8120413785344
U-0094,T-004,5.38629436111989,0.94864253972363786029,5.10966796243188
U-0094,T-005,1.6094379124341,0.94393063097381981403,1.51919774419711
U-0094,T-007,5.79175946922805,0.88367191681428673450,5.11801519190005
U-0094,T-008,0.693147180559945,0.86555049121282975833,0.599953882616449
U-0094,T-009,1.38629436111989,0.95105177943234284962,1.31843771896009
U-0094,T-010,1.6094379124341,0.87758298023116750896,1.41241531969095
U-0094,T-011,1.09861228866811,0.58803721268738875422,0.646024908052508
U-0094,T-012,4,0.66941421409819159060,2.67765685639277
U-0094,T-013,1.09861228866811,0.73339844472638146394,0.805720543866482
U-0094,T-014,1.09861228866811,0.95514635197295518675,1.049335519754
U-0094,T-015,1.38629436111989,0.87011317407116036145,1.20623298675098
U-0094,T-016,5.09861228866811,0.95542531486480494653,4.87134325127429
U-0094,T-017,4.69314718055995,0.95533206270969284247,4.48351397660451
U-0094,T-019,5.6094379124341,0.94913316378508962414,5.32410355288461
U-0094,T-026,1.94591014905531,0.94900195040173256916,1.84667252676002
U-0094,T-027,1.94591014905531,0.94892708822434125967,1.84652685168925
U-0094,T-028,1.38629436111989,0.98584443629655186196,1.36667058297933
U-0094,T-029,1.94591014905531,0.93419364749127348550,1.81785689983627
U-0094,T-030,1.09861228866811,0.97621578473467289679,1.07248265750129
U-0095,hack-10,3.10903548889591,0.93376738680184499678,2.90311594394053
U-0095,hack-10-1,8.75742221668851,0.92889927781450844709,8.13476317259869
U-0095,hack-11,1.10903548889591,0.85437205837458719655,0.947528933458467
U-0095,hack-12,1.51450059700408,0.93359412656598176650,1.41392886204368
U-0095,hack-13,1.10903548889591,0.65977306508073647860,0.731711743792169
U-0095,hack-15,0.693147180559945,0.62991754948591415429,0.436625573411391
U-0095,hack-2,6.93038890534004,0.95245878601050126057,6.60090980336082
U-0095,hack-2-1,0.693147180559945,0.82141016010355776165,0.569358136559074
U-0095,hack-2-2,1.80218266945586,0.93366503263456789727,1.68263494089096
U-0095,hack-3,8.21807097779183,0.97896039194051820007,8.04516598541408
U-0095,hack-3-2,13.6235360859,0.85432887780868832069,11.6389802960531
U-0095,hack-4,9.57510065989456,0.92101008752497120992,8.8187642968299
U-0095,hack-4-2,3.35231455376081,0.95254158564427349491,3.1932190206177
U-0095,hack-5,6.57510065989456,0.87049593495131095192,5.7235983963339
U-0095,hack-5-1,1.75777966186898,0.86830236059327525597,1.52628422980368
U-0095,hack-5-2,11.3519571085804,0.90995958603776280777,10.3298221912422
U-0095,hack-6,3.0451042891403,0.85438302521503572655,2.60168541465097
U-0095,hack-6-2,2.95930555866124,0.88709695654169879850,2.62519095456532
U-0095,hack-7-1,2.44121452910603,0.93364029504275497051,2.27921625321722
U-0095,hack-8,3.35231455376081,0.97671461014881399325,3.27425460247269
U-0095,hack-8-1,3.51450059700408,0.84783159169651676612,2.97970463517633
U-0095,hack-9-1,1.6094379124341,0.97889232850994872849,1.57546642569481
U-0095,T-001,0.693147180559945,0.98443193847685117299,0.682356222608391
U-0095,T-002,0.693147180559945,0.60959429413972898279,0.422538566268383
U-0095,T-003,1.38629436111989,0.63963856346004270923,0.886727333679484
U-0095,T-004,4.69314718055995,0.67302043994103275114,3.15858398016847
U-0095,T-006,1.09861228866811,0.93073390095039931016,1.02251570106412
U-0095,T-007,5.38629436111989,0.91117976630743434399,4.90788243722827
U-0095,T-008,1.38629436111989,0.95256986072368402819,1.320542226494
U-0095,T-009,0.693147180559945,0.92930451357593520592,0.644144803466791
U-0095,T-010,0.693147180559945,0.82949299204414892048,0.574960728729635
U-0095,T-011,1.38629436111989,0.95285342211395006306,1.32093532605036
U-0095,T-013,1.09861228866811,0.88256959285354555040,0.969601800313715
U-0095,T-015,1.6094379124341,0.93351965802256447696,1.50244192962403
U-0095,T-016,0.693147180559945,0.79078660233132650549,0.548131503830538
U-0095,T-017,1.38629436111989,0.95281239857819192221,1.32087845535407
U-0095,T-018,0.693147180559945,0.95089129301992689915,0.659107618775763
U-0095,T-020,5.79175946922805,0.90295441375951803132,5.22969477617296
U-0095,T-026,2.30258509299405,0.95275046734185991394,2.19378902344448
U-0095,T-027,2.07944154167984,0.97016626087410767726,2.01740402519782
U-0095,T-028,2.07944154167984,0.98464502805642207097,2.04751177514903
U-0095,T-029,5.09861228866811,0.86134890186902566484,4.3916840959002
U-0095,T-030,2.39789527279837,0.95832779712554996704,2.29796969451863
U-0096,hack-10,1.51450059700408,0.93299341379826771394,1.41301908219835
U-0096,hack-10-1,7.36477066676941,0.91282624875257544736,6.72275598067012
U-0096,hack-11,1.10903548889591,0.65808007783598958023,0.729834160855497
U-0096,hack-12,1.10903548889591,0.89114325844013806315,0.988309499300455
U-0096,hack-2,2.45092684242892,0.93321418876464957897,2.28723970497881
U-0096,hack-2-1,0.415888308335967,0.81277716787076799695,0.338024521399872
U-0096,hack-2-2,6.91157289651577,0.90250417594967513586,6.23772340148608
U-0096,hack-3,2.45092684242892,0.93309671215759960893,2.28695177840923
U-0096,hack-3-1,0.693147180559945,0.79097705422432644839,0.548263515023203
U-0096,hack-3-2,6.21807097779183,0.93296571980546742855,5.80124706559704
U-0096,hack-4,4.21807097779183,0.83173620162487677257,3.5083223332527
U-0096,hack-4-2,1.10903548889591,0.98346556909615463926,1.09069821823485
U-0096,hack-5,7.91157289651577,0.89517496191154345797,7.08224196629891
U-0096,hack-5-2,11.0454617343208,0.93291407644721527552,10.3044667328069
U-0096,hack-6,2.62353608589999,0.89180289305810016747,2.33967707144793
U-0096,hack-6-2,7.24698763111302,0.90634198188839999792,6.5682491323037
U-0096,hack-7,2.04546173432076,0.88912932517676760990,1.81868001151151
U-0096,hack-7-1,6.75742221668852,0.91067672491658138654,6.15382713317244
U-0096,hack-8-1,1.75777966186898,0.93308523399735633132,1.64015824711081
U-0096,hack-9,2.21807097779182,0.85760408078047215838,1.902226722015
U-0096,hack-9-1,4.86681515076489,0.91290265715107344853,4.44292848299637
U-0096,T-001,5.09861228866811,0.88319491248688115568,4.50306843409477
U-0096,T-002,0.693147180559945,0.88334868043338913014,0.612290647293752
U-0096,T-003,1.38629436111989,0.88849944151968753600,1.23172176563691
U-0096,T-004,5.09861228866811,0.80591562905054894315,4.10905132990682
U-0096,T-005,1.09861228866811,0.91142348879391590984,1.00130104496976
U-0096,T-006,0.693147180559945,0.90251769141376050795,0.625577593208919
U-0096,T-007,1.09861228866811,0.80901755849038739949,0.888796631505811
U-0096,T-008,0.693147180559945,0.86859486987730780800,0.602064085104288
U-0096,T-009,1.09861228866811,0.86156571581879587218,0.946526682893666
U-0096,T-010,0.693147180559945,0.86573593385928942411,0.600082421663998
U-0096,T-011,5.09861228866811,0.98368914135215220138,5.01544954432747
U-0096,T-015,5.09861228866811,0.80434621888216244045,4.10104951593632
U-0096,T-017,0.693147180559945,0.53605364055697159939,0.371564069580959
U-0096,T-018,5.09861228866811,0.91091614760431008412,4.64440826412155
U-0096,T-019,4.69314718055995,0.91071617783392626023,4.27412506229162
U-0096,T-026,1.79175946922805,0.93361007197265591328,1.67280468702369
U-0096,T-027,5.94591014905531,0.91174502662028812852,5.42115400713228
U-0096,T-028,5.94591014905531,0.93357552934491855427,5.55095621484164
U-0096,T-029,1.6094379124341,0.87045352164252707290,1.40094089874326
U-0096,T-030,6.39789527279837,0.98352237793570886627,6.29247317248628
U-0097,hack-10,1.10903548889591,0.95539639984697107589,1.05956851339368
U-0097,hack-10-1,10.1544972232167,0.97694959979625192891,9.92043199835368
U-0097,hack-11,0.693147180559945,0.67478734886242179720,0.467726948341508
U-0097,hack-12,3.10903548889591,0.67551624519874477103,2.10020397964861
U-0097,hack-13,0.693147180559945,0.97343851041500725894,0.674736158942635
U-0097,hack-15,1.10903548889591,0.91022007636993036436,1.0094663673998
U-0097,hack-2,3.0451042891403,0.97703581735586204421,2.97517595807403
U-0097,hack-2-1,1.09861228866811,0.97341169835202332992,1.06940205374283
U-0097,hack-2-2,9.93686488727529,0.97710653110038313693,9.70937558001876
U-0097,hack-3,5.55025001800195,0.79315044582817410970,4.40218327623608
U-0097,hack-3-1,1.10903548889591,0.62885930333448665666,0.697427284920305
U-0097,hack-3-2,8.0451042891403,0.95535654422381231658,7.68594303159324
U-0097,hack-4,3.56544136223156,0.95219284794644147851,3.39498776488931
U-0097,hack-4-2,4.26860528563497,0.97713353978838286164,4.1709973927119
U-0097,hack-5,3.1134562384885,0.97628810218716795543,3.03963028231674
U-0097,hack-5-2,5.64556019780627,0.97720357150002191882,5.51686158841466
U-0097,hack-6,6.75742221668852,0.93395301404747568812,6.31111484646761
U-0097,hack-6-1,0.693147180559945,0.79136593271087762357,0.548533065049736
U-0097,hack-6-2,12.8888392626712,0.90930181302118126567,11.7198449092855
U-0097,hack-7,1.51450059700408,0.63198261846014266645,0.957138052954086
U-0097,hack-7-1,7.98132967056753,0.95213097403920938472,7.5992711933655
U-0097,hack-8,2.45092684242892,0.97653116266656653255,2.39340643904781
U-0097,hack-8-1,7.24698763111302,0.91293816286813946459,6.61605157427645
U-0097,hack-9,0.693147180559945,0.90938011506371651382,0.630334262813694
U-0097,hack-9-1,3.36355802025883,0.95210958646321643957,3.20247583571367
U-0097,T-001,4,0.63002624578274631818,2.52010498313099
U-0097,T-002,1.38629436111989,0.97680095951916132133,1.35413366211791
U-0097,T-003,1.09861228866811,0.66046857450840160788,0.725598892234039
U-0097,T-004,1.79175946922805,0.87118101223809805435,1.56094682808929
U-0097,T-005,5.09861228866811,0.95550819250029038039,4.87176581220503
U-0097,T-006,1.38629436111989,0.90444719953332572993,1.25383005264373
U-0097,T-007,1.09861228866811,0.82784155905857206402,0.909476909851914
U-0097,T-008,0.693147180559945,0.87158940193141700022,0.604139736554691
U-0097,T-009,1.38629436111989,0.93209006299975400492,1.29215119839244
U-0097,T-010,1.79175946922805,0.97985359492868665084,1.75566195717063
U-0097,T-012,1.38629436111989,0.90457975146557148479,1.25401380863995
U-0097,T-013,4.69314718055995,0.94427706485728646691,4.43163124460239
U-0097,T-014,0.693147180559945,0.62768470411148132318,0.435077882935477
U-0097,T-015,1.09861228866811,0.85062437067540730542,0.93450638666458
U-0097,T-017,1.38629436111989,0.90418021958236120466,1.25345993984317
U-0097,T-018,1.38629436111989,0.73206891946528845767,1.01486301500586
U-0097,T-020,4.69314718055995,0.97660663559397757911,4.58335867835401
U-0097,T-026,5.6094379124341,0.83096545066176269557,4.66124910286498
U-0097,T-027,5.09861228866811,0.91162627795207820140,4.64802894343924
U-0097,T-028,1.09861228866811,0.77102599552515976425,0.847058633566503
U-0097,T-029,2.39789527279837,0.97642021604078760227,2.34135342030897
U-0097,T-030,1.38629436111989,0.97713684187988623697,1.35459929394058
U-0098,hack-10-1,1.80218266945586,0.91267463412565196286,1.64480640847322
U-0098,hack-13,3.35231455376081,0.82824340682110432236,2.77653242674282
U-0098,hack-15,1.10903548889591,0.82651000597713010645,0.91662892855621
U-0098,hack-2,2.04546173432076,0.82657410529642239006,1.69072570296425
U-0098,hack-2-2,1.75777966186898,0.82540332864546139162,1.45087718393195
U-0098,hack-3,5.51450059700408,0.91171488939472653668,5.02765230186473
U-0098,hack-4,1.35231455376081,0.87095931952014389902,1.1778109635207
U-0098,hack-4-2,0.693147180559945,0.83033275213706310327,0.575542806070385
U-0098,hack-5,1.80218266945586,0.90995665526183498505,1.6399081140689
U-0098,hack-5-2,8.62353608589999,0.84209407209150972834,7.2618286184036
U-0098,hack-6,3.10903548889591,0.79803413029728907883,2.48111643244446
U-0098,hack-6-2,1.75777966186898,0.92682988116015371221,1.62916271511576
U-0098,hack-7,5,0.77413015622517058574,3.87065078112585
U-0098,hack-7-1,7.75777966186898,0.84946071361142434037,6.58992904761141
U-0098,hack-8-1,3.10903548889591,0.84949706014817101238,2.64111650771341
U-0098,hack-9,1.10903548889591,0.84936712843707133422,0.941978288538325
U-0098,T-003,0.693147180559945,0.97704178964058981138,0.677233761778618
U-0098,T-005,4,0.84988515430784417031,3.39954061723138
U-0098,T-007,0.693147180559945,0.91278129699380540982,0.632691782479106
U-0098,T-009,1.09861228866811,0.74042959551455219357,0.813445052525845
U-0098,T-010,0.693147180559945,0.80833789686089752785,0.560297134148887
U-0098,T-012,1.09861228866811,0.80825013903376186359,0.887953535060199
U-0098,T-013,0.693147180559945,0.91067462494901961240,0.631231548690899
U-0098,T-014,0.693147180559945,0.91294485466044170747,0.632805152014594
U-0098,T-015,1.09861228866811,0.92544664854457419575,1.01670706059779
U-0098,T-016,0.693147180559945,0.74028189917161373464,0.513124311230366
U-0098,T-017,1.09861228866811,0.93419144907700176453,1.02631420592466
U-0098,T-026,1.09861228866811,0.61345286075417824062,0.673946851343147
U-0098,T-027,0.693147180559945,0.97690149318269093492,0.677136515684383
U-0098,T-028,1.6094379124341,0.92697562894473569986,1.4919097211261
U-0098,T-029,1.38629436111989,0.91023799827420616468,1.26185780428459
U-0098,T-030,0.693147180559945,0.79820999836459990420,0.553277009861181
U-0099,hack-10-1,9.7794463285948,0.97679946903289954966,9.55255798120714
U-0099,hack-13,3.51450059700408,0.79369957077665827195,2.78945761533645
U-0099,hack-14,1.51450059700408,0.91220080753565244427,1.38152866760035
U-0099,hack-15,1.93038890534004,0.93279685214348823248,1.80066069431391
U-0099,hack-2,9.77768676572725,0.97451763768508514663,9.52852820896124
U-0099,hack-2-2,7.55025001800195,0.97685249684450776436,7.37548058188549
U-0099,hack-3,9.62353608589999,0.97442773364072878950,9.3774404577933
U-0099,hack-3-1,2.04546173432076,0.93015199566747390322,1.9025903142399
U-0099,hack-3-2,8.93686488727529,0.95523939160438754028,8.53684537777147
U-0099,hack-4,7.75742221668852,0.97828223974811602328,7.58894838081384
U-0099,hack-4-1,2.04546173432076,0.92474111148137408769,1.8915225576884
U-0099,hack-4-2,14.8366324364774,0.92745440234972442127,13.7603000692557
U-0099,hack-5,12.0451042891403,0.93672058192977708640,11.2828970991284
U-0099,hack-5-2,6.91157289651577,0.93266116307963504695,6.44615561637408
U-0099,hack-6,3.15449722321667,0.93008789005132358498,2.93395966651435
U-0099,hack-6-1,3.75777966186898,0.97670204119812587031,3.67023106612023
U-0099,hack-6-2,2.04546173432076,0.97673573498003176427,1.99787557044531
U-0099,hack-7-1,3.7794463285948,0.97676446703004842756,3.69162887881857
U-0099,hack-8,1.51450059700408,0.93015852982276868723,1.40872564872502
U-0099,hack-8-1,3.47013118242723,0.92476410995314356893,3.20905277433797
U-0099,hack-9-1,2.60507752225618,0.97151679791296768976,2.53087657273737
U-0099,T-001,1.38629436111989,0.90966220834249522474,1.26105958994907
U-0099,T-002,1.09861228866811,0.94976832486742417670,1.04342715308708
U-0099,T-003,0.693147180559945,0.78447922723393516547,0.543759564565047
U-0099,T-005,1.6094379124341,0.93285005263151077959,1.5013642413213
U-0099,T-006,1.38629436111989,0.97153082726695793725,1.34682770749433
U-0099,T-007,1.09861228866811,0.86438534377234460012,0.949624360812906
U-0099,T-009,0.693147180559945,0.75896069888043884094,0.526071468584782
U-0099,T-010,1.79175946922805,0.95560117461537720977,1.71220745342255
U-0099,T-011,1.38629436111989,0.91075476590161605416,1.26257419633248
U-0099,T-012,0.693147180559945,0.87124721906347605477,0.603902553464541
U-0099,T-013,1.38629436111989,0.87109415998738413865,1.20759292199498
U-0099,T-014,1.38629436111989,0.95572997790124310514,1.32492307911773
U-0099,T-015,0.693147180559945,0.97158824580842382101,0.673453653247292
U-0099,T-016,1.09861228866811,0.86345059033435150347,0.948597429199052
U-0099,T-017,0.693147180559945,0.97830918596734946070,0.678112253969164
U-0099,T-018,1.38629436111989,0.97829636679962278270,1.35620673679839
U-0099,T-019,0.693147180559945,0.78844151463486575160,0.54650601290557
U-0099,T-020,0.693147180559945,0.83036657773431375811,0.57556625218775
U-0099,T-026,2.30258509299405,0.78474485846506834194,1.80694181290539
U-0099,T-027,1.79175946922805,0.84837699682347415848,1.52008751753372
U-0099,T-028,1.6094379124341,0.83152551074986720260,1.33828868215697
U-0099,T-029,1.94591014905531,0.93685360466780980028,1.82303293750215
U-0099,T-030,1.79175946922805,0.92444031595126907963,1.65637468984186
U-0100,hack-10,1.75777966186898,0.89201314272185590193,1.56796256039631
U-0100,hack-10-1,3.02900119400815,0.96637826685028843109,2.92716092415305
U-0100,hack-11,0.693147180559945,0.87163032543460116787,0.604168102565541
U-0100,hack-12,1.10903548889591,0.74936435606091267545,0.831071664985185
U-0100,hack-13,0.693147180559945,0.89205894363060772519,0.618328141670839
U-0100,hack-2,12.4448895023441,0.92330892749740041798,11.490477579233
U-0100,hack-2-2,5.62091983939578,0.95289223710096835409,5.35613088032706
U-0100,hack-3,2.91121815835177,0.93370063650250698896,2.7182062474507
U-0100,hack-3-2,5.1134562384885,0.96630435960016160642,4.94115505587608
U-0100,hack-4,9.91157289651577,0.89054045563666095509,8.82665664333914
U-0100,hack-4-2,9.02096583059215,0.96642685231763111714,8.71810361252407
U-0100,hack-5,4.91157289651577,0.97392956674195179819,4.78352606312512
U-0100,hack-5-2,6.35231455376081,0.93381075551721627417,5.93185965273039
U-0100,hack-6,5.24698763111302,0.96651601817323881047,5.07129759262759
U-0100,hack-6-1,5,0.93202473737476531703,4.66012368687383
U-0100,hack-6-2,4.57510065989456,0.96647595713343976803,4.42172478925343
U-0100,hack-7,1.10903548889591,0.97387852062582343019,1.08006584124749
U-0100,hack-7-1,7.02096583059215,0.96989190418875578356,6.80957791867721
U-0100,hack-8,1.80218266945586,0.82962802763708594860,1.4951412535024
U-0100,hack-8-1,9.36477066676941,0.93368290880451346098,8.74372631643644
U-0100,hack-9,5,0.96676561310132820435,4.83382806550664
U-0100,hack-9-1,14.4448895023441,0.95297970975882376413,13.7656866054422
U-0100,T-001,5.09861228866811,0.95323586222429697674,4.86018008113594
U-0100,T-003,1.09861228866811,0.95345307227011573367,1.04747526186431
U-0100,T-004,0.693147180559945,0.53740238597248683281,0.372498948663017
U-0100,T-005,0.693147180559945,0.69400691032339834124,0.481048933179782
U-0100,T-007,1.09861228866811,0.96669700983398980383,1.06202521442234
U-0100,T-008,1.09861228866811,0.78921023231213014009,0.86703605956072
U-0100,T-009,1.09861228866811,0.75672547284546368365,0.831347903616212
U-0100,T-012,1.6094379124341,0.97578387206324739751,1.57046355804034
U-0100,T-013,1.6094379124341,0.97808491950813477332,1.57416695103645
U-0100,T-014,0.693147180559945,0.92231270693709397468,0.639298452408058
U-0100,T-015,1.38629436111989,0.95338678226745579938,1.32167472022361
U-0100,T-016,1.09861228866811,0.77664403772324764141,0.853230683763579
U-0100,T-018,0.693147180559945,0.77592539681217256696,0.537830501125214
U-0100,T-020,1.79175946922805,0.85659393657388362151,1.53481029713959
U-0100,T-026,1.79175946922805,0.78852215369643413775,1.41284203558169
U-0100,T-027,1.6094379124341,0.57518465231169544493,0.925723986080669
U-0100,T-028,2.39789527279837,0.86836278335040007176,2.08224301326996
U-0100,T-029,2.07944154167984,0.88733940955954198166,1.84517042980777
U-0100,T-030,0.693147180559945,0.66839787522082560612,0.463298102701573